timestamp,temperature,rh,voltage,interval,location,sensor_type,sensor_MAC,download_time,software_version
,,,,5,Lectern,DHT22,58BF25DB81A1,2023-04-11T13:32Z,heathack_sensor_box.ino  12:31:44  Sep  9 2022
2023-03-27T21:04Z,13,81,3.43
2023-03-27T21:09Z,14,81
2023-03-27T21:14Z,14,73
2023-03-27T21:19Z,13,77
2023-03-27T21:24Z,12,78
2023-03-27T21:29Z,12,79
2023-03-27T21:34Z,11,79
2023-03-27T21:39Z,11,79
2023-03-27T21:44Z,11,80
2023-03-27T21:49Z,11,80
2023-03-27T21:54Z,11,80
2023-03-27T21:59Z,11,80
2023-03-27T22:04Z,11,80
2023-03-27T22:09Z,11,80
2023-03-27T22:14Z,11,80
2023-03-27T22:19Z,11,80
2023-03-27T22:24Z,11,80
2023-03-27T22:29Z,11,80
2023-03-27T22:34Z,11,80
2023-03-27T22:39Z,11,80
2023-03-27T22:44Z,11,81
2023-03-27T22:49Z,11,81
2023-03-27T22:54Z,11,80
2023-03-27T22:59Z,10,81
2023-03-27T23:04Z,10,80
2023-03-27T23:09Z,10,81
2023-03-27T23:14Z,10,81
2023-03-27T23:19Z,10,81
2023-03-27T23:24Z,10,81
2023-03-27T23:29Z,10,81
2023-03-27T23:34Z,10,81
2023-03-27T23:39Z,10,81
2023-03-27T23:44Z,10,81
2023-03-27T23:49Z,10,81
2023-03-27T23:54Z,10,81
2023-03-27T23:59Z,10,81
2023-03-28T00:04Z,10,81
2023-03-28T00:09Z,10,81
2023-03-28T00:14Z,10,81
2023-03-28T00:19Z,10,81
2023-03-28T00:24Z,10,81
2023-03-28T00:29Z,10,81
2023-03-28T00:34Z,10,81
2023-03-28T00:39Z,10,81
2023-03-28T00:44Z,10,81
2023-03-28T00:49Z,10,81
2023-03-28T00:54Z,10,81
2023-03-28T00:59Z,10,81
2023-03-28T01:04Z,10,81
2023-03-28T01:09Z,10,81
2023-03-28T01:14Z,10,81
2023-03-28T01:19Z,10,81
2023-03-28T01:24Z,10,81
2023-03-28T01:29Z,10,81
2023-03-28T01:34Z,10,81
2023-03-28T01:39Z,10,81
2023-03-28T01:44Z,10,81
2023-03-28T01:49Z,10,81
2023-03-28T01:54Z,10,81
2023-03-28T01:59Z,10,81
2023-03-28T02:04Z,10,81
2023-03-28T02:09Z,10,81
2023-03-28T02:14Z,10,81
2023-03-28T02:19Z,10,81
2023-03-28T02:24Z,10,81
2023-03-28T02:29Z,10,81
2023-03-28T02:34Z,10,81
2023-03-28T02:39Z,10,81
2023-03-28T02:44Z,10,81
2023-03-28T02:49Z,10,81
2023-03-28T02:54Z,10,81
2023-03-28T02:59Z,9,81
2023-03-28T03:04Z,10,81
2023-03-28T03:09Z,10,81
2023-03-28T03:14Z,9,81
2023-03-28T03:19Z,9,81
2023-03-28T03:24Z,9,81
2023-03-28T03:29Z,9,81
2023-03-28T03:34Z,9,81
2023-03-28T03:39Z,9,81
2023-03-28T03:44Z,9,81
2023-03-28T03:49Z,9,81
2023-03-28T03:54Z,9,81
2023-03-28T03:59Z,9,81
2023-03-28T04:04Z,9,81
2023-03-28T04:09Z,9,81
2023-03-28T04:14Z,9,81
2023-03-28T04:19Z,9,81
2023-03-28T04:24Z,9,81
2023-03-28T04:29Z,9,81
2023-03-28T04:34Z,9,81
2023-03-28T04:39Z,9,81
2023-03-28T04:44Z,9,81
2023-03-28T04:49Z,9,81
2023-03-28T04:54Z,9,81
2023-03-28T04:59Z,9,81
2023-03-28T05:04Z,9,81
2023-03-28T05:09Z,9,81
2023-03-28T05:14Z,9,81
2023-03-28T05:19Z,9,81
2023-03-28T05:24Z,9,81
2023-03-28T05:29Z,9,81
2023-03-28T05:34Z,9,81
2023-03-28T05:39Z,9,81
2023-03-28T05:44Z,9,81
2023-03-28T05:49Z,9,81
2023-03-28T05:54Z,9,81
2023-03-28T05:59Z,9,81
2023-03-28T06:04Z,9,81
2023-03-28T06:09Z,9,81
2023-03-28T06:14Z,9,81
2023-03-28T06:19Z,9,81
2023-03-28T06:24Z,9,81
2023-03-28T06:29Z,9,81
2023-03-28T06:34Z,9,81
2023-03-28T06:39Z,9,81
2023-03-28T06:44Z,9,81
2023-03-28T06:49Z,9,81
2023-03-28T06:54Z,9,81
2023-03-28T06:59Z,9,81
2023-03-28T07:04Z,9,81
2023-03-28T07:09Z,9,81
2023-03-28T07:14Z,9,81
2023-03-28T07:19Z,9,81
2023-03-28T07:24Z,9,81
2023-03-28T07:29Z,9,81
2023-03-28T07:34Z,9,81
2023-03-28T07:39Z,9,81
2023-03-28T07:44Z,9,81
2023-03-28T07:49Z,9,81
2023-03-28T07:54Z,9,81
2023-03-28T07:59Z,9,81
2023-03-28T08:04Z,9,81
2023-03-28T08:09Z,9,81
2023-03-28T08:14Z,9,81
2023-03-28T08:19Z,9,81
2023-03-28T08:24Z,9,81
2023-03-28T08:29Z,9,81
2023-03-28T08:34Z,9,81
2023-03-28T08:39Z,9,81
2023-03-28T08:44Z,9,81
2023-03-28T08:49Z,9,81
2023-03-28T08:54Z,9,81
2023-03-28T08:59Z,9,81
2023-03-28T09:04Z,9,81
2023-03-28T09:09Z,9,81
2023-03-28T09:14Z,9,81
2023-03-28T09:19Z,9,82
2023-03-28T09:24Z,9,82
2023-03-28T09:29Z,10,82
2023-03-28T09:34Z,10,82
2023-03-28T09:39Z,11,82
2023-03-28T09:44Z,11,81
2023-03-28T09:49Z,11,81
2023-03-28T09:54Z,12,81
2023-03-28T09:59Z,12,81
2023-03-28T10:04Z,12,80
2023-03-28T10:09Z,13,80
2023-03-28T10:14Z,13,79
2023-03-28T10:19Z,13,78
2023-03-28T10:24Z,13,77
2023-03-28T10:29Z,13,77
2023-03-28T10:34Z,13,76
2023-03-28T10:39Z,14,76
2023-03-28T10:44Z,14,76
2023-03-28T10:49Z,14,76
2023-03-28T10:54Z,14,75
2023-03-28T10:59Z,14,76
2023-03-28T11:04Z,14,76
2023-03-28T11:09Z,14,76
2023-03-28T11:14Z,14,77
2023-03-28T11:19Z,14,77
2023-03-28T11:24Z,15,78
2023-03-28T11:29Z,15,78
2023-03-28T11:34Z,15,78
2023-03-28T11:39Z,15,78
2023-03-28T11:44Z,15,79
2023-03-28T11:49Z,15,79
2023-03-28T11:54Z,15,81
2023-03-28T11:59Z,15,82
2023-03-28T12:04Z,16,81
2023-03-28T12:09Z,16,81
2023-03-28T12:14Z,16,81
2023-03-28T12:19Z,16,80
2023-03-28T12:24Z,16,81
2023-03-28T12:29Z,16,81
2023-03-28T12:34Z,17,81
2023-03-28T12:39Z,17,81
2023-03-28T12:44Z,17,80
2023-03-28T12:49Z,17,81
2023-03-28T12:54Z,17,80
2023-03-28T12:59Z,17,80
2023-03-28T13:04Z,17,81
2023-03-28T13:09Z,17,81
2023-03-28T13:14Z,17,81
2023-03-28T13:19Z,17,80
2023-03-28T13:24Z,17,80
2023-03-28T13:29Z,17,80
2023-03-28T13:34Z,17,80
2023-03-28T13:39Z,17,81
2023-03-28T13:44Z,17,81
2023-03-28T13:49Z,17,81
2023-03-28T13:54Z,16,81
2023-03-28T13:59Z,16,80
2023-03-28T14:04Z,16,80
2023-03-28T14:09Z,16,80
2023-03-28T14:14Z,16,80
2023-03-28T14:19Z,16,80
2023-03-28T14:24Z,15,82
2023-03-28T14:29Z,15,82
2023-03-28T14:34Z,15,82
2023-03-28T14:39Z,15,82
2023-03-28T14:44Z,15,82
2023-03-28T14:49Z,15,82
2023-03-28T14:54Z,15,82
2023-03-28T14:59Z,15,82
2023-03-28T15:04Z,15,82
2023-03-28T15:09Z,15,83
2023-03-28T15:14Z,14,83
2023-03-28T15:19Z,14,83
2023-03-28T15:24Z,14,83
2023-03-28T15:29Z,14,83
2023-03-28T15:34Z,14,83
2023-03-28T15:39Z,14,83
2023-03-28T15:44Z,14,83
2023-03-28T15:49Z,14,83
2023-03-28T15:54Z,14,83
2023-03-28T15:59Z,14,83
2023-03-28T16:04Z,14,83
2023-03-28T16:09Z,14,83
2023-03-28T16:14Z,14,83
2023-03-28T16:19Z,14,83
2023-03-28T16:24Z,14,83
2023-03-28T16:29Z,14,83
2023-03-28T16:34Z,14,83
2023-03-28T16:39Z,14,83
2023-03-28T16:44Z,14,83
2023-03-28T16:49Z,14,83
2023-03-28T16:54Z,14,83
2023-03-28T16:59Z,14,83
2023-03-28T17:04Z,14,83
2023-03-28T17:09Z,14,83
2023-03-28T17:14Z,14,83
2023-03-28T17:19Z,14,83
2023-03-28T17:24Z,14,83
2023-03-28T17:29Z,14,83
2023-03-28T17:34Z,14,83
2023-03-28T17:39Z,14,83
2023-03-28T17:44Z,13,83
2023-03-28T17:49Z,14,83
2023-03-28T17:54Z,13,83
2023-03-28T17:59Z,13,83
2023-03-28T18:04Z,13,83
2023-03-28T18:09Z,13,83
2023-03-28T18:14Z,13,83
2023-03-28T18:19Z,13,84
2023-03-28T18:24Z,14,84
2023-03-28T18:29Z,14,84
2023-03-28T18:34Z,14,84
2023-03-28T18:39Z,15,83
2023-03-28T18:44Z,15,83
2023-03-28T18:49Z,15,83
2023-03-28T18:54Z,15,82
2023-03-28T18:59Z,16,81
2023-03-28T19:04Z,16,80
2023-03-28T19:09Z,16,80
2023-03-28T19:14Z,16,80
2023-03-28T19:19Z,16,80
2023-03-28T19:24Z,16,80
2023-03-28T19:29Z,17,79
2023-03-28T19:34Z,17,79
2023-03-28T19:39Z,17,79
2023-03-28T19:44Z,17,79
2023-03-28T19:49Z,17,78
2023-03-28T19:54Z,17,78
2023-03-28T19:59Z,17,78
2023-03-28T20:04Z,17,78
2023-03-28T20:09Z,17,77
2023-03-28T20:14Z,17,77
2023-03-28T20:19Z,17,77
2023-03-28T20:24Z,18,77
2023-03-28T20:29Z,18,77
2023-03-28T20:34Z,18,77
2023-03-28T20:39Z,18,77
2023-03-28T20:44Z,18,76
2023-03-28T20:49Z,18,76
2023-03-28T20:54Z,18,76
2023-03-28T20:59Z,18,75
2023-03-28T21:04Z,18,75
2023-03-28T21:09Z,18,75
2023-03-28T21:14Z,18,75
2023-03-28T21:19Z,18,75
2023-03-28T21:24Z,19,75
2023-03-28T21:29Z,19,74
2023-03-28T21:34Z,19,74
2023-03-28T21:39Z,19,74
2023-03-28T21:44Z,19,74
2023-03-28T21:49Z,19,74
2023-03-28T21:54Z,19,74
2023-03-28T21:59Z,19,74
2023-03-28T22:04Z,19,73
2023-03-28T22:09Z,19,73
2023-03-28T22:14Z,19,73
2023-03-28T22:19Z,19,74
2023-03-28T22:24Z,18,74
2023-03-28T22:29Z,18,74
2023-03-28T22:34Z,18,75
2023-03-28T22:39Z,18,75
2023-03-28T22:44Z,18,76
2023-03-28T22:49Z,17,76
2023-03-28T22:54Z,17,76
2023-03-28T22:59Z,17,76
2023-03-28T23:04Z,17,76
2023-03-28T23:09Z,17,77
2023-03-28T23:14Z,17,77
2023-03-28T23:19Z,17,77
2023-03-28T23:24Z,17,77
2023-03-28T23:29Z,17,77
2023-03-28T23:34Z,17,77
2023-03-28T23:39Z,16,77
2023-03-28T23:44Z,16,77
2023-03-28T23:49Z,16,78
2023-03-28T23:54Z,16,78
2023-03-28T23:59Z,16,78
2023-03-29T00:04Z,16,78
2023-03-29T00:09Z,16,78
2023-03-29T00:14Z,16,78
2023-03-29T00:19Z,16,78
2023-03-29T00:24Z,16,78
2023-03-29T00:29Z,16,78
2023-03-29T00:34Z,16,78
2023-03-29T00:39Z,16,79
2023-03-29T00:44Z,16,78
2023-03-29T00:49Z,16,78
2023-03-29T00:54Z,15,80
2023-03-29T00:59Z,15,80
2023-03-29T01:04Z,15,80
2023-03-29T01:09Z,15,80
2023-03-29T01:14Z,15,80
2023-03-29T01:19Z,15,80
2023-03-29T01:24Z,15,80
2023-03-29T01:29Z,15,80
2023-03-29T01:34Z,15,80
2023-03-29T01:39Z,15,80
2023-03-29T01:44Z,15,80
2023-03-29T01:49Z,15,80
2023-03-29T01:54Z,15,80
2023-03-29T01:59Z,15,80
2023-03-29T02:04Z,15,80
2023-03-29T02:09Z,15,80
2023-03-29T02:14Z,15,80
2023-03-29T02:19Z,15,80
2023-03-29T02:24Z,15,80
2023-03-29T02:29Z,15,80
2023-03-29T02:34Z,15,80
2023-03-29T02:39Z,15,80
2023-03-29T02:44Z,15,80
2023-03-29T02:49Z,15,80
2023-03-29T02:54Z,15,80
2023-03-29T02:59Z,15,80
2023-03-29T03:04Z,15,80
2023-03-29T03:09Z,15,80
2023-03-29T03:14Z,15,80
2023-03-29T03:19Z,14,80
2023-03-29T03:24Z,14,80
2023-03-29T03:29Z,15,80
2023-03-29T03:34Z,14,80
2023-03-29T03:39Z,14,80
2023-03-29T03:44Z,14,80
2023-03-29T03:49Z,14,80
2023-03-29T03:54Z,14,80
2023-03-29T03:59Z,14,80
2023-03-29T04:04Z,14,80
2023-03-29T04:09Z,14,80
2023-03-29T04:14Z,14,80
2023-03-29T04:19Z,14,80
2023-03-29T04:24Z,14,80
2023-03-29T04:29Z,14,80
2023-03-29T04:34Z,14,81
2023-03-29T04:39Z,14,80
2023-03-29T04:44Z,14,80
2023-03-29T04:49Z,14,80
2023-03-29T04:54Z,14,80
2023-03-29T04:59Z,14,80
2023-03-29T05:04Z,14,80
2023-03-29T05:09Z,14,80
2023-03-29T05:14Z,14,80
2023-03-29T05:19Z,14,80
2023-03-29T05:24Z,14,80
2023-03-29T05:29Z,14,80
2023-03-29T05:34Z,14,80
2023-03-29T05:39Z,14,80
2023-03-29T05:44Z,14,80
2023-03-29T05:49Z,14,80
2023-03-29T05:54Z,14,80
2023-03-29T05:59Z,14,80
2023-03-29T06:04Z,14,80
2023-03-29T06:09Z,14,80
2023-03-29T06:14Z,14,81
2023-03-29T06:19Z,14,80
2023-03-29T06:24Z,14,80
2023-03-29T06:29Z,14,80
2023-03-29T06:34Z,14,80
2023-03-29T06:39Z,14,80
2023-03-29T06:44Z,14,81
2023-03-29T06:49Z,14,80
2023-03-29T06:54Z,14,80
2023-03-29T06:59Z,14,80
2023-03-29T07:04Z,14,80
2023-03-29T07:09Z,14,80
2023-03-29T07:14Z,14,80
2023-03-29T07:19Z,14,80
2023-03-29T07:24Z,14,80
2023-03-29T07:29Z,14,80
2023-03-29T07:34Z,14,80
2023-03-29T07:39Z,14,80
2023-03-29T07:44Z,14,80
2023-03-29T07:49Z,14,80
2023-03-29T07:54Z,14,80
2023-03-29T07:59Z,14,80
2023-03-29T08:04Z,14,80
2023-03-29T08:09Z,14,80
2023-03-29T08:14Z,14,80
2023-03-29T08:19Z,14,80
2023-03-29T08:24Z,14,80
2023-03-29T08:29Z,14,81
2023-03-29T08:34Z,14,80
2023-03-29T08:39Z,14,80
2023-03-29T08:44Z,14,81
2023-03-29T08:49Z,14,80
2023-03-29T08:54Z,14,80
2023-03-29T08:59Z,14,80
2023-03-29T09:04Z,14,80
2023-03-29T09:09Z,14,80
2023-03-29T09:14Z,14,80
2023-03-29T09:19Z,14,81
2023-03-29T09:24Z,14,80
2023-03-29T09:29Z,14,81
2023-03-29T09:34Z,14,81
2023-03-29T09:39Z,14,81
2023-03-29T09:44Z,14,80
2023-03-29T09:49Z,14,81
2023-03-29T09:54Z,14,80
2023-03-29T09:59Z,14,81
2023-03-29T10:04Z,14,81
2023-03-29T10:09Z,14,81
2023-03-29T10:14Z,14,81
2023-03-29T10:19Z,14,80
2023-03-29T10:24Z,14,81
2023-03-29T10:29Z,14,81
2023-03-29T10:34Z,14,81
2023-03-29T10:39Z,14,81
2023-03-29T10:44Z,13,81
2023-03-29T10:49Z,13,81
2023-03-29T10:54Z,14,81
2023-03-29T10:59Z,14,81
2023-03-29T11:04Z,14,81
2023-03-29T11:09Z,14,81
2023-03-29T11:14Z,14,81
2023-03-29T11:19Z,13,81
2023-03-29T11:24Z,14,81
2023-03-29T11:29Z,14,81
2023-03-29T11:34Z,14,81
2023-03-29T11:39Z,14,81
2023-03-29T11:44Z,14,81
2023-03-29T11:49Z,14,81
2023-03-29T11:54Z,14,81
2023-03-29T11:59Z,14,81
2023-03-29T12:04Z,14,81
2023-03-29T12:09Z,14,81
2023-03-29T12:14Z,14,81
2023-03-29T12:19Z,14,81
2023-03-29T12:24Z,14,81
2023-03-29T12:29Z,14,81
2023-03-29T12:34Z,14,81
2023-03-29T12:39Z,14,81
2023-03-29T12:44Z,14,81
2023-03-29T12:49Z,14,81
2023-03-29T12:54Z,14,81
2023-03-29T12:59Z,14,81
2023-03-29T13:04Z,14,81
2023-03-29T13:09Z,14,81
2023-03-29T13:14Z,14,81
2023-03-29T13:19Z,14,81
2023-03-29T13:24Z,14,81
2023-03-29T13:29Z,14,81
2023-03-29T13:34Z,14,81
2023-03-29T13:39Z,14,81
2023-03-29T13:44Z,14,81
2023-03-29T13:49Z,14,81
2023-03-29T13:54Z,14,81
2023-03-29T13:59Z,14,81
2023-03-29T14:04Z,14,81
2023-03-29T14:09Z,14,81
2023-03-29T14:14Z,15,81
2023-03-29T14:19Z,15,81
2023-03-29T14:24Z,15,79
2023-03-29T14:29Z,16,79
2023-03-29T14:34Z,16,79
2023-03-29T14:39Z,16,78
2023-03-29T14:44Z,17,78
2023-03-29T14:49Z,17,78
2023-03-29T14:54Z,17,77
2023-03-29T14:59Z,17,77
2023-03-29T15:04Z,17,77
2023-03-29T15:09Z,17,77
2023-03-29T15:14Z,18,76
2023-03-29T15:19Z,18,76
2023-03-29T15:24Z,18,76
2023-03-29T15:29Z,18,76
2023-03-29T15:34Z,18,74
2023-03-29T15:39Z,18,74
2023-03-29T15:44Z,18,74
2023-03-29T15:49Z,18,74
2023-03-29T15:54Z,18,74
2023-03-29T15:59Z,18,74
2023-03-29T16:04Z,18,74
2023-03-29T16:09Z,18,74
2023-03-29T16:14Z,18,76
2023-03-29T16:19Z,18,76
2023-03-29T16:24Z,18,76
2023-03-29T16:29Z,18,76
2023-03-29T16:34Z,18,76
2023-03-29T16:39Z,17,77
2023-03-29T16:44Z,17,77
2023-03-29T16:49Z,17,77
2023-03-29T16:54Z,17,77
2023-03-29T16:59Z,17,77
2023-03-29T17:04Z,17,77
2023-03-29T17:09Z,17,77
2023-03-29T17:14Z,17,77
2023-03-29T17:19Z,17,78
2023-03-29T17:24Z,17,78
2023-03-29T17:29Z,17,78
2023-03-29T17:34Z,17,78
2023-03-29T17:39Z,16,78
2023-03-29T17:44Z,16,78
2023-03-29T17:49Z,16,79
2023-03-29T17:54Z,16,78
2023-03-29T17:59Z,16,78
2023-03-29T18:04Z,16,78
2023-03-29T18:09Z,17,78
2023-03-29T18:14Z,17,78
2023-03-29T18:19Z,16,78
2023-03-29T18:24Z,16,78
2023-03-29T18:29Z,16,79
2023-03-29T18:34Z,16,79
2023-03-29T18:39Z,16,79
2023-03-29T18:44Z,16,79
2023-03-29T18:49Z,16,79
2023-03-29T18:54Z,16,79
2023-03-29T18:59Z,16,79
2023-03-29T19:04Z,16,79
2023-03-29T19:09Z,16,79
2023-03-29T19:14Z,16,79
2023-03-29T19:19Z,16,79
2023-03-29T19:24Z,16,79
2023-03-29T19:29Z,16,80
2023-03-29T19:34Z,16,81
2023-03-29T19:39Z,16,82
2023-03-29T19:44Z,16,83
2023-03-29T19:49Z,16,84
2023-03-29T19:54Z,16,85
2023-03-29T19:59Z,16,86
2023-03-29T20:04Z,16,87
2023-03-29T20:09Z,17,87
2023-03-29T20:14Z,17,87
2023-03-29T20:19Z,17,88
2023-03-29T20:24Z,17,88
2023-03-29T20:29Z,17,89
2023-03-29T20:34Z,17,89
2023-03-29T20:39Z,17,90
2023-03-29T20:44Z,17,90
2023-03-29T20:49Z,17,89
2023-03-29T20:54Z,17,89
2023-03-29T20:59Z,17,88
2023-03-29T21:04Z,17,87
2023-03-29T21:09Z,17,87
2023-03-29T21:14Z,17,86
2023-03-29T21:19Z,17,86
2023-03-29T21:24Z,17,86
2023-03-29T21:29Z,17,85
2023-03-29T21:34Z,17,85
2023-03-29T21:39Z,17,85
2023-03-29T21:44Z,17,85
2023-03-29T21:49Z,17,85
2023-03-29T21:54Z,16,84
2023-03-29T21:59Z,16,84
2023-03-29T22:04Z,16,84
2023-03-29T22:09Z,16,84
2023-03-29T22:14Z,16,84
2023-03-29T22:19Z,16,84
2023-03-29T22:24Z,16,84
2023-03-29T22:29Z,16,84
2023-03-29T22:34Z,16,84
2023-03-29T22:39Z,16,84
2023-03-29T22:44Z,16,83
2023-03-29T22:49Z,16,83
2023-03-29T22:54Z,16,83
2023-03-29T22:59Z,16,83
2023-03-29T23:04Z,16,83
2023-03-29T23:09Z,16,83
2023-03-29T23:14Z,16,83
2023-03-29T23:19Z,16,83
2023-03-29T23:24Z,16,83
2023-03-29T23:29Z,15,84
2023-03-29T23:34Z,15,83
2023-03-29T23:39Z,15,84
2023-03-29T23:44Z,15,84
2023-03-29T23:49Z,15,84
2023-03-29T23:54Z,15,84
2023-03-29T23:59Z,15,84
2023-03-30T00:04Z,15,84
2023-03-30T00:09Z,15,84
2023-03-30T00:14Z,15,84
2023-03-30T00:19Z,15,84
2023-03-30T00:24Z,15,84
2023-03-30T00:29Z,15,84
2023-03-30T00:34Z,15,84
2023-03-30T00:39Z,15,84
2023-03-30T00:44Z,15,84
2023-03-30T00:49Z,15,84
2023-03-30T00:54Z,15,84
2023-03-30T00:59Z,15,84
2023-03-30T01:04Z,15,84
2023-03-30T01:09Z,15,83
2023-03-30T01:14Z,15,83
2023-03-30T01:19Z,15,83
2023-03-30T01:24Z,15,83
2023-03-30T01:29Z,15,83
2023-03-30T01:34Z,15,83
2023-03-30T01:39Z,15,83
2023-03-30T01:44Z,15,83
2023-03-30T01:49Z,15,83
2023-03-30T01:54Z,15,83
2023-03-30T01:59Z,15,83
2023-03-30T02:04Z,15,83
2023-03-30T02:09Z,15,83
2023-03-30T02:14Z,15,83
2023-03-30T02:19Z,15,83
2023-03-30T02:24Z,15,83
2023-03-30T02:29Z,15,83
2023-03-30T02:34Z,15,83
2023-03-30T02:39Z,14,83
2023-03-30T02:44Z,14,83
2023-03-30T02:49Z,14,83
2023-03-30T02:54Z,14,83
2023-03-30T02:59Z,14,83
2023-03-30T03:04Z,14,83
2023-03-30T03:09Z,14,83
2023-03-30T03:14Z,14,83
2023-03-30T03:19Z,14,83
2023-03-30T03:24Z,14,83
2023-03-30T03:29Z,14,82
2023-03-30T03:34Z,14,83
2023-03-30T03:39Z,14,82
2023-03-30T03:44Z,14,83
2023-03-30T03:49Z,14,82
2023-03-30T03:54Z,14,82
2023-03-30T03:59Z,14,82
2023-03-30T04:04Z,14,82
2023-03-30T04:09Z,14,82
2023-03-30T04:14Z,14,83
2023-03-30T04:19Z,14,82
2023-03-30T04:24Z,14,82
2023-03-30T04:29Z,14,82
2023-03-30T04:34Z,14,82
2023-03-30T04:39Z,14,82
2023-03-30T04:44Z,14,82
2023-03-30T04:49Z,14,82
2023-03-30T04:54Z,14,82
2023-03-30T04:59Z,14,82
2023-03-30T05:04Z,14,82
2023-03-30T05:09Z,14,82
2023-03-30T05:14Z,14,82
2023-03-30T05:19Z,14,82
2023-03-30T05:24Z,14,82
2023-03-30T05:29Z,14,82
2023-03-30T05:34Z,14,82
2023-03-30T05:39Z,14,82
2023-03-30T05:44Z,14,82
2023-03-30T05:49Z,14,82
2023-03-30T05:54Z,14,82
2023-03-30T05:59Z,14,82
2023-03-30T06:04Z,14,82
2023-03-30T06:09Z,14,82
2023-03-30T06:14Z,14,82
2023-03-30T06:19Z,14,82
2023-03-30T06:24Z,14,82
2023-03-30T06:29Z,14,82
2023-03-30T06:34Z,14,82
2023-03-30T06:39Z,14,82
2023-03-30T06:44Z,14,82
2023-03-30T06:49Z,14,82
2023-03-30T06:54Z,14,82
2023-03-30T06:59Z,14,82
2023-03-30T07:04Z,14,82
2023-03-30T07:09Z,14,82
2023-03-30T07:14Z,14,82
2023-03-30T07:19Z,14,82
2023-03-30T07:24Z,14,82
2023-03-30T07:29Z,14,82
2023-03-30T07:34Z,14,82
2023-03-30T07:39Z,14,82
2023-03-30T07:44Z,14,82
2023-03-30T07:49Z,14,82
2023-03-30T07:54Z,14,83
2023-03-30T07:59Z,14,83
2023-03-30T08:04Z,14,83
2023-03-30T08:09Z,14,84
2023-03-30T08:14Z,14,84
2023-03-30T08:19Z,14,84
2023-03-30T08:24Z,14,85
2023-03-30T08:29Z,14,85
2023-03-30T08:34Z,14,85
2023-03-30T08:39Z,14,85
2023-03-30T08:44Z,14,85
2023-03-30T08:49Z,14,85
2023-03-30T08:54Z,14,85
2023-03-30T08:59Z,14,85
2023-03-30T09:04Z,14,85
2023-03-30T09:09Z,14,85
2023-03-30T09:14Z,14,85
2023-03-30T09:19Z,14,85
2023-03-30T09:24Z,14,85
2023-03-30T09:29Z,14,85
2023-03-30T09:34Z,14,85
2023-03-30T09:39Z,14,85
2023-03-30T09:44Z,14,85
2023-03-30T09:49Z,14,85
2023-03-30T09:54Z,14,85
2023-03-30T09:59Z,14,85
2023-03-30T10:04Z,14,85
2023-03-30T10:09Z,14,85
2023-03-30T10:14Z,14,85
2023-03-30T10:19Z,14,85
2023-03-30T10:24Z,14,85
2023-03-30T10:29Z,14,85
2023-03-30T10:34Z,14,85
2023-03-30T10:39Z,14,85
2023-03-30T10:44Z,14,85
2023-03-30T10:49Z,14,85
2023-03-30T10:54Z,14,85
2023-03-30T10:59Z,14,85
2023-03-30T11:04Z,14,85
2023-03-30T11:09Z,14,85
2023-03-30T11:14Z,14,85
2023-03-30T11:19Z,14,85
2023-03-30T11:24Z,14,85
2023-03-30T11:29Z,14,85
2023-03-30T11:34Z,14,85
2023-03-30T11:39Z,14,85
2023-03-30T11:44Z,14,85
2023-03-30T11:49Z,14,85
2023-03-30T11:54Z,14,84
2023-03-30T11:59Z,14,84
2023-03-30T12:04Z,14,84
2023-03-30T12:09Z,14,84
2023-03-30T12:14Z,14,84
2023-03-30T12:19Z,14,84
2023-03-30T12:24Z,14,84
2023-03-30T12:29Z,14,84
2023-03-30T12:34Z,14,84
2023-03-30T12:39Z,14,84
2023-03-30T12:44Z,14,84
2023-03-30T12:49Z,14,84
2023-03-30T12:54Z,14,84
2023-03-30T12:59Z,14,84
2023-03-30T13:04Z,14,84
2023-03-30T13:09Z,14,84
2023-03-30T13:14Z,14,84
2023-03-30T13:19Z,14,84
2023-03-30T13:24Z,14,84
2023-03-30T13:29Z,14,84
2023-03-30T13:34Z,15,84
2023-03-30T13:39Z,15,84
2023-03-30T13:44Z,15,84
2023-03-30T13:49Z,15,84
2023-03-30T13:54Z,15,84
2023-03-30T13:59Z,15,83
2023-03-30T14:04Z,15,84
2023-03-30T14:09Z,15,84
2023-03-30T14:14Z,15,84
2023-03-30T14:19Z,15,84
2023-03-30T14:24Z,15,84
2023-03-30T14:29Z,15,84
2023-03-30T14:34Z,15,84
2023-03-30T14:39Z,15,83
2023-03-30T14:44Z,15,83
2023-03-30T14:49Z,15,83
2023-03-30T14:54Z,15,83
2023-03-30T14:59Z,15,83
2023-03-30T15:04Z,15,83
2023-03-30T15:09Z,15,83
2023-03-30T15:14Z,15,83
2023-03-30T15:19Z,15,83
2023-03-30T15:24Z,15,83
2023-03-30T15:29Z,15,83
2023-03-30T15:34Z,15,83
2023-03-30T15:39Z,15,83
2023-03-30T15:44Z,15,83
2023-03-30T15:49Z,15,83
2023-03-30T15:54Z,15,83
2023-03-30T15:59Z,15,83
2023-03-30T16:04Z,15,83
2023-03-30T16:09Z,15,83
2023-03-30T16:14Z,15,83
2023-03-30T16:19Z,15,83
2023-03-30T16:24Z,15,83
2023-03-30T16:29Z,15,83
2023-03-30T16:34Z,15,83
2023-03-30T16:39Z,15,83
2023-03-30T16:44Z,15,83
2023-03-30T16:49Z,15,83
2023-03-30T16:54Z,15,83
2023-03-30T16:59Z,15,83
2023-03-30T17:04Z,15,83
2023-03-30T17:09Z,15,84
2023-03-30T17:14Z,15,83
2023-03-30T17:19Z,15,82
2023-03-30T17:24Z,16,82
2023-03-30T17:29Z,16,82
2023-03-30T17:34Z,16,82
2023-03-30T17:39Z,16,82
2023-03-30T17:44Z,16,82
2023-03-30T17:49Z,16,82
2023-03-30T17:54Z,16,81
2023-03-30T17:59Z,17,81
2023-03-30T18:04Z,17,80
2023-03-30T18:09Z,17,80
2023-03-30T18:14Z,17,80
2023-03-30T18:19Z,17,80
2023-03-30T18:24Z,17,80
2023-03-30T18:29Z,17,80
2023-03-30T18:34Z,16,81
2023-03-30T18:39Z,16,81
2023-03-30T18:44Z,16,81
2023-03-30T18:49Z,16,81
2023-03-30T18:54Z,16,81
2023-03-30T18:59Z,16,81
2023-03-30T19:04Z,16,81
2023-03-30T19:09Z,16,82
2023-03-30T19:14Z,16,82
2023-03-30T19:19Z,16,82
2023-03-30T19:24Z,16,82
2023-03-30T19:29Z,16,82
2023-03-30T19:34Z,16,82
2023-03-30T19:39Z,16,82
2023-03-30T19:44Z,16,82
2023-03-30T19:49Z,16,82
2023-03-30T19:54Z,16,82
2023-03-30T19:59Z,16,82
2023-03-30T20:04Z,16,82
2023-03-30T20:09Z,16,82
2023-03-30T20:14Z,16,82
2023-03-30T20:19Z,16,82
2023-03-30T20:24Z,16,82
2023-03-30T20:29Z,16,82
2023-03-30T20:34Z,16,82
2023-03-30T20:39Z,16,82
2023-03-30T20:44Z,15,82
2023-03-30T20:49Z,15,84
2023-03-30T20:54Z,15,84
2023-03-30T20:59Z,15,84
2023-03-30T21:04Z,15,83
2023-03-30T21:09Z,15,83
2023-03-30T21:14Z,15,83
2023-03-30T21:19Z,15,83
2023-03-30T21:24Z,15,83
2023-03-30T21:29Z,15,83
2023-03-30T21:34Z,15,83
2023-03-30T21:39Z,15,83
2023-03-30T21:44Z,15,83
2023-03-30T21:49Z,15,83
2023-03-30T21:54Z,15,83
2023-03-30T21:59Z,15,83
2023-03-30T22:04Z,15,83
2023-03-30T22:09Z,15,83
2023-03-30T22:14Z,15,83
2023-03-30T22:19Z,15,83
2023-03-30T22:24Z,15,84
2023-03-30T22:29Z,15,83
2023-03-30T22:34Z,15,83
2023-03-30T22:39Z,15,83
2023-03-30T22:44Z,15,84
2023-03-30T22:49Z,15,83
2023-03-30T22:54Z,15,84
2023-03-30T22:59Z,15,83
2023-03-30T23:04Z,15,83
2023-03-30T23:09Z,15,84
2023-03-30T23:14Z,15,83
2023-03-30T23:19Z,15,83
2023-03-30T23:24Z,15,84
2023-03-30T23:29Z,15,84
2023-03-30T23:34Z,15,83
2023-03-30T23:39Z,15,83
2023-03-30T23:44Z,15,83
2023-03-30T23:49Z,15,83
2023-03-30T23:54Z,15,83
2023-03-30T23:59Z,14,83
2023-03-31T00:04Z,14,83
2023-03-31T00:09Z,15,84
2023-03-31T00:14Z,14,83
2023-03-31T00:19Z,14,84
2023-03-31T00:24Z,14,84
2023-03-31T00:29Z,14,83
2023-03-31T00:34Z,15,83
2023-03-31T00:39Z,14,83
2023-03-31T00:44Z,14,83
2023-03-31T00:49Z,14,83
2023-03-31T00:54Z,14,83
2023-03-31T00:59Z,14,83
2023-03-31T01:04Z,14,83
2023-03-31T01:09Z,14,83
2023-03-31T01:14Z,14,83
2023-03-31T01:19Z,14,83
2023-03-31T01:24Z,14,83
2023-03-31T01:29Z,14,83
2023-03-31T01:34Z,14,83
2023-03-31T01:39Z,14,83
2023-03-31T01:44Z,14,83
2023-03-31T01:49Z,14,83
2023-03-31T01:54Z,14,83
2023-03-31T01:59Z,14,83
2023-03-31T02:04Z,14,83
2023-03-31T02:09Z,14,83
2023-03-31T02:14Z,14,83
2023-03-31T02:19Z,14,83
2023-03-31T02:24Z,14,83
2023-03-31T02:29Z,14,83
2023-03-31T02:34Z,14,83
2023-03-31T02:39Z,14,83
2023-03-31T02:44Z,14,83
2023-03-31T02:49Z,14,83
2023-03-31T02:54Z,14,83
2023-03-31T02:59Z,14,83
2023-03-31T03:04Z,14,83
2023-03-31T03:09Z,14,83
2023-03-31T03:14Z,14,83
2023-03-31T03:19Z,14,83
2023-03-31T03:24Z,14,83
2023-03-31T03:29Z,14,83
2023-03-31T03:34Z,14,83
2023-03-31T03:39Z,14,83
2023-03-31T03:44Z,14,83
2023-03-31T03:49Z,14,83
2023-03-31T03:54Z,14,83
2023-03-31T03:59Z,14,83
2023-03-31T04:04Z,14,83
2023-03-31T04:09Z,14,83
2023-03-31T04:14Z,14,83
2023-03-31T04:19Z,14,83
2023-03-31T04:24Z,14,83
2023-03-31T04:29Z,14,83
2023-03-31T04:34Z,14,83
2023-03-31T04:39Z,14,83
2023-03-31T04:44Z,14,83
2023-03-31T04:49Z,14,83
2023-03-31T04:54Z,14,83
2023-03-31T04:59Z,14,83
2023-03-31T05:04Z,14,83
2023-03-31T05:09Z,14,83
2023-03-31T05:14Z,13,83
2023-03-31T05:19Z,14,83
2023-03-31T05:24Z,14,83
2023-03-31T05:29Z,13,83
2023-03-31T05:34Z,13,83
2023-03-31T05:39Z,13,83
2023-03-31T05:44Z,13,83
2023-03-31T05:49Z,13,83
2023-03-31T05:54Z,13,83
2023-03-31T05:59Z,13,83
2023-03-31T06:04Z,13,83
2023-03-31T06:09Z,13,83
2023-03-31T06:14Z,13,83
2023-03-31T06:19Z,13,83
2023-03-31T06:24Z,13,83
2023-03-31T06:29Z,13,83
2023-03-31T06:34Z,13,83
2023-03-31T06:39Z,13,83
2023-03-31T06:44Z,13,83
2023-03-31T06:49Z,13,83
2023-03-31T06:54Z,13,83
2023-03-31T06:59Z,13,83
2023-03-31T07:04Z,13,83
2023-03-31T07:09Z,13,83
2023-03-31T07:14Z,13,83
2023-03-31T07:19Z,13,83
2023-03-31T07:24Z,13,83
2023-03-31T07:29Z,13,83
2023-03-31T07:34Z,13,83
2023-03-31T07:39Z,13,83
2023-03-31T07:44Z,13,83
2023-03-31T07:49Z,13,83
2023-03-31T07:54Z,13,83
2023-03-31T07:59Z,13,83
2023-03-31T08:04Z,13,83
2023-03-31T08:09Z,13,83
2023-03-31T08:14Z,13,83
2023-03-31T08:19Z,13,83
2023-03-31T08:24Z,13,83
2023-03-31T08:29Z,13,83
2023-03-31T08:34Z,13,83
2023-03-31T08:39Z,13,83
2023-03-31T08:44Z,13,83
2023-03-31T08:49Z,13,83
2023-03-31T08:54Z,13,83
2023-03-31T08:59Z,13,83
2023-03-31T09:04Z,13,83
2023-03-31T09:09Z,13,83
2023-03-31T09:14Z,13,83
2023-03-31T09:19Z,13,83
2023-03-31T09:24Z,13,83
2023-03-31T09:29Z,13,83
2023-03-31T09:34Z,13,83
2023-03-31T09:39Z,13,83
2023-03-31T09:44Z,13,83
2023-03-31T09:49Z,13,83
2023-03-31T09:54Z,13,83
2023-03-31T09:59Z,13,83
2023-03-31T10:04Z,13,83
2023-03-31T10:09Z,13,83
2023-03-31T10:14Z,13,83
2023-03-31T10:19Z,13,83
2023-03-31T10:24Z,13,83
2023-03-31T10:29Z,13,83
2023-03-31T10:34Z,13,83
2023-03-31T10:39Z,13,83
2023-03-31T10:44Z,13,83
2023-03-31T10:49Z,13,83
2023-03-31T10:54Z,13,83
2023-03-31T10:59Z,13,83
2023-03-31T11:04Z,13,83
2023-03-31T11:09Z,13,83
2023-03-31T11:14Z,13,83
2023-03-31T11:19Z,13,83
2023-03-31T11:24Z,13,83
2023-03-31T11:29Z,13,83
2023-03-31T11:34Z,13,83
2023-03-31T11:39Z,14,83
2023-03-31T11:44Z,13,83
2023-03-31T11:49Z,14,83
2023-03-31T11:54Z,14,83
2023-03-31T11:59Z,14,83
2023-03-31T12:04Z,14,83
2023-03-31T12:09Z,14,83
2023-03-31T12:14Z,14,83
2023-03-31T12:19Z,14,83
2023-03-31T12:24Z,14,83
2023-03-31T12:29Z,14,83
2023-03-31T12:34Z,14,83
2023-03-31T12:39Z,14,83
2023-03-31T12:44Z,14,83
2023-03-31T12:49Z,14,83
2023-03-31T12:54Z,14,83
2023-03-31T12:59Z,14,83
2023-03-31T13:04Z,14,83
2023-03-31T13:09Z,14,83
2023-03-31T13:14Z,14,83
2023-03-31T13:19Z,14,83
2023-03-31T13:24Z,14,83
2023-03-31T13:29Z,14,83
2023-03-31T13:34Z,14,83
2023-03-31T13:39Z,14,83
2023-03-31T13:44Z,14,83
2023-03-31T13:49Z,14,83
2023-03-31T13:54Z,14,83
2023-03-31T13:59Z,14,83
2023-03-31T14:04Z,14,83
2023-03-31T14:09Z,14,83
2023-03-31T14:14Z,14,83
2023-03-31T14:19Z,14,83
2023-03-31T14:24Z,14,83
2023-03-31T14:29Z,14,83
2023-03-31T14:34Z,14,83
2023-03-31T14:39Z,14,83
2023-03-31T14:44Z,14,83
2023-03-31T14:49Z,15,83
2023-03-31T14:54Z,15,83
2023-03-31T14:59Z,15,83
2023-03-31T15:04Z,15,83
2023-03-31T15:09Z,15,83
2023-03-31T15:14Z,15,83
2023-03-31T15:19Z,15,82
2023-03-31T15:24Z,15,83
2023-03-31T15:29Z,15,83
2023-03-31T15:34Z,15,82
2023-03-31T15:39Z,15,82
2023-03-31T15:44Z,15,83
2023-03-31T15:49Z,15,82
2023-03-31T15:54Z,15,83
2023-03-31T15:59Z,15,83
2023-03-31T16:04Z,15,83
2023-03-31T16:09Z,15,83
2023-03-31T16:14Z,15,83
2023-03-31T16:19Z,15,83
2023-03-31T16:24Z,15,83
2023-03-31T16:29Z,15,83
2023-03-31T16:34Z,15,83
2023-03-31T16:39Z,15,83
2023-03-31T16:44Z,15,83
2023-03-31T16:49Z,15,83
2023-03-31T16:54Z,15,83
2023-03-31T16:59Z,15,83
2023-03-31T17:04Z,15,83
2023-03-31T17:09Z,15,83
2023-03-31T17:14Z,15,83
2023-03-31T17:19Z,15,83
2023-03-31T17:24Z,15,83
2023-03-31T17:29Z,15,83
2023-03-31T17:34Z,15,83
2023-03-31T17:39Z,15,83
2023-03-31T17:44Z,15,83
2023-03-31T17:49Z,15,83
2023-03-31T17:54Z,15,83
2023-03-31T17:59Z,15,83
2023-03-31T18:04Z,15,83
2023-03-31T18:09Z,15,83
2023-03-31T18:14Z,14,83
2023-03-31T18:19Z,14,83
2023-03-31T18:24Z,15,83
2023-03-31T18:29Z,14,83
2023-03-31T18:34Z,14,83
2023-03-31T18:39Z,15,83
2023-03-31T18:44Z,14,83
2023-03-31T18:49Z,14,83
2023-03-31T18:54Z,14,83
2023-03-31T18:59Z,14,83
2023-03-31T19:04Z,14,83
2023-03-31T19:09Z,14,83
2023-03-31T19:14Z,14,83
2023-03-31T19:19Z,14,83
2023-03-31T19:24Z,14,83
2023-03-31T19:29Z,14,83
2023-03-31T19:34Z,14,83
2023-03-31T19:39Z,14,83
2023-03-31T19:44Z,14,84
2023-03-31T19:49Z,14,84
2023-03-31T19:54Z,14,84
2023-03-31T19:59Z,14,84
2023-03-31T20:04Z,14,84
2023-03-31T20:09Z,14,84
2023-03-31T20:14Z,14,84
2023-03-31T20:19Z,14,85
2023-03-31T20:24Z,14,85
2023-03-31T20:29Z,14,85
2023-03-31T20:34Z,14,85
2023-03-31T20:39Z,14,85
2023-03-31T20:44Z,14,85
2023-03-31T20:49Z,14,85
2023-03-31T20:54Z,14,85
2023-03-31T20:59Z,14,85
2023-03-31T21:04Z,14,84
2023-03-31T21:09Z,14,85
2023-03-31T21:14Z,14,85
2023-03-31T21:19Z,14,85
2023-03-31T21:24Z,14,86
2023-03-31T21:29Z,14,85
2023-03-31T21:34Z,14,86
2023-03-31T21:39Z,14,85
2023-03-31T21:44Z,14,85
2023-03-31T21:49Z,14,85
2023-03-31T21:54Z,14,85
2023-03-31T21:59Z,14,85
2023-03-31T22:04Z,14,85
2023-03-31T22:09Z,14,85
2023-03-31T22:14Z,14,85
2023-03-31T22:19Z,14,85
2023-03-31T22:24Z,14,85
2023-03-31T22:29Z,14,85
2023-03-31T22:34Z,14,85
2023-03-31T22:39Z,14,85
2023-03-31T22:44Z,14,85
2023-03-31T22:49Z,14,85
2023-03-31T22:54Z,14,85
2023-03-31T22:59Z,14,85
2023-03-31T23:04Z,14,85
2023-03-31T23:09Z,14,85
2023-03-31T23:14Z,14,85
2023-03-31T23:19Z,14,85
2023-03-31T23:24Z,14,85
2023-03-31T23:29Z,14,85
2023-03-31T23:34Z,14,85
2023-03-31T23:39Z,14,85
2023-03-31T23:44Z,14,85
2023-03-31T23:49Z,14,84
2023-03-31T23:54Z,14,85
2023-03-31T23:59Z,14,84
2023-04-01T00:04Z,14,84
2023-04-01T00:09Z,14,84
2023-04-01T00:14Z,14,84
2023-04-01T00:19Z,14,84
2023-04-01T00:24Z,14,84
2023-04-01T00:29Z,13,84
2023-04-01T00:34Z,13,84
2023-04-01T00:39Z,13,84
2023-04-01T00:44Z,14,84
2023-04-01T00:49Z,13,84
2023-04-01T00:54Z,13,84
2023-04-01T00:59Z,13,84
2023-04-01T01:04Z,13,84
2023-04-01T01:09Z,13,84
2023-04-01T01:14Z,13,84
2023-04-01T01:19Z,13,83
2023-04-01T01:24Z,13,83
2023-04-01T01:29Z,13,83
2023-04-01T01:34Z,13,83
2023-04-01T01:39Z,13,83
2023-04-01T01:44Z,13,83
2023-04-01T01:49Z,13,83
2023-04-01T01:54Z,13,83
2023-04-01T01:59Z,13,83
2023-04-01T02:04Z,13,83
2023-04-01T02:09Z,13,83
2023-04-01T02:14Z,13,83
2023-04-01T02:19Z,13,83
2023-04-01T02:24Z,13,83
2023-04-01T02:29Z,13,83
2023-04-01T02:34Z,13,83
2023-04-01T02:39Z,13,83
2023-04-01T02:44Z,13,83
2023-04-01T02:49Z,13,83
2023-04-01T02:54Z,13,83
2023-04-01T02:59Z,13,83
2023-04-01T03:04Z,13,83
2023-04-01T03:09Z,13,83
2023-04-01T03:14Z,13,83
2023-04-01T03:19Z,13,83
2023-04-01T03:24Z,13,82
2023-04-01T03:29Z,13,82
2023-04-01T03:34Z,13,82
2023-04-01T03:39Z,13,82
2023-04-01T03:44Z,13,82
2023-04-01T03:49Z,13,82
2023-04-01T03:54Z,13,82
2023-04-01T03:59Z,13,82
2023-04-01T04:04Z,13,82
2023-04-01T04:09Z,13,82
2023-04-01T04:14Z,13,82
2023-04-01T04:19Z,13,82
2023-04-01T04:24Z,13,82
2023-04-01T04:29Z,13,82
2023-04-01T04:34Z,13,82
2023-04-01T04:39Z,13,82
2023-04-01T04:44Z,13,82
2023-04-01T04:49Z,13,82
2023-04-01T04:54Z,13,82
2023-04-01T04:59Z,13,82
2023-04-01T05:04Z,13,82
2023-04-01T05:09Z,13,83
2023-04-01T05:14Z,13,82
2023-04-01T05:19Z,13,82
2023-04-01T05:24Z,13,83
2023-04-01T05:29Z,13,83
2023-04-01T05:34Z,13,83
2023-04-01T05:39Z,13,83
2023-04-01T05:44Z,13,83
2023-04-01T05:49Z,13,83
2023-04-01T05:54Z,13,83
2023-04-01T05:59Z,13,83
2023-04-01T06:04Z,13,83
2023-04-01T06:09Z,13,82
2023-04-01T06:14Z,13,83
2023-04-01T06:19Z,13,83
2023-04-01T06:24Z,12,83
2023-04-01T06:29Z,12,82
2023-04-01T06:34Z,12,82
2023-04-01T06:39Z,12,82
2023-04-01T06:44Z,12,83
2023-04-01T06:49Z,12,82
2023-04-01T06:54Z,12,82
2023-04-01T06:59Z,12,82
2023-04-01T07:04Z,12,82
2023-04-01T07:09Z,12,82
2023-04-01T07:14Z,12,82
2023-04-01T07:19Z,12,82
2023-04-01T07:24Z,12,82
2023-04-01T07:29Z,12,82
2023-04-01T07:34Z,12,82
2023-04-01T07:39Z,12,82
2023-04-01T07:44Z,12,82
2023-04-01T07:49Z,12,82
2023-04-01T07:54Z,12,82
2023-04-01T07:59Z,12,82
2023-04-01T08:04Z,12,82
2023-04-01T08:09Z,12,82
2023-04-01T08:14Z,12,82
2023-04-01T08:19Z,12,82
2023-04-01T08:24Z,12,82
2023-04-01T08:29Z,12,82
2023-04-01T08:34Z,12,82
2023-04-01T08:39Z,12,82
2023-04-01T08:44Z,12,82
2023-04-01T08:49Z,12,82
2023-04-01T08:54Z,12,82
2023-04-01T08:59Z,12,82
2023-04-01T09:04Z,12,82
2023-04-01T09:09Z,12,82
2023-04-01T09:14Z,12,82
2023-04-01T09:19Z,12,82
2023-04-01T09:24Z,12,82
2023-04-01T09:29Z,12,82
2023-04-01T09:34Z,12,82
2023-04-01T09:39Z,12,82
2023-04-01T09:44Z,12,82
2023-04-01T09:49Z,12,82
2023-04-01T09:54Z,12,82
2023-04-01T09:59Z,12,82
2023-04-01T10:04Z,12,82
2023-04-01T10:09Z,12,82
2023-04-01T10:14Z,12,82
2023-04-01T10:19Z,12,82
2023-04-01T10:24Z,12,82
2023-04-01T10:29Z,12,82
2023-04-01T10:34Z,12,82
2023-04-01T10:39Z,12,82
2023-04-01T10:44Z,12,82
2023-04-01T10:49Z,12,82
2023-04-01T10:54Z,12,82
2023-04-01T10:59Z,12,82
2023-04-01T11:04Z,12,82
2023-04-01T11:09Z,12,82
2023-04-01T11:14Z,12,82
2023-04-01T11:19Z,12,82
2023-04-01T11:24Z,12,82
2023-04-01T11:29Z,12,82
2023-04-01T11:34Z,12,82
2023-04-01T11:39Z,12,82
2023-04-01T11:44Z,13,82
2023-04-01T11:49Z,13,82
2023-04-01T11:54Z,12,82
2023-04-01T11:59Z,13,82
2023-04-01T12:04Z,13,81
2023-04-01T12:09Z,13,82
2023-04-01T12:14Z,13,82
2023-04-01T12:19Z,13,82
2023-04-01T12:24Z,13,82
2023-04-01T12:29Z,13,82
2023-04-01T12:34Z,13,82
2023-04-01T12:39Z,13,82
2023-04-01T12:44Z,13,81
2023-04-01T12:49Z,13,82
2023-04-01T12:54Z,13,81
2023-04-01T12:59Z,13,81
2023-04-01T13:04Z,13,81
2023-04-01T13:09Z,13,81
2023-04-01T13:14Z,13,81
2023-04-01T13:19Z,13,81
2023-04-01T13:24Z,13,81
2023-04-01T13:29Z,13,81
2023-04-01T13:34Z,13,81
2023-04-01T13:39Z,13,81
2023-04-01T13:44Z,13,81
2023-04-01T13:49Z,13,81
2023-04-01T13:54Z,13,81
2023-04-01T13:59Z,13,81
2023-04-01T14:04Z,13,81
2023-04-01T14:09Z,13,81
2023-04-01T14:14Z,13,81
2023-04-01T14:19Z,13,81
2023-04-01T14:24Z,13,81
2023-04-01T14:29Z,13,81
2023-04-01T14:34Z,13,81
2023-04-01T14:39Z,13,81
2023-04-01T14:44Z,13,81
2023-04-01T14:49Z,13,81
2023-04-01T14:54Z,13,81
2023-04-01T14:59Z,13,81
2023-04-01T15:04Z,13,81
2023-04-01T15:09Z,13,81
2023-04-01T15:14Z,13,81
2023-04-01T15:19Z,13,80
2023-04-01T15:24Z,13,81
2023-04-01T15:29Z,13,81
2023-04-01T15:34Z,13,81
2023-04-01T15:39Z,13,81
2023-04-01T15:44Z,13,81
2023-04-01T15:49Z,13,81
2023-04-01T15:54Z,13,81
2023-04-01T15:59Z,13,81
2023-04-01T16:04Z,13,81
2023-04-01T16:09Z,13,81
2023-04-01T16:14Z,13,81
2023-04-01T16:19Z,13,81
2023-04-01T16:24Z,13,81
2023-04-01T16:29Z,13,81
2023-04-01T16:34Z,13,81
2023-04-01T16:39Z,13,81
2023-04-01T16:44Z,13,81
2023-04-01T16:49Z,13,81
2023-04-01T16:54Z,13,81
2023-04-01T16:59Z,13,81
2023-04-01T17:04Z,13,81
2023-04-01T17:09Z,13,81
2023-04-01T17:14Z,13,81
2023-04-01T17:19Z,13,81
2023-04-01T17:24Z,13,81
2023-04-01T17:29Z,13,81
2023-04-01T17:34Z,13,81
2023-04-01T17:39Z,13,81
2023-04-01T17:44Z,13,81
2023-04-01T17:49Z,13,81
2023-04-01T17:54Z,13,81
2023-04-01T17:59Z,13,81
2023-04-01T18:04Z,13,81
2023-04-01T18:09Z,13,81
2023-04-01T18:14Z,13,81
2023-04-01T18:19Z,13,81
2023-04-01T18:24Z,13,81
2023-04-01T18:29Z,13,81
2023-04-01T18:34Z,13,81
2023-04-01T18:39Z,13,81
2023-04-01T18:44Z,13,81
2023-04-01T18:49Z,13,81
2023-04-01T18:54Z,13,81
2023-04-01T18:59Z,13,81
2023-04-01T19:04Z,13,81
2023-04-01T19:09Z,13,81
2023-04-01T19:14Z,13,81
2023-04-01T19:19Z,13,81
2023-04-01T19:24Z,13,81
2023-04-01T19:29Z,13,81
2023-04-01T19:34Z,13,81
2023-04-01T19:39Z,13,81
2023-04-01T19:44Z,13,81
2023-04-01T19:49Z,13,81
2023-04-01T19:54Z,13,81
2023-04-01T19:59Z,13,81
2023-04-01T20:04Z,13,81
2023-04-01T20:09Z,13,81
2023-04-01T20:14Z,13,81
2023-04-01T20:19Z,13,82
2023-04-01T20:24Z,13,81
2023-04-01T20:29Z,13,82
2023-04-01T20:34Z,13,82
2023-04-01T20:39Z,13,82
2023-04-01T20:44Z,13,82
2023-04-01T20:49Z,13,82
2023-04-01T20:54Z,13,82
2023-04-01T20:59Z,13,82
2023-04-01T21:04Z,13,82
2023-04-01T21:09Z,13,82
2023-04-01T21:14Z,13,82
2023-04-01T21:19Z,13,82
2023-04-01T21:24Z,13,83
2023-04-01T21:29Z,13,82
2023-04-01T21:34Z,13,82
2023-04-01T21:39Z,13,83
2023-04-01T21:44Z,13,82
2023-04-01T21:49Z,12,82
2023-04-01T21:54Z,12,82
2023-04-01T21:59Z,12,82
2023-04-01T22:04Z,12,82
2023-04-01T22:09Z,12,83
2023-04-01T22:14Z,12,82
2023-04-01T22:19Z,12,82
2023-04-01T22:24Z,12,82
2023-04-01T22:29Z,12,82
2023-04-01T22:34Z,12,82
2023-04-01T22:39Z,12,83
2023-04-01T22:44Z,12,83
2023-04-01T22:49Z,12,82
2023-04-01T22:54Z,12,82
2023-04-01T22:59Z,12,83
2023-04-01T23:04Z,12,82
2023-04-01T23:09Z,12,82
2023-04-01T23:14Z,12,82
2023-04-01T23:19Z,12,82
2023-04-01T23:24Z,12,82
2023-04-01T23:29Z,12,82
2023-04-01T23:34Z,12,82
2023-04-01T23:39Z,12,82
2023-04-01T23:44Z,12,82
2023-04-01T23:49Z,12,82
2023-04-01T23:54Z,12,82
2023-04-01T23:59Z,12,82
2023-04-02T00:04Z,12,83
2023-04-02T00:09Z,12,83
2023-04-02T00:14Z,12,82
2023-04-02T00:19Z,12,82
2023-04-02T00:24Z,12,82
2023-04-02T00:29Z,11,82
2023-04-02T00:34Z,11,82
2023-04-02T00:39Z,11,82
2023-04-02T00:44Z,11,82
2023-04-02T00:49Z,11,83
2023-04-02T00:54Z,11,82
2023-04-02T00:59Z,11,82
2023-04-02T01:04Z,11,82
2023-04-02T01:09Z,11,83
2023-04-02T01:14Z,11,82
2023-04-02T01:19Z,11,82
2023-04-02T01:24Z,11,82
2023-04-02T01:29Z,11,82
2023-04-02T01:34Z,11,82
2023-04-02T01:39Z,11,83
2023-04-02T01:44Z,11,82
2023-04-02T01:49Z,11,82
2023-04-02T01:54Z,11,82
2023-04-02T01:59Z,11,83
2023-04-02T02:04Z,11,82
2023-04-02T02:09Z,11,82
2023-04-02T02:14Z,11,82
2023-04-02T02:19Z,11,83
2023-04-02T02:24Z,11,82
2023-04-02T02:29Z,11,82
2023-04-02T02:34Z,11,82
2023-04-02T02:39Z,11,82
2023-04-02T02:44Z,11,82
2023-04-02T02:49Z,11,82
2023-04-02T02:54Z,11,83
2023-04-02T02:59Z,11,82
2023-04-02T03:04Z,11,82
2023-04-02T03:09Z,11,82
2023-04-02T03:14Z,11,82
2023-04-02T03:19Z,11,82
2023-04-02T03:24Z,11,83
2023-04-02T03:29Z,11,82
2023-04-02T03:34Z,11,82
2023-04-02T03:39Z,11,82
2023-04-02T03:44Z,11,82
2023-04-02T03:49Z,11,82
2023-04-02T03:54Z,11,82
2023-04-02T03:59Z,11,82
2023-04-02T04:04Z,11,83
2023-04-02T04:09Z,11,82
2023-04-02T04:14Z,11,82
2023-04-02T04:19Z,11,82
2023-04-02T04:24Z,11,82
2023-04-02T04:29Z,11,82
2023-04-02T04:34Z,11,82
2023-04-02T04:39Z,11,82
2023-04-02T04:44Z,11,82
2023-04-02T04:49Z,11,82
2023-04-02T04:54Z,11,82
2023-04-02T04:59Z,11,82
2023-04-02T05:04Z,11,82
2023-04-02T05:09Z,10,82
2023-04-02T05:14Z,10,82
2023-04-02T05:19Z,11,82
2023-04-02T05:24Z,11,82
2023-04-02T05:29Z,10,82
2023-04-02T05:34Z,10,82
2023-04-02T05:39Z,10,82
2023-04-02T05:44Z,10,82
2023-04-02T05:49Z,10,82
2023-04-02T05:54Z,10,82
2023-04-02T05:59Z,10,82
2023-04-02T06:04Z,10,82
2023-04-02T06:09Z,10,82
2023-04-02T06:14Z,10,82
2023-04-02T06:19Z,10,82
2023-04-02T06:24Z,10,82
2023-04-02T06:29Z,10,82
2023-04-02T06:34Z,10,82
2023-04-02T06:39Z,10,82
2023-04-02T06:44Z,10,82
2023-04-02T06:49Z,10,82
2023-04-02T06:54Z,10,82
2023-04-02T06:59Z,10,82
2023-04-02T07:04Z,10,82
2023-04-02T07:09Z,10,82
2023-04-02T07:14Z,10,82
2023-04-02T07:19Z,10,82
2023-04-02T07:24Z,10,82
2023-04-02T07:29Z,10,82
2023-04-02T07:34Z,10,82
2023-04-02T07:39Z,10,82
2023-04-02T07:44Z,10,82
2023-04-02T07:49Z,10,82
2023-04-02T07:54Z,10,82
2023-04-02T07:59Z,10,82
2023-04-02T08:04Z,10,82
2023-04-02T08:09Z,10,82
2023-04-02T08:14Z,10,82
2023-04-02T08:19Z,10,82
2023-04-02T08:24Z,10,82
2023-04-02T08:29Z,10,82
2023-04-02T08:34Z,10,82
2023-04-02T08:39Z,10,82
2023-04-02T08:44Z,10,82
2023-04-02T08:49Z,10,82
2023-04-02T08:54Z,10,82
2023-04-02T08:59Z,10,82
2023-04-02T09:04Z,10,82
2023-04-02T09:09Z,10,82
2023-04-02T09:14Z,10,82
2023-04-02T09:19Z,10,82
2023-04-02T09:24Z,10,82
2023-04-02T09:29Z,10,82
2023-04-02T09:34Z,10,82
2023-04-02T09:39Z,10,82
2023-04-02T09:44Z,10,83
2023-04-02T09:49Z,10,83
2023-04-02T09:54Z,10,82
2023-04-02T09:59Z,10,83
2023-04-02T10:04Z,10,83
2023-04-02T10:09Z,10,83
2023-04-02T10:14Z,10,83
2023-04-02T10:19Z,10,83
2023-04-02T10:24Z,10,83
2023-04-02T10:29Z,10,83
2023-04-02T10:34Z,10,83
2023-04-02T10:39Z,10,83
2023-04-02T10:44Z,11,83
2023-04-02T10:49Z,11,83
2023-04-02T10:54Z,11,83
2023-04-02T10:59Z,11,83
2023-04-02T11:04Z,11,84
2023-04-02T11:09Z,11,84
2023-04-02T11:14Z,11,84
2023-04-02T11:19Z,11,84
2023-04-02T11:24Z,11,84
2023-04-02T11:29Z,11,84
2023-04-02T11:34Z,12,84
2023-04-02T11:39Z,12,84
2023-04-02T11:44Z,12,84
2023-04-02T11:49Z,12,84
2023-04-02T11:54Z,12,84
2023-04-02T11:59Z,12,84
2023-04-02T12:04Z,12,84
2023-04-02T12:09Z,12,84
2023-04-02T12:14Z,12,84
2023-04-02T12:19Z,12,84
2023-04-02T12:24Z,12,84
2023-04-02T12:29Z,12,85
2023-04-02T12:34Z,13,85
2023-04-02T12:39Z,13,85
2023-04-02T12:44Z,13,85
2023-04-02T12:49Z,13,84
2023-04-02T12:54Z,13,85
2023-04-02T12:59Z,13,85
2023-04-02T13:04Z,13,85
2023-04-02T13:09Z,13,85
2023-04-02T13:14Z,13,85
2023-04-02T13:19Z,13,85
2023-04-02T13:24Z,13,85
2023-04-02T13:29Z,13,85
2023-04-02T13:34Z,13,87
2023-04-02T13:39Z,13,86
2023-04-02T13:44Z,13,86
2023-04-02T13:49Z,13,86
2023-04-02T13:54Z,13,86
2023-04-02T13:59Z,13,86
2023-04-02T14:04Z,13,86
2023-04-02T14:09Z,13,86
2023-04-02T14:14Z,13,86
2023-04-02T14:19Z,13,86
2023-04-02T14:24Z,13,86
2023-04-02T14:29Z,13,86
2023-04-02T14:34Z,13,86
2023-04-02T14:39Z,13,85
2023-04-02T14:44Z,13,86
2023-04-02T14:49Z,13,85
2023-04-02T14:54Z,13,86
2023-04-02T14:59Z,13,85
2023-04-02T15:04Z,13,85
2023-04-02T15:09Z,13,85
2023-04-02T15:14Z,13,85
2023-04-02T15:19Z,13,85
2023-04-02T15:24Z,13,85
2023-04-02T15:29Z,13,84
2023-04-02T15:34Z,13,85
2023-04-02T15:39Z,13,85
2023-04-02T15:44Z,13,85
2023-04-02T15:49Z,13,84
2023-04-02T15:54Z,13,84
2023-04-02T15:59Z,13,84
2023-04-02T16:04Z,13,84
2023-04-02T16:09Z,13,84
2023-04-02T16:14Z,13,84
2023-04-02T16:19Z,13,84
2023-04-02T16:24Z,13,84
2023-04-02T16:29Z,13,84
2023-04-02T16:34Z,13,84
2023-04-02T16:39Z,13,84
2023-04-02T16:44Z,13,84
2023-04-02T16:49Z,13,84
2023-04-02T16:54Z,13,84
2023-04-02T16:59Z,13,84
2023-04-02T17:04Z,13,84
2023-04-02T17:09Z,13,84
2023-04-02T17:14Z,13,84
2023-04-02T17:19Z,13,84
2023-04-02T17:24Z,13,84
2023-04-02T17:29Z,13,84
2023-04-02T17:34Z,13,84
2023-04-02T17:39Z,13,84
2023-04-02T17:44Z,13,84
2023-04-02T17:49Z,13,84
2023-04-02T17:54Z,13,84
2023-04-02T17:59Z,13,84
2023-04-02T18:04Z,13,84
2023-04-02T18:09Z,13,84
2023-04-02T18:14Z,13,84
2023-04-02T18:19Z,13,84
2023-04-02T18:24Z,13,84
2023-04-02T18:29Z,13,84
2023-04-02T18:34Z,13,84
2023-04-02T18:39Z,13,84
2023-04-02T18:44Z,13,84
2023-04-02T18:49Z,13,84
2023-04-02T18:54Z,13,84
2023-04-02T18:59Z,13,84
2023-04-02T19:04Z,13,84
2023-04-02T19:09Z,13,84
2023-04-02T19:14Z,13,84
2023-04-02T19:19Z,13,84
2023-04-02T19:24Z,13,84
2023-04-02T19:29Z,13,84
2023-04-02T19:34Z,13,84
2023-04-02T19:39Z,13,84
2023-04-02T19:44Z,13,84
2023-04-02T19:49Z,13,84
2023-04-02T19:54Z,13,85
2023-04-02T19:59Z,13,85
2023-04-02T20:04Z,13,85
2023-04-02T20:09Z,13,85
2023-04-02T20:14Z,13,85
2023-04-02T20:19Z,13,85
2023-04-02T20:24Z,13,85
2023-04-02T20:29Z,13,85
2023-04-02T20:34Z,13,85
2023-04-02T20:39Z,13,85
2023-04-02T20:44Z,13,85
2023-04-02T20:49Z,13,85
2023-04-02T20:54Z,13,85
2023-04-02T20:59Z,13,85
2023-04-02T21:04Z,13,85
2023-04-02T21:09Z,13,85
2023-04-02T21:14Z,13,85
2023-04-02T21:19Z,13,85
2023-04-02T21:24Z,13,85
2023-04-02T21:29Z,13,85
2023-04-02T21:34Z,13,85
2023-04-02T21:39Z,13,85
2023-04-02T21:44Z,13,85
2023-04-02T21:49Z,13,86
2023-04-02T21:54Z,13,87
2023-04-02T21:59Z,13,88
2023-04-02T22:04Z,13,88
2023-04-02T22:09Z,13,88
2023-04-02T22:14Z,13,88
2023-04-02T22:19Z,13,87
2023-04-02T22:24Z,13,87
2023-04-02T22:29Z,13,88
2023-04-02T22:34Z,13,87
2023-04-02T22:39Z,13,87
2023-04-02T22:44Z,13,87
2023-04-02T22:49Z,13,87
2023-04-02T22:54Z,13,87
2023-04-02T22:59Z,13,87
2023-04-02T23:04Z,13,87
2023-04-02T23:09Z,13,87
2023-04-02T23:14Z,13,86
2023-04-02T23:19Z,13,86
2023-04-02T23:24Z,13,86
2023-04-02T23:29Z,13,86
2023-04-02T23:34Z,13,86
2023-04-02T23:39Z,13,87
2023-04-02T23:44Z,13,86
2023-04-02T23:49Z,13,87
2023-04-02T23:54Z,13,87
2023-04-02T23:59Z,13,87
2023-04-03T00:04Z,13,87
2023-04-03T00:09Z,13,87
2023-04-03T00:14Z,13,87
2023-04-03T00:19Z,13,87
2023-04-03T00:24Z,13,87
2023-04-03T00:29Z,12,86
2023-04-03T00:34Z,12,86
2023-04-03T00:39Z,12,86
2023-04-03T00:44Z,12,86
2023-04-03T00:49Z,12,86
2023-04-03T00:54Z,12,86
2023-04-03T00:59Z,12,86
2023-04-03T01:04Z,12,86
2023-04-03T01:09Z,12,86
2023-04-03T01:14Z,12,86
2023-04-03T01:19Z,12,86
2023-04-03T01:24Z,12,86
2023-04-03T01:29Z,12,86
2023-04-03T01:34Z,12,86
2023-04-03T01:39Z,12,85
2023-04-03T01:44Z,12,86
2023-04-03T01:49Z,12,86
2023-04-03T01:54Z,12,86
2023-04-03T01:59Z,12,85
2023-04-03T02:04Z,12,85
2023-04-03T02:09Z,12,85
2023-04-03T02:14Z,12,85
2023-04-03T02:19Z,12,85
2023-04-03T02:24Z,12,85
2023-04-03T02:29Z,12,85
2023-04-03T02:34Z,12,85
2023-04-03T02:39Z,12,85
2023-04-03T02:44Z,12,85
2023-04-03T02:49Z,12,85
2023-04-03T02:54Z,12,85
2023-04-03T02:59Z,12,84
2023-04-03T03:04Z,12,85
2023-04-03T03:09Z,11,84
2023-04-03T03:14Z,11,84
2023-04-03T03:19Z,11,84
2023-04-03T03:24Z,11,84
2023-04-03T03:29Z,11,84
2023-04-03T03:34Z,11,84
2023-04-03T03:39Z,11,84
2023-04-03T03:44Z,11,84
2023-04-03T03:49Z,11,84
2023-04-03T03:54Z,11,84
2023-04-03T03:59Z,11,84
2023-04-03T04:04Z,11,84
2023-04-03T04:09Z,11,84
2023-04-03T04:14Z,11,84
2023-04-03T04:19Z,11,83
2023-04-03T04:24Z,11,84
2023-04-03T04:29Z,11,83
2023-04-03T04:34Z,11,83
2023-04-03T04:39Z,11,83
2023-04-03T04:44Z,11,83
2023-04-03T04:49Z,11,83
2023-04-03T04:54Z,11,83
2023-04-03T04:59Z,11,83
2023-04-03T05:04Z,11,83
2023-04-03T05:09Z,11,83
2023-04-03T05:14Z,11,83
2023-04-03T05:19Z,11,83
2023-04-03T05:24Z,11,83
2023-04-03T05:29Z,11,83
2023-04-03T05:34Z,11,83
2023-04-03T05:39Z,11,83
2023-04-03T05:44Z,11,83
2023-04-03T05:49Z,11,83
2023-04-03T05:54Z,11,83
2023-04-03T05:59Z,11,83
2023-04-03T06:04Z,11,83
2023-04-03T06:09Z,11,82
2023-04-03T06:14Z,11,83
2023-04-03T06:19Z,11,83
2023-04-03T06:24Z,11,82
2023-04-03T06:29Z,11,82
2023-04-03T06:34Z,11,82
2023-04-03T06:39Z,11,82
2023-04-03T06:44Z,11,82
2023-04-03T06:49Z,11,82
2023-04-03T06:54Z,11,82
2023-04-03T06:59Z,11,82
2023-04-03T07:04Z,11,82
2023-04-03T07:09Z,10,82
2023-04-03T07:14Z,11,82
2023-04-03T07:19Z,10,82
2023-04-03T07:24Z,10,82
2023-04-03T07:29Z,10,82
2023-04-03T07:34Z,10,82
2023-04-03T07:39Z,10,82
2023-04-03T07:44Z,10,82
2023-04-03T07:49Z,10,82
2023-04-03T07:54Z,10,82
2023-04-03T07:59Z,10,82
2023-04-03T08:04Z,10,82
2023-04-03T08:09Z,10,82
2023-04-03T08:14Z,10,81
2023-04-03T08:19Z,10,82
2023-04-03T08:24Z,10,82
2023-04-03T08:29Z,10,81
2023-04-03T08:34Z,10,82
2023-04-03T08:39Z,10,81
2023-04-03T08:44Z,10,81
2023-04-03T08:49Z,10,81
2023-04-03T08:54Z,10,81
2023-04-03T08:59Z,10,81
2023-04-03T09:04Z,10,81
2023-04-03T09:09Z,10,81
2023-04-03T09:14Z,10,81
2023-04-03T09:19Z,10,81
2023-04-03T09:24Z,10,81
2023-04-03T09:29Z,10,81
2023-04-03T09:34Z,10,81
2023-04-03T09:39Z,10,81
2023-04-03T09:44Z,10,81
2023-04-03T09:49Z,10,81
2023-04-03T09:54Z,10,81
2023-04-03T09:59Z,10,81
2023-04-03T10:04Z,10,81
2023-04-03T10:09Z,10,81
2023-04-03T10:14Z,10,81
2023-04-03T10:19Z,10,81
2023-04-03T10:24Z,10,81
2023-04-03T10:29Z,10,81
2023-04-03T10:34Z,10,81
2023-04-03T10:39Z,10,81
2023-04-03T10:44Z,10,81
2023-04-03T10:49Z,10,81
2023-04-03T10:54Z,10,81
2023-04-03T10:59Z,10,81
2023-04-03T11:04Z,10,81
2023-04-03T11:09Z,10,81
2023-04-03T11:14Z,10,81
2023-04-03T11:19Z,11,81
2023-04-03T11:24Z,11,81
2023-04-03T11:29Z,11,81
2023-04-03T11:34Z,11,81
2023-04-03T11:39Z,11,81
2023-04-03T11:44Z,11,81
2023-04-03T11:49Z,11,81
2023-04-03T11:54Z,11,81
2023-04-03T11:59Z,11,81
2023-04-03T12:04Z,11,81
2023-04-03T12:09Z,11,81
2023-04-03T12:14Z,11,80
2023-04-03T12:19Z,11,80
2023-04-03T12:24Z,11,80
2023-04-03T12:29Z,11,80
2023-04-03T12:34Z,11,80
2023-04-03T12:39Z,11,80
2023-04-03T12:44Z,11,80
2023-04-03T12:49Z,11,80
2023-04-03T12:54Z,11,79
2023-04-03T12:59Z,11,79
2023-04-03T13:04Z,11,79
2023-04-03T13:09Z,12,79
2023-04-03T13:14Z,12,79
2023-04-03T13:19Z,12,79
2023-04-03T13:24Z,12,79
2023-04-03T13:29Z,12,79
2023-04-03T13:34Z,12,79
2023-04-03T13:39Z,12,79
2023-04-03T13:44Z,12,79
2023-04-03T13:49Z,12,79
2023-04-03T13:54Z,12,79
2023-04-03T13:59Z,12,79
2023-04-03T14:04Z,12,79
2023-04-03T14:09Z,12,80
2023-04-03T14:14Z,12,80
2023-04-03T14:19Z,12,80
2023-04-03T14:24Z,13,80
2023-04-03T14:29Z,13,80
2023-04-03T14:34Z,13,80
2023-04-03T14:39Z,13,80
2023-04-03T14:44Z,13,80
2023-04-03T14:49Z,13,78
2023-04-03T14:54Z,13,80
2023-04-03T14:59Z,13,79
2023-04-03T15:04Z,13,79
2023-04-03T15:09Z,13,79
2023-04-03T15:14Z,13,79
2023-04-03T15:19Z,13,79
2023-04-03T15:24Z,13,79
2023-04-03T15:29Z,13,79
2023-04-03T15:34Z,13,79
2023-04-03T15:39Z,13,79
2023-04-03T15:44Z,13,79
2023-04-03T15:49Z,13,79
2023-04-03T15:54Z,13,79
2023-04-03T15:59Z,13,79
2023-04-03T16:04Z,13,79
2023-04-03T16:09Z,13,79
2023-04-03T16:14Z,13,79
2023-04-03T16:19Z,13,79
2023-04-03T16:24Z,13,79
2023-04-03T16:29Z,13,79
2023-04-03T16:34Z,13,79
2023-04-03T16:39Z,13,79
2023-04-03T16:44Z,13,79
2023-04-03T16:49Z,13,79
2023-04-03T16:54Z,14,79
2023-04-03T16:59Z,14,79
2023-04-03T17:04Z,14,79
2023-04-03T17:09Z,14,79
2023-04-03T17:14Z,14,79
2023-04-03T17:19Z,14,79
2023-04-03T17:24Z,14,79
2023-04-03T17:29Z,14,78
2023-04-03T17:34Z,14,78
2023-04-03T17:39Z,14,78
2023-04-03T17:44Z,14,78
2023-04-03T17:49Z,14,78
2023-04-03T17:54Z,14,78
2023-04-03T17:59Z,14,78
2023-04-03T18:04Z,14,77
2023-04-03T18:09Z,14,77
2023-04-03T18:14Z,14,76
2023-04-03T18:19Z,15,75
2023-04-03T18:24Z,15,75
2023-04-03T18:29Z,15,75
2023-04-03T18:34Z,15,75
2023-04-03T18:39Z,14,75
2023-04-03T18:44Z,14,75
2023-04-03T18:49Z,14,75
2023-04-03T18:54Z,14,75
2023-04-03T18:59Z,14,75
2023-04-03T19:04Z,14,75
2023-04-03T19:09Z,14,75
2023-04-03T19:14Z,14,75
2023-04-03T19:19Z,14,75
2023-04-03T19:24Z,14,76
2023-04-03T19:29Z,14,75
2023-04-03T19:34Z,14,75
2023-04-03T19:39Z,14,76
2023-04-03T19:44Z,14,75
2023-04-03T19:49Z,14,75
2023-04-03T19:54Z,14,75
2023-04-03T19:59Z,14,76
2023-04-03T20:04Z,14,75
2023-04-03T20:09Z,14,76
2023-04-03T20:14Z,14,75
2023-04-03T20:19Z,14,76
2023-04-03T20:24Z,14,76
2023-04-03T20:29Z,13,75
2023-04-03T20:34Z,13,76
2023-04-03T20:39Z,13,75
2023-04-03T20:44Z,13,75
2023-04-03T20:49Z,13,75
2023-04-03T20:54Z,13,75
2023-04-03T20:59Z,13,75
2023-04-03T21:04Z,13,75
2023-04-03T21:09Z,13,75
2023-04-03T21:14Z,13,75
2023-04-03T21:19Z,13,75
2023-04-03T21:24Z,13,75
2023-04-03T21:29Z,13,75
2023-04-03T21:34Z,13,75
2023-04-03T21:39Z,13,76
2023-04-03T21:44Z,13,75
2023-04-03T21:49Z,13,75
2023-04-03T21:54Z,13,75
2023-04-03T21:59Z,13,76
2023-04-03T22:04Z,13,76
2023-04-03T22:09Z,13,76
2023-04-03T22:14Z,13,76
2023-04-03T22:19Z,13,77
2023-04-03T22:24Z,13,76
2023-04-03T22:29Z,13,77
2023-04-03T22:34Z,13,77
2023-04-03T22:39Z,13,77
2023-04-03T22:44Z,13,77
2023-04-03T22:49Z,13,77
2023-04-03T22:54Z,13,77
2023-04-03T22:59Z,12,77
2023-04-03T23:04Z,12,77
2023-04-03T23:09Z,12,77
2023-04-03T23:14Z,12,77
2023-04-03T23:19Z,12,77
2023-04-03T23:24Z,12,77
2023-04-03T23:29Z,12,77
2023-04-03T23:34Z,12,77
2023-04-03T23:39Z,12,77
2023-04-03T23:44Z,12,77
2023-04-03T23:49Z,12,77
2023-04-03T23:54Z,12,77
2023-04-03T23:59Z,12,77
2023-04-04T00:04Z,12,77
2023-04-04T00:09Z,12,77
2023-04-04T00:14Z,12,77
2023-04-04T00:19Z,12,77
2023-04-04T00:24Z,12,77
2023-04-04T00:29Z,12,77
2023-04-04T00:34Z,12,77
2023-04-04T00:39Z,12,77
2023-04-04T00:44Z,12,77
2023-04-04T00:49Z,11,77
2023-04-04T00:54Z,11,76
2023-04-04T00:59Z,11,76
2023-04-04T01:04Z,11,77
2023-04-04T01:09Z,11,77
2023-04-04T01:14Z,11,76
2023-04-04T01:19Z,11,76
2023-04-04T01:24Z,11,76
2023-04-04T01:29Z,11,76
2023-04-04T01:34Z,11,76
2023-04-04T01:39Z,11,76
2023-04-04T01:44Z,11,76
2023-04-04T01:49Z,11,76
2023-04-04T01:54Z,11,76
2023-04-04T01:59Z,11,76
2023-04-04T02:04Z,11,76
2023-04-04T02:09Z,11,76
2023-04-04T02:14Z,11,76
2023-04-04T02:19Z,11,76
2023-04-04T02:24Z,11,76
2023-04-04T02:29Z,11,76
2023-04-04T02:34Z,11,76
2023-04-04T02:39Z,11,76
2023-04-04T02:44Z,11,76
2023-04-04T02:49Z,11,76
2023-04-04T02:54Z,11,76
2023-04-04T02:59Z,11,76
2023-04-04T03:04Z,11,76
2023-04-04T03:09Z,11,76
2023-04-04T03:14Z,11,76
2023-04-04T03:19Z,11,76
2023-04-04T03:24Z,11,76
2023-04-04T03:29Z,11,76
2023-04-04T03:34Z,11,76
2023-04-04T03:39Z,11,76
2023-04-04T03:44Z,11,76
2023-04-04T03:49Z,11,76
2023-04-04T03:54Z,10,76
2023-04-04T03:59Z,10,75
2023-04-04T04:04Z,11,76
2023-04-04T04:09Z,11,75
2023-04-04T04:14Z,10,76
2023-04-04T04:19Z,10,75
2023-04-04T04:24Z,10,76
2023-04-04T04:29Z,10,76
2023-04-04T04:34Z,10,75
2023-04-04T04:39Z,10,76
2023-04-04T04:44Z,10,76
2023-04-04T04:49Z,10,76
2023-04-04T04:54Z,10,75
2023-04-04T04:59Z,10,76
2023-04-04T05:04Z,10,76
2023-04-04T05:09Z,10,75
2023-04-04T05:14Z,10,75
2023-04-04T05:19Z,10,76
2023-04-04T05:24Z,10,75
2023-04-04T05:29Z,10,75
2023-04-04T05:34Z,10,75
2023-04-04T05:39Z,10,75
2023-04-04T05:44Z,10,75
2023-04-04T05:49Z,10,75
2023-04-04T05:54Z,10,75
2023-04-04T05:59Z,10,75
2023-04-04T06:04Z,10,76
2023-04-04T06:09Z,10,75
2023-04-04T06:14Z,10,75
2023-04-04T06:19Z,10,75
2023-04-04T06:24Z,10,75
2023-04-04T06:29Z,10,75
2023-04-04T06:34Z,10,75
2023-04-04T06:39Z,10,75
2023-04-04T06:44Z,10,75
2023-04-04T06:49Z,10,75
2023-04-04T06:54Z,10,75
2023-04-04T06:59Z,10,75
2023-04-04T07:04Z,10,75
2023-04-04T07:09Z,10,75
2023-04-04T07:14Z,10,75
2023-04-04T07:19Z,10,75
2023-04-04T07:24Z,10,75
2023-04-04T07:29Z,10,75
2023-04-04T07:34Z,10,75
2023-04-04T07:39Z,10,75
2023-04-04T07:44Z,10,75
2023-04-04T07:49Z,10,75
2023-04-04T07:54Z,10,75
2023-04-04T07:59Z,10,75
2023-04-04T08:04Z,10,75
2023-04-04T08:09Z,10,75
2023-04-04T08:14Z,10,75
2023-04-04T08:19Z,10,75
2023-04-04T08:24Z,10,75
2023-04-04T08:29Z,10,75
2023-04-04T08:34Z,10,75
2023-04-04T08:39Z,10,75
2023-04-04T08:44Z,10,75
2023-04-04T08:49Z,10,75
2023-04-04T08:54Z,10,75
2023-04-04T08:59Z,10,75
2023-04-04T09:04Z,10,75
2023-04-04T09:09Z,10,75
2023-04-04T09:14Z,10,75
2023-04-04T09:19Z,10,75
2023-04-04T09:24Z,10,75
2023-04-04T09:29Z,10,76
2023-04-04T09:34Z,10,75
2023-04-04T09:39Z,10,76
2023-04-04T09:44Z,10,77
2023-04-04T09:49Z,10,77
2023-04-04T09:54Z,11,77
2023-04-04T09:59Z,11,76
2023-04-04T10:04Z,12,76
2023-04-04T10:09Z,12,76
2023-04-04T10:14Z,12,75
2023-04-04T10:19Z,13,75
2023-04-04T10:24Z,13,74
2023-04-04T10:29Z,13,74
2023-04-04T10:34Z,13,73
2023-04-04T10:39Z,13,73
2023-04-04T10:44Z,14,73
2023-04-04T10:49Z,14,73
2023-04-04T10:54Z,14,73
2023-04-04T10:59Z,14,72
2023-04-04T11:04Z,14,72
2023-04-04T11:09Z,15,73
2023-04-04T11:14Z,15,72
2023-04-04T11:19Z,15,72
2023-04-04T11:24Z,15,73
2023-04-04T11:29Z,15,72
2023-04-04T11:34Z,15,73
2023-04-04T11:39Z,15,73
2023-04-04T11:44Z,15,72
2023-04-04T11:49Z,16,72
2023-04-04T11:54Z,16,73
2023-04-04T11:59Z,16,73
2023-04-04T12:04Z,16,74
2023-04-04T12:09Z,16,74
2023-04-04T12:14Z,17,74
2023-04-04T12:19Z,17,75
2023-04-04T12:24Z,17,77
2023-04-04T12:29Z,17,79
2023-04-04T12:34Z,17,79
2023-04-04T12:39Z,17,79
2023-04-04T12:44Z,18,79
2023-04-04T12:49Z,18,79
2023-04-04T12:54Z,18,79
2023-04-04T12:59Z,18,79
2023-04-04T13:04Z,19,79
2023-04-04T13:09Z,19,80
2023-04-04T13:14Z,19,80
2023-04-04T13:19Z,19,80
2023-04-04T13:24Z,19,80
2023-04-04T13:29Z,19,80
2023-04-04T13:34Z,20,81
2023-04-04T13:39Z,20,80
2023-04-04T13:44Z,19,79
2023-04-04T13:49Z,19,78
2023-04-04T13:54Z,19,77
2023-04-04T13:59Z,19,77
2023-04-04T14:04Z,19,75
2023-04-04T14:09Z,19,75
2023-04-04T14:14Z,18,74
2023-04-04T14:19Z,18,74
2023-04-04T14:24Z,18,75
2023-04-04T14:29Z,18,74
2023-04-04T14:34Z,18,74
2023-04-04T14:39Z,17,74
2023-04-04T14:44Z,17,74
2023-04-04T14:49Z,17,74
2023-04-04T14:54Z,17,74
2023-04-04T14:59Z,17,74
2023-04-04T15:04Z,17,74
2023-04-04T15:09Z,17,75
2023-04-04T15:14Z,17,74
2023-04-04T15:19Z,16,75
2023-04-04T15:24Z,16,75
2023-04-04T15:29Z,16,75
2023-04-04T15:34Z,16,75
2023-04-04T15:39Z,16,74
2023-04-04T15:44Z,16,75
2023-04-04T15:49Z,16,74
2023-04-04T15:54Z,16,75
2023-04-04T15:59Z,16,74
2023-04-04T16:04Z,16,74
2023-04-04T16:09Z,16,74
2023-04-04T16:14Z,16,75
2023-04-04T16:19Z,16,74
2023-04-04T16:24Z,16,74
2023-04-04T16:29Z,16,74
2023-04-04T16:34Z,16,74
2023-04-04T16:39Z,16,74
2023-04-04T16:44Z,16,74
2023-04-04T16:49Z,16,74
2023-04-04T16:54Z,16,74
2023-04-04T16:59Z,16,74
2023-04-04T17:04Z,16,74
2023-04-04T17:09Z,16,73
2023-04-04T17:14Z,16,73
2023-04-04T17:19Z,16,73
2023-04-04T17:24Z,16,73
2023-04-04T17:29Z,16,73
2023-04-04T17:34Z,16,73
2023-04-04T17:39Z,16,73
2023-04-04T17:44Z,16,73
2023-04-04T17:49Z,16,73
2023-04-04T17:54Z,16,73
2023-04-04T17:59Z,16,73
2023-04-04T18:04Z,16,73
2023-04-04T18:09Z,16,73
2023-04-04T18:14Z,16,73
2023-04-04T18:19Z,16,73
2023-04-04T18:24Z,16,72
2023-04-04T18:29Z,16,73
2023-04-04T18:34Z,16,72
2023-04-04T18:39Z,16,73
2023-04-04T18:44Z,16,73
2023-04-04T18:49Z,16,73
2023-04-04T18:54Z,16,72
2023-04-04T18:59Z,16,72
2023-04-04T19:04Z,17,71
2023-04-04T19:09Z,17,71
2023-04-04T19:14Z,17,71
2023-04-04T19:19Z,18,70
2023-04-04T19:24Z,18,70
2023-04-04T19:29Z,18,70
2023-04-04T19:34Z,18,70
2023-04-04T19:39Z,18,68
2023-04-04T19:44Z,18,68
2023-04-04T19:49Z,18,68
2023-04-04T19:54Z,19,68
2023-04-04T19:59Z,19,67
2023-04-04T20:04Z,19,66
2023-04-04T20:09Z,19,64
2023-04-04T20:14Z,19,63
2023-04-04T20:19Z,19,63
2023-04-04T20:24Z,19,62
2023-04-04T20:29Z,19,62
2023-04-04T20:34Z,19,61
2023-04-04T20:39Z,19,60
2023-04-04T20:44Z,19,60
2023-04-04T20:49Z,19,59
2023-04-04T20:54Z,19,59
2023-04-04T20:59Z,19,58
2023-04-04T21:04Z,19,58
2023-04-04T21:09Z,18,59
2023-04-04T21:14Z,18,58
2023-04-04T21:19Z,18,59
2023-04-04T21:24Z,18,60
2023-04-04T21:29Z,18,58
2023-04-04T21:34Z,18,58
2023-04-04T21:39Z,18,58
2023-04-04T21:44Z,19,59
2023-04-04T21:49Z,19,59
2023-04-04T21:54Z,19,59
2023-04-04T21:59Z,19,59
2023-04-04T22:04Z,19,59
2023-04-04T22:09Z,19,60
2023-04-04T22:14Z,19,60
2023-04-04T22:19Z,19,60
2023-04-04T22:24Z,19,60
2023-04-04T22:29Z,19,61
2023-04-04T22:34Z,19,61
2023-04-04T22:39Z,19,62
2023-04-04T22:44Z,19,62
2023-04-04T22:49Z,19,62
2023-04-04T22:54Z,19,62
2023-04-04T22:59Z,18,63
2023-04-04T23:04Z,18,63
2023-04-04T23:09Z,18,63
2023-04-04T23:14Z,18,65
2023-04-04T23:19Z,18,65
2023-04-04T23:24Z,18,65
2023-04-04T23:29Z,18,66
2023-04-04T23:34Z,18,66
2023-04-04T23:39Z,18,66
2023-04-04T23:44Z,17,66
2023-04-04T23:49Z,17,66
2023-04-04T23:54Z,17,67
2023-04-04T23:59Z,17,67
2023-04-05T00:04Z,17,67
2023-04-05T00:09Z,17,67
2023-04-05T00:14Z,17,67
2023-04-05T00:19Z,17,68
2023-04-05T00:24Z,17,68
2023-04-05T00:29Z,17,68
2023-04-05T00:34Z,17,68
2023-04-05T00:39Z,17,69
2023-04-05T00:44Z,16,68
2023-04-05T00:49Z,16,69
2023-04-05T00:54Z,16,68
2023-04-05T00:59Z,16,69
2023-04-05T01:04Z,16,69
2023-04-05T01:09Z,16,69
2023-04-05T01:14Z,16,69
2023-04-05T01:19Z,16,69
2023-04-05T01:24Z,16,69
2023-04-05T01:29Z,16,69
2023-04-05T01:34Z,16,70
2023-04-05T01:39Z,16,70
2023-04-05T01:44Z,16,70
2023-04-05T01:49Z,16,70
2023-04-05T01:54Z,16,70
2023-04-05T01:59Z,16,70
2023-04-05T02:04Z,16,70
2023-04-05T02:09Z,16,70
2023-04-05T02:14Z,16,70
2023-04-05T02:19Z,16,71
2023-04-05T02:24Z,16,71
2023-04-05T02:29Z,16,71
2023-04-05T02:34Z,16,71
2023-04-05T02:39Z,16,71
2023-04-05T02:44Z,16,71
2023-04-05T02:49Z,16,71
2023-04-05T02:54Z,15,71
2023-04-05T02:59Z,15,72
2023-04-05T03:04Z,15,71
2023-04-05T03:09Z,15,72
2023-04-05T03:14Z,15,72
2023-04-05T03:19Z,15,73
2023-04-05T03:24Z,15,72
2023-04-05T03:29Z,15,73
2023-04-05T03:34Z,15,73
2023-04-05T03:39Z,15,73
2023-04-05T03:44Z,15,73
2023-04-05T03:49Z,15,73
2023-04-05T03:54Z,15,73
2023-04-05T03:59Z,15,73
2023-04-05T04:04Z,15,73
2023-04-05T04:09Z,15,73
2023-04-05T04:14Z,15,73
2023-04-05T04:19Z,15,73
2023-04-05T04:24Z,15,74
2023-04-05T04:29Z,15,74
2023-04-05T04:34Z,15,74
2023-04-05T04:39Z,15,74
2023-04-05T04:44Z,15,74
2023-04-05T04:49Z,15,74
2023-04-05T04:54Z,15,74
2023-04-05T04:59Z,15,74
2023-04-05T05:04Z,15,74
2023-04-05T05:09Z,15,74
2023-04-05T05:14Z,15,74
2023-04-05T05:19Z,15,74
2023-04-05T05:24Z,15,74
2023-04-05T05:29Z,15,74
2023-04-05T05:34Z,15,74
2023-04-05T05:39Z,15,74
2023-04-05T05:44Z,15,74
2023-04-05T05:49Z,15,74
2023-04-05T05:54Z,15,74
2023-04-05T05:59Z,15,74
2023-04-05T06:04Z,15,75
2023-04-05T06:09Z,15,75
2023-04-05T06:14Z,15,75
2023-04-05T06:19Z,15,75
2023-04-05T06:24Z,15,75
2023-04-05T06:29Z,15,75
2023-04-05T06:34Z,15,75
2023-04-05T06:39Z,15,75
2023-04-05T06:44Z,15,75
2023-04-05T06:49Z,15,75
2023-04-05T06:54Z,15,75
2023-04-05T06:59Z,15,75
2023-04-05T07:04Z,15,75
2023-04-05T07:09Z,15,75
2023-04-05T07:14Z,15,75
2023-04-05T07:19Z,15,75
2023-04-05T07:24Z,15,75
2023-04-05T07:29Z,15,75
2023-04-05T07:34Z,15,75
2023-04-05T07:39Z,14,75
2023-04-05T07:44Z,15,76
2023-04-05T07:49Z,14,76
2023-04-05T07:54Z,15,76
2023-04-05T07:59Z,14,76
2023-04-05T08:04Z,14,76
2023-04-05T08:09Z,14,76
2023-04-05T08:14Z,14,76
2023-04-05T08:19Z,14,76
2023-04-05T08:24Z,14,76
2023-04-05T08:29Z,14,76
2023-04-05T08:34Z,14,76
2023-04-05T08:39Z,14,76
2023-04-05T08:44Z,14,76
2023-04-05T08:49Z,14,76
2023-04-05T08:54Z,14,76
2023-04-05T08:59Z,14,76
2023-04-05T09:04Z,14,76
2023-04-05T09:09Z,14,76
2023-04-05T09:14Z,14,76
2023-04-05T09:19Z,14,76
2023-04-05T09:24Z,14,76
2023-04-05T09:29Z,14,76
2023-04-05T09:34Z,14,76
2023-04-05T09:39Z,14,77
2023-04-05T09:44Z,14,76
2023-04-05T09:49Z,14,76
2023-04-05T09:54Z,14,77
2023-04-05T09:59Z,14,77
2023-04-05T10:04Z,14,77
2023-04-05T10:09Z,14,77
2023-04-05T10:14Z,14,77
2023-04-05T10:19Z,14,77
2023-04-05T10:24Z,14,77
2023-04-05T10:29Z,14,77
2023-04-05T10:34Z,14,77
2023-04-05T10:39Z,14,77
2023-04-05T10:44Z,14,77
2023-04-05T10:49Z,14,77
2023-04-05T10:54Z,14,77
2023-04-05T10:59Z,14,77
2023-04-05T11:04Z,14,77
2023-04-05T11:09Z,14,77
2023-04-05T11:14Z,14,77
2023-04-05T11:19Z,14,77
2023-04-05T11:24Z,14,77
2023-04-05T11:29Z,14,77
2023-04-05T11:34Z,14,78
2023-04-05T11:39Z,14,78
2023-04-05T11:44Z,14,77
2023-04-05T11:49Z,14,77
2023-04-05T11:54Z,14,78
2023-04-05T11:59Z,14,78
2023-04-05T12:04Z,14,78
2023-04-05T12:09Z,14,78
2023-04-05T12:14Z,14,77
2023-04-05T12:19Z,14,78
2023-04-05T12:24Z,14,78
2023-04-05T12:29Z,14,78
2023-04-05T12:34Z,14,78
2023-04-05T12:39Z,14,78
2023-04-05T12:44Z,14,77
2023-04-05T12:49Z,14,78
2023-04-05T12:54Z,14,78
2023-04-05T12:59Z,14,78
2023-04-05T13:04Z,15,78
2023-04-05T13:09Z,15,78
2023-04-05T13:14Z,14,78
2023-04-05T13:19Z,15,78
2023-04-05T13:24Z,15,78
2023-04-05T13:29Z,15,78
2023-04-05T13:34Z,15,78
2023-04-05T13:39Z,15,78
2023-04-05T13:44Z,15,78
2023-04-05T13:49Z,15,78
2023-04-05T13:54Z,15,78
2023-04-05T13:59Z,15,78
2023-04-05T14:04Z,15,78
2023-04-05T14:09Z,15,78
2023-04-05T14:14Z,15,78
2023-04-05T14:19Z,15,78
2023-04-05T14:24Z,15,78
2023-04-05T14:29Z,15,78
2023-04-05T14:34Z,15,78
2023-04-05T14:39Z,16,77
2023-04-05T14:44Z,16,76
2023-04-05T14:49Z,16,76
2023-04-05T14:54Z,17,75
2023-04-05T14:59Z,17,75
2023-04-05T15:04Z,17,75
2023-04-05T15:09Z,17,75
2023-04-05T15:14Z,17,74
2023-04-05T15:19Z,18,74
2023-04-05T15:24Z,18,74
2023-04-05T15:29Z,18,72
2023-04-05T15:34Z,18,72
2023-04-05T15:39Z,18,72
2023-04-05T15:44Z,19,72
2023-04-05T15:49Z,19,72
2023-04-05T15:54Z,19,72
2023-04-05T15:59Z,19,71
2023-04-05T16:04Z,19,71
2023-04-05T16:09Z,19,71
2023-04-05T16:14Z,19,71
2023-04-05T16:19Z,19,71
2023-04-05T16:24Z,19,71
2023-04-05T16:29Z,19,71
2023-04-05T16:34Z,19,71
2023-04-05T16:39Z,19,72
2023-04-05T16:44Z,19,72
2023-04-05T16:49Z,19,72
2023-04-05T16:54Z,18,72
2023-04-05T16:59Z,18,72
2023-04-05T17:04Z,18,74
2023-04-05T17:09Z,18,74
2023-04-05T17:14Z,18,74
2023-04-05T17:19Z,18,74
2023-04-05T17:24Z,18,74
2023-04-05T17:29Z,18,75
2023-04-05T17:34Z,18,74
2023-04-05T17:39Z,17,75
2023-04-05T17:44Z,17,75
2023-04-05T17:49Z,17,75
2023-04-05T17:54Z,17,75
2023-04-05T17:59Z,17,75
2023-04-05T18:04Z,17,75
2023-04-05T18:09Z,17,76
2023-04-05T18:14Z,17,76
2023-04-05T18:19Z,17,76
2023-04-05T18:24Z,17,76
2023-04-05T18:29Z,17,76
2023-04-05T18:34Z,17,76
2023-04-05T18:39Z,17,76
2023-04-05T18:44Z,17,76
2023-04-05T18:49Z,17,76
2023-04-05T18:54Z,17,76
2023-04-05T18:59Z,17,76
2023-04-05T19:04Z,17,76
2023-04-05T19:09Z,16,76
2023-04-05T19:14Z,16,76
2023-04-05T19:19Z,16,76
2023-04-05T19:24Z,16,77
2023-04-05T19:29Z,16,77
2023-04-05T19:34Z,16,77
2023-04-05T19:39Z,16,77
2023-04-05T19:44Z,16,77
2023-04-05T19:49Z,16,78
2023-04-05T19:54Z,16,79
2023-04-05T19:59Z,16,79
2023-04-05T20:04Z,17,81
2023-04-05T20:09Z,17,83
2023-04-05T20:14Z,17,84
2023-04-05T20:19Z,17,85
2023-04-05T20:24Z,17,86
2023-04-05T20:29Z,17,86
2023-04-05T20:34Z,17,87
2023-04-05T20:39Z,18,88
2023-04-05T20:44Z,18,88
2023-04-05T20:49Z,18,88
2023-04-05T20:54Z,18,89
2023-04-05T20:59Z,18,89
2023-04-05T21:04Z,18,90
2023-04-05T21:09Z,18,88
2023-04-05T21:14Z,18,88
2023-04-05T21:19Z,18,88
2023-04-05T21:24Z,18,88
2023-04-05T21:29Z,18,87
2023-04-05T21:34Z,18,87
2023-04-05T21:39Z,18,87
2023-04-05T21:44Z,17,87
2023-04-05T21:49Z,17,87
2023-04-05T21:54Z,17,86
2023-04-05T21:59Z,17,86
2023-04-05T22:04Z,17,86
2023-04-05T22:09Z,17,86
2023-04-05T22:14Z,17,86
2023-04-05T22:19Z,17,86
2023-04-05T22:24Z,17,86
2023-04-05T22:29Z,17,86
2023-04-05T22:34Z,17,86
2023-04-05T22:39Z,17,86
2023-04-05T22:44Z,17,86
2023-04-05T22:49Z,17,86
2023-04-05T22:54Z,17,86
2023-04-05T22:59Z,16,85
2023-04-05T23:04Z,16,86
2023-04-05T23:09Z,16,86
2023-04-05T23:14Z,16,85
2023-04-05T23:19Z,16,86
2023-04-05T23:24Z,16,85
2023-04-05T23:29Z,16,85
2023-04-05T23:34Z,16,85
2023-04-05T23:39Z,16,85
2023-04-05T23:44Z,16,85
2023-04-05T23:49Z,16,85
2023-04-05T23:54Z,16,85
2023-04-05T23:59Z,16,85
2023-04-06T00:04Z,16,85
2023-04-06T00:09Z,16,85
2023-04-06T00:14Z,16,85
2023-04-06T00:19Z,16,85
2023-04-06T00:24Z,16,85
2023-04-06T00:29Z,16,85
2023-04-06T00:34Z,16,85
2023-04-06T00:39Z,16,85
2023-04-06T00:44Z,16,85
2023-04-06T00:49Z,16,85
2023-04-06T00:54Z,16,85
2023-04-06T00:59Z,16,84
2023-04-06T01:04Z,16,84
2023-04-06T01:09Z,16,84
2023-04-06T01:14Z,16,85
2023-04-06T01:19Z,16,84
2023-04-06T01:24Z,16,84
2023-04-06T01:29Z,15,84
2023-04-06T01:34Z,15,84
2023-04-06T01:39Z,16,84
2023-04-06T01:44Z,16,84
2023-04-06T01:49Z,15,84
2023-04-06T01:54Z,15,85
2023-04-06T01:59Z,15,85
2023-04-06T02:04Z,15,85
2023-04-06T02:09Z,15,85
2023-04-06T02:14Z,15,85
2023-04-06T02:19Z,15,85
2023-04-06T02:24Z,15,85
2023-04-06T02:29Z,15,85
2023-04-06T02:34Z,15,85
2023-04-06T02:39Z,15,85
2023-04-06T02:44Z,15,85
2023-04-06T02:49Z,15,85
2023-04-06T02:54Z,15,85
2023-04-06T02:59Z,15,85
2023-04-06T03:04Z,15,85
2023-04-06T03:09Z,15,84
2023-04-06T03:14Z,15,85
2023-04-06T03:19Z,15,84
2023-04-06T03:24Z,15,84
2023-04-06T03:29Z,15,84
2023-04-06T03:34Z,15,84
2023-04-06T03:39Z,15,84
2023-04-06T03:44Z,15,84
2023-04-06T03:49Z,15,84
2023-04-06T03:54Z,15,84
2023-04-06T03:59Z,15,84
2023-04-06T04:04Z,15,84
2023-04-06T04:09Z,15,84
2023-04-06T04:14Z,15,84
2023-04-06T04:19Z,15,84
2023-04-06T04:24Z,15,84
2023-04-06T04:29Z,15,84
2023-04-06T04:34Z,15,84
2023-04-06T04:39Z,15,84
2023-04-06T04:44Z,15,84
2023-04-06T04:49Z,15,84
2023-04-06T04:54Z,15,84
2023-04-06T04:59Z,15,84
2023-04-06T05:04Z,15,84
2023-04-06T05:09Z,15,84
2023-04-06T05:14Z,15,84
2023-04-06T05:19Z,15,84
2023-04-06T05:24Z,15,84
2023-04-06T05:29Z,15,83
2023-04-06T05:34Z,15,84
2023-04-06T05:39Z,15,83
2023-04-06T05:44Z,15,83
2023-04-06T05:49Z,15,83
2023-04-06T05:54Z,15,83
2023-04-06T05:59Z,14,84
2023-04-06T06:04Z,14,83
2023-04-06T06:09Z,14,83
2023-04-06T06:14Z,14,83
2023-04-06T06:19Z,14,83
2023-04-06T06:24Z,14,83
2023-04-06T06:29Z,14,83
2023-04-06T06:34Z,14,83
2023-04-06T06:39Z,14,83
2023-04-06T06:44Z,14,83
2023-04-06T06:49Z,14,83
2023-04-06T06:54Z,14,83
2023-04-06T06:59Z,14,83
2023-04-06T07:04Z,14,83
2023-04-06T07:09Z,14,83
2023-04-06T07:14Z,14,83
2023-04-06T07:19Z,14,83
2023-04-06T07:24Z,14,83
2023-04-06T07:29Z,14,83
2023-04-06T07:34Z,14,83
2023-04-06T07:39Z,14,83
2023-04-06T07:44Z,14,83
2023-04-06T07:49Z,14,83
2023-04-06T07:54Z,14,83
2023-04-06T07:59Z,14,83
2023-04-06T08:04Z,14,83
2023-04-06T08:09Z,14,83
2023-04-06T08:14Z,14,83
2023-04-06T08:19Z,14,83
2023-04-06T08:24Z,14,83
2023-04-06T08:29Z,14,83
2023-04-06T08:34Z,14,83
2023-04-06T08:39Z,14,83
2023-04-06T08:44Z,14,83
2023-04-06T08:49Z,14,83
2023-04-06T08:54Z,14,83
2023-04-06T08:59Z,14,83
2023-04-06T09:04Z,14,84
2023-04-06T09:09Z,14,85
2023-04-06T09:14Z,14,85
2023-04-06T09:19Z,14,85
2023-04-06T09:24Z,14,85
2023-04-06T09:29Z,14,85
2023-04-06T09:34Z,14,85
2023-04-06T09:39Z,14,85
2023-04-06T09:44Z,14,85
2023-04-06T09:49Z,14,85
2023-04-06T09:54Z,14,85
2023-04-06T09:59Z,14,85
2023-04-06T10:04Z,14,85
2023-04-06T10:09Z,14,85
2023-04-06T10:14Z,14,85
2023-04-06T10:19Z,14,85
2023-04-06T10:24Z,14,85
2023-04-06T10:29Z,14,85
2023-04-06T10:34Z,14,85
2023-04-06T10:39Z,14,85
2023-04-06T10:44Z,14,85
2023-04-06T10:49Z,14,85
2023-04-06T10:54Z,14,85
2023-04-06T10:59Z,14,85
2023-04-06T11:04Z,14,85
2023-04-06T11:09Z,14,85
2023-04-06T11:14Z,14,85
2023-04-06T11:19Z,14,85
2023-04-06T11:24Z,14,85
2023-04-06T11:29Z,14,84
2023-04-06T11:34Z,14,84
2023-04-06T11:39Z,14,84
2023-04-06T11:44Z,14,85
2023-04-06T11:49Z,14,84
2023-04-06T11:54Z,14,84
2023-04-06T11:59Z,14,84
2023-04-06T12:04Z,14,84
2023-04-06T12:09Z,14,84
2023-04-06T12:14Z,14,84
2023-04-06T12:19Z,14,84
2023-04-06T12:24Z,14,84
2023-04-06T12:29Z,14,84
2023-04-06T12:34Z,14,84
2023-04-06T12:39Z,14,84
2023-04-06T12:44Z,14,83
2023-04-06T12:49Z,14,84
2023-04-06T12:54Z,14,84
2023-04-06T12:59Z,14,84
2023-04-06T13:04Z,14,84
2023-04-06T13:09Z,14,83
2023-04-06T13:14Z,15,84
2023-04-06T13:19Z,15,83
2023-04-06T13:24Z,15,83
2023-04-06T13:29Z,15,83
2023-04-06T13:34Z,15,83
2023-04-06T13:39Z,15,83
2023-04-06T13:44Z,15,83
2023-04-06T13:49Z,15,83
2023-04-06T13:54Z,15,82
2023-04-06T13:59Z,15,82
2023-04-06T14:04Z,15,82
2023-04-06T14:09Z,15,82
2023-04-06T14:14Z,15,82
2023-04-06T14:19Z,15,81
2023-04-06T14:24Z,15,81
2023-04-06T14:29Z,15,81
2023-04-06T14:34Z,15,81
2023-04-06T14:39Z,15,81
2023-04-06T14:44Z,15,81
2023-04-06T14:49Z,15,81
2023-04-06T14:54Z,15,80
2023-04-06T14:59Z,15,80
2023-04-06T15:04Z,15,80
2023-04-06T15:09Z,15,80
2023-04-06T15:14Z,15,80
2023-04-06T15:19Z,15,80
2023-04-06T15:24Z,15,80
2023-04-06T15:29Z,15,80
2023-04-06T15:34Z,15,80
2023-04-06T15:39Z,15,80
2023-04-06T15:44Z,15,80
2023-04-06T15:49Z,16,79
2023-04-06T15:54Z,16,79
2023-04-06T15:59Z,15,79
2023-04-06T16:04Z,16,79
2023-04-06T16:09Z,16,79
2023-04-06T16:14Z,16,79
2023-04-06T16:19Z,16,79
2023-04-06T16:24Z,16,79
2023-04-06T16:29Z,16,79
2023-04-06T16:34Z,16,78
2023-04-06T16:39Z,16,79
2023-04-06T16:44Z,16,79
2023-04-06T16:49Z,16,79
2023-04-06T16:54Z,16,78
2023-04-06T16:59Z,16,79
2023-04-06T17:04Z,16,78
2023-04-06T17:09Z,16,78
2023-04-06T17:14Z,16,79
2023-04-06T17:19Z,16,78
2023-04-06T17:24Z,16,79
2023-04-06T17:29Z,16,79
2023-04-06T17:34Z,16,79
2023-04-06T17:39Z,16,79
2023-04-06T17:44Z,16,79
2023-04-06T17:49Z,16,79
2023-04-06T17:54Z,16,79
2023-04-06T17:59Z,16,78
2023-04-06T18:04Z,16,79
2023-04-06T18:09Z,16,78
2023-04-06T18:14Z,16,78
2023-04-06T18:19Z,16,78
2023-04-06T18:24Z,17,78
2023-04-06T18:29Z,17,77
2023-04-06T18:34Z,18,75
2023-04-06T18:39Z,18,74
2023-04-06T18:44Z,18,75
2023-04-06T18:49Z,17,75
2023-04-06T18:54Z,17,76
2023-04-06T18:59Z,17,76
2023-04-06T19:04Z,17,76
2023-04-06T19:09Z,17,75
2023-04-06T19:14Z,17,74
2023-04-06T19:19Z,17,74
2023-04-06T19:24Z,16,75
2023-04-06T19:29Z,16,75
2023-04-06T19:34Z,16,75
2023-04-06T19:39Z,16,75
2023-04-06T19:44Z,16,75
2023-04-06T19:49Z,16,75
2023-04-06T19:54Z,16,75
2023-04-06T19:59Z,16,75
2023-04-06T20:04Z,16,75
2023-04-06T20:09Z,16,75
2023-04-06T20:14Z,16,76
2023-04-06T20:19Z,16,76
2023-04-06T20:24Z,16,76
2023-04-06T20:29Z,16,76
2023-04-06T20:34Z,16,76
2023-04-06T20:39Z,16,76
2023-04-06T20:44Z,16,76
2023-04-06T20:49Z,16,76
2023-04-06T20:54Z,16,76
2023-04-06T20:59Z,16,76
2023-04-06T21:04Z,16,77
2023-04-06T21:09Z,16,77
2023-04-06T21:14Z,15,78
2023-04-06T21:19Z,15,78
2023-04-06T21:24Z,15,78
2023-04-06T21:29Z,15,78
2023-04-06T21:34Z,15,78
2023-04-06T21:39Z,15,78
2023-04-06T21:44Z,15,78
2023-04-06T21:49Z,15,78
2023-04-06T21:54Z,15,78
2023-04-06T21:59Z,15,78
2023-04-06T22:04Z,15,78
2023-04-06T22:09Z,15,78
2023-04-06T22:14Z,15,78
2023-04-06T22:19Z,15,78
2023-04-06T22:24Z,15,79
2023-04-06T22:29Z,15,78
2023-04-06T22:34Z,15,78
2023-04-06T22:39Z,15,78
2023-04-06T22:44Z,15,78
2023-04-06T22:49Z,15,79
2023-04-06T22:54Z,15,79
2023-04-06T22:59Z,15,79
2023-04-06T23:04Z,15,79
2023-04-06T23:09Z,15,79
2023-04-06T23:14Z,15,79
2023-04-06T23:19Z,15,79
2023-04-06T23:24Z,15,79
2023-04-06T23:29Z,14,79
2023-04-06T23:34Z,14,79
2023-04-06T23:39Z,14,79
2023-04-06T23:44Z,14,79
2023-04-06T23:49Z,14,79
2023-04-06T23:54Z,14,79
2023-04-06T23:59Z,14,79
2023-04-07T00:04Z,14,79
2023-04-07T00:09Z,14,79
2023-04-07T00:14Z,14,79
2023-04-07T00:19Z,14,79
2023-04-07T00:24Z,14,79
2023-04-07T00:29Z,14,79
2023-04-07T00:34Z,14,79
2023-04-07T00:39Z,14,79
2023-04-07T00:44Z,14,79
2023-04-07T00:49Z,14,79
2023-04-07T00:54Z,14,79
2023-04-07T00:59Z,14,79
2023-04-07T01:04Z,14,79
2023-04-07T01:09Z,14,79
2023-04-07T01:14Z,14,79
2023-04-07T01:19Z,14,79
2023-04-07T01:24Z,14,79
2023-04-07T01:29Z,14,79
2023-04-07T01:34Z,14,79
2023-04-07T01:39Z,14,79
2023-04-07T01:44Z,14,79
2023-04-07T01:49Z,14,79
2023-04-07T01:54Z,14,79
2023-04-07T01:59Z,14,79
2023-04-07T02:04Z,14,79
2023-04-07T02:09Z,14,79
2023-04-07T02:14Z,14,79
2023-04-07T02:19Z,13,79
2023-04-07T02:24Z,13,79
2023-04-07T02:29Z,13,79
2023-04-07T02:34Z,13,79
2023-04-07T02:39Z,13,79
2023-04-07T02:44Z,13,79
2023-04-07T02:49Z,13,79
2023-04-07T02:54Z,13,80
2023-04-07T02:59Z,13,79
2023-04-07T03:04Z,13,79
2023-04-07T03:09Z,13,79
2023-04-07T03:14Z,13,79
2023-04-07T03:19Z,13,80
2023-04-07T03:24Z,13,79
2023-04-07T03:29Z,13,79
2023-04-07T03:34Z,13,79
2023-04-07T03:39Z,13,79
2023-04-07T03:44Z,13,79
2023-04-07T03:49Z,13,79
2023-04-07T03:54Z,13,79
2023-04-07T03:59Z,13,79
2023-04-07T04:04Z,13,79
2023-04-07T04:09Z,13,79
2023-04-07T04:14Z,13,79
2023-04-07T04:19Z,13,79
2023-04-07T04:24Z,13,79
2023-04-07T04:29Z,13,79
2023-04-07T04:34Z,13,79
2023-04-07T04:39Z,13,79
2023-04-07T04:44Z,13,79
2023-04-07T04:49Z,13,79
2023-04-07T04:54Z,13,79
2023-04-07T04:59Z,13,79
2023-04-07T05:04Z,13,81
2023-04-07T05:09Z,13,80
2023-04-07T05:14Z,13,81
2023-04-07T05:19Z,13,81
2023-04-07T05:24Z,13,81
2023-04-07T05:29Z,13,81
2023-04-07T05:34Z,12,81
2023-04-07T05:39Z,12,81
2023-04-07T05:44Z,13,80
2023-04-07T05:49Z,12,81
2023-04-07T05:54Z,12,81
2023-04-07T05:59Z,12,81
2023-04-07T06:04Z,12,81
2023-04-07T06:09Z,12,81
2023-04-07T06:14Z,12,81
2023-04-07T06:19Z,12,81
2023-04-07T06:24Z,12,81
2023-04-07T06:29Z,12,81
2023-04-07T06:34Z,12,81
2023-04-07T06:39Z,12,81
2023-04-07T06:44Z,12,81
2023-04-07T06:49Z,12,81
2023-04-07T06:54Z,12,81
2023-04-07T06:59Z,12,81
2023-04-07T07:04Z,12,81
2023-04-07T07:09Z,12,81
2023-04-07T07:14Z,12,81
2023-04-07T07:19Z,12,81
2023-04-07T07:24Z,12,81
2023-04-07T07:29Z,12,80
2023-04-07T07:34Z,12,81
2023-04-07T07:39Z,12,81
2023-04-07T07:44Z,12,81
2023-04-07T07:49Z,12,80
2023-04-07T07:54Z,12,81
2023-04-07T07:59Z,12,80
2023-04-07T08:04Z,12,80
2023-04-07T08:09Z,12,80
2023-04-07T08:14Z,12,80
2023-04-07T08:19Z,12,81
2023-04-07T08:24Z,12,80
2023-04-07T08:29Z,12,80
2023-04-07T08:34Z,12,80
2023-04-07T08:39Z,11,81
2023-04-07T08:44Z,11,81
2023-04-07T08:49Z,11,80
2023-04-07T08:54Z,11,80
2023-04-07T08:59Z,11,81
2023-04-07T09:04Z,11,80
2023-04-07T09:09Z,12,81
2023-04-07T09:14Z,12,80
2023-04-07T09:19Z,11,81
2023-04-07T09:24Z,11,81
2023-04-07T09:29Z,11,81
2023-04-07T09:34Z,11,81
2023-04-07T09:39Z,12,81
2023-04-07T09:44Z,11,81
2023-04-07T09:49Z,11,81
2023-04-07T09:54Z,11,80
2023-04-07T09:59Z,12,80
2023-04-07T10:04Z,12,80
2023-04-07T10:09Z,11,81
2023-04-07T10:14Z,12,80
2023-04-07T10:19Z,12,80
2023-04-07T10:24Z,12,81
2023-04-07T10:29Z,12,80
2023-04-07T10:34Z,12,80
2023-04-07T10:39Z,12,80
2023-04-07T10:44Z,12,80
2023-04-07T10:49Z,12,80
2023-04-07T10:54Z,12,80
2023-04-07T10:59Z,12,80
2023-04-07T11:04Z,12,80
2023-04-07T11:09Z,12,80
2023-04-07T11:14Z,12,80
2023-04-07T11:19Z,12,80
2023-04-07T11:24Z,12,80
2023-04-07T11:29Z,12,80
2023-04-07T11:34Z,12,80
2023-04-07T11:39Z,12,80
2023-04-07T11:44Z,12,80
2023-04-07T11:49Z,12,80
2023-04-07T11:54Z,12,80
2023-04-07T11:59Z,12,80
2023-04-07T12:04Z,12,80
2023-04-07T12:09Z,13,80
2023-04-07T12:14Z,13,80
2023-04-07T12:19Z,13,80
2023-04-07T12:24Z,13,79
2023-04-07T12:29Z,13,79
2023-04-07T12:34Z,13,79
2023-04-07T12:39Z,13,78
2023-04-07T12:44Z,13,78
2023-04-07T12:49Z,13,78
2023-04-07T12:54Z,13,78
2023-04-07T12:59Z,13,78
2023-04-07T13:04Z,13,78
2023-04-07T13:09Z,13,78
2023-04-07T13:14Z,13,78
2023-04-07T13:19Z,13,78
2023-04-07T13:24Z,13,78
2023-04-07T13:29Z,13,78
2023-04-07T13:34Z,13,78
2023-04-07T13:39Z,14,78
2023-04-07T13:44Z,14,78
2023-04-07T13:49Z,14,78
2023-04-07T13:54Z,14,78
2023-04-07T13:59Z,14,78
2023-04-07T14:04Z,14,78
2023-04-07T14:09Z,14,78
2023-04-07T14:14Z,14,78
2023-04-07T14:19Z,14,78
2023-04-07T14:24Z,14,78
2023-04-07T14:29Z,14,78
2023-04-07T14:34Z,14,78
2023-04-07T14:39Z,14,78
2023-04-07T14:44Z,14,78
2023-04-07T14:49Z,14,78
2023-04-07T14:54Z,14,78
2023-04-07T14:59Z,14,78
2023-04-07T15:04Z,14,78
2023-04-07T15:09Z,14,78
2023-04-07T15:14Z,14,78
2023-04-07T15:19Z,14,78
2023-04-07T15:24Z,14,78
2023-04-07T15:29Z,14,78
2023-04-07T15:34Z,15,78
2023-04-07T15:39Z,15,78
2023-04-07T15:44Z,15,78
2023-04-07T15:49Z,15,78
2023-04-07T15:54Z,15,78
2023-04-07T15:59Z,15,78
2023-04-07T16:04Z,15,78
2023-04-07T16:09Z,15,78
2023-04-07T16:14Z,15,78
2023-04-07T16:19Z,15,78
2023-04-07T16:24Z,15,79
2023-04-07T16:29Z,15,78
2023-04-07T16:34Z,15,78
2023-04-07T16:39Z,15,79
2023-04-07T16:44Z,15,79
2023-04-07T16:49Z,15,79
2023-04-07T16:54Z,15,79
2023-04-07T16:59Z,15,79
2023-04-07T17:04Z,15,79
2023-04-07T17:09Z,15,79
2023-04-07T17:14Z,15,79
2023-04-07T17:19Z,15,79
2023-04-07T17:24Z,15,79
2023-04-07T17:29Z,15,78
2023-04-07T17:34Z,16,78
2023-04-07T17:39Z,16,78
2023-04-07T17:44Z,16,78
2023-04-07T17:49Z,16,78
2023-04-07T17:54Z,16,78
2023-04-07T17:59Z,16,78
2023-04-07T18:04Z,16,78
2023-04-07T18:09Z,16,78
2023-04-07T18:14Z,16,79
2023-04-07T18:19Z,16,78
2023-04-07T18:24Z,16,78
2023-04-07T18:29Z,16,78
2023-04-07T18:34Z,17,77
2023-04-07T18:39Z,17,76
2023-04-07T18:44Z,17,75
2023-04-07T18:49Z,17,76
2023-04-07T18:54Z,17,77
2023-04-07T18:59Z,16,77
2023-04-07T19:04Z,16,77
2023-04-07T19:09Z,16,77
2023-04-07T19:14Z,16,78
2023-04-07T19:19Z,16,78
2023-04-07T19:24Z,16,78
2023-04-07T19:29Z,16,78
2023-04-07T19:34Z,16,78
2023-04-07T19:39Z,16,78
2023-04-07T19:44Z,16,78
2023-04-07T19:49Z,16,78
2023-04-07T19:54Z,16,78
2023-04-07T19:59Z,16,78
2023-04-07T20:04Z,16,78
2023-04-07T20:09Z,16,78
2023-04-07T20:14Z,16,78
2023-04-07T20:19Z,16,78
2023-04-07T20:24Z,16,78
2023-04-07T20:29Z,16,78
2023-04-07T20:34Z,16,78
2023-04-07T20:39Z,16,77
2023-04-07T20:44Z,16,78
2023-04-07T20:49Z,16,78
2023-04-07T20:54Z,16,78
2023-04-07T20:59Z,16,78
2023-04-07T21:04Z,16,78
2023-04-07T21:09Z,16,78
2023-04-07T21:14Z,15,78
2023-04-07T21:19Z,16,78
2023-04-07T21:24Z,15,80
2023-04-07T21:29Z,15,80
2023-04-07T21:34Z,15,80
2023-04-07T21:39Z,15,80
2023-04-07T21:44Z,15,80
2023-04-07T21:49Z,15,80
2023-04-07T21:54Z,15,80
2023-04-07T21:59Z,15,80
2023-04-07T22:04Z,15,79
2023-04-07T22:09Z,15,79
2023-04-07T22:14Z,15,79
2023-04-07T22:19Z,15,79
2023-04-07T22:24Z,15,79
2023-04-07T22:29Z,15,79
2023-04-07T22:34Z,15,79
2023-04-07T22:39Z,15,79
2023-04-07T22:44Z,15,79
2023-04-07T22:49Z,15,79
2023-04-07T22:54Z,15,80
2023-04-07T22:59Z,15,79
2023-04-07T23:04Z,15,80
2023-04-07T23:09Z,15,80
2023-04-07T23:14Z,15,80
2023-04-07T23:19Z,15,80
2023-04-07T23:24Z,15,80
2023-04-07T23:29Z,15,80
2023-04-07T23:34Z,14,80
2023-04-07T23:39Z,15,80
2023-04-07T23:44Z,14,80
2023-04-07T23:49Z,14,80
2023-04-07T23:54Z,14,80
2023-04-07T23:59Z,14,80
2023-04-08T00:04Z,14,80
2023-04-08T00:09Z,14,80
2023-04-08T00:14Z,14,80
2023-04-08T00:19Z,14,80
2023-04-08T00:24Z,14,80
2023-04-08T00:29Z,14,80
2023-04-08T00:34Z,14,80
2023-04-08T00:39Z,14,80
2023-04-08T00:44Z,14,80
2023-04-08T00:49Z,14,80
2023-04-08T00:54Z,14,80
2023-04-08T00:59Z,14,80
2023-04-08T01:04Z,14,80
2023-04-08T01:09Z,14,80
2023-04-08T01:14Z,14,80
2023-04-08T01:19Z,14,80
2023-04-08T01:24Z,14,80
2023-04-08T01:29Z,14,80
2023-04-08T01:34Z,14,80
2023-04-08T01:39Z,14,80
2023-04-08T01:44Z,14,80
2023-04-08T01:49Z,14,80
2023-04-08T01:54Z,14,80
2023-04-08T01:59Z,14,80
2023-04-08T02:04Z,14,80
2023-04-08T02:09Z,14,80
2023-04-08T02:14Z,14,80
2023-04-08T02:19Z,13,80
2023-04-08T02:24Z,14,80
2023-04-08T02:29Z,14,80
2023-04-08T02:34Z,13,80
2023-04-08T02:39Z,13,80
2023-04-08T02:44Z,13,80
2023-04-08T02:49Z,13,80
2023-04-08T02:54Z,13,80
2023-04-08T02:59Z,13,80
2023-04-08T03:04Z,13,80
2023-04-08T03:09Z,13,80
2023-04-08T03:14Z,13,80
2023-04-08T03:19Z,13,80
2023-04-08T03:24Z,13,80
2023-04-08T03:29Z,13,80
2023-04-08T03:34Z,13,80
2023-04-08T03:39Z,13,80
2023-04-08T03:44Z,13,80
2023-04-08T03:49Z,13,80
2023-04-08T03:54Z,13,80
2023-04-08T03:59Z,13,80
2023-04-08T04:04Z,13,80
2023-04-08T04:09Z,13,80
2023-04-08T04:14Z,13,80
2023-04-08T04:19Z,13,80
2023-04-08T04:24Z,13,80
2023-04-08T04:29Z,13,80
2023-04-08T04:34Z,13,80
2023-04-08T04:39Z,13,80
2023-04-08T04:44Z,13,80
2023-04-08T04:49Z,13,80
2023-04-08T04:54Z,13,80
2023-04-08T04:59Z,13,80
2023-04-08T05:04Z,13,80
2023-04-08T05:09Z,13,81
2023-04-08T05:14Z,13,80
2023-04-08T05:19Z,13,80
2023-04-08T05:24Z,13,81
2023-04-08T05:29Z,13,81
2023-04-08T05:34Z,13,81
2023-04-08T05:39Z,13,81
2023-04-08T05:44Z,13,81
2023-04-08T05:49Z,13,81
2023-04-08T05:54Z,13,81
2023-04-08T05:59Z,12,81
2023-04-08T06:04Z,13,81
2023-04-08T06:09Z,13,81
2023-04-08T06:14Z,12,81
2023-04-08T06:19Z,12,81
2023-04-08T06:24Z,12,81
2023-04-08T06:29Z,12,81
2023-04-08T06:34Z,12,81
2023-04-08T06:39Z,12,81
2023-04-08T06:44Z,12,81
2023-04-08T06:49Z,12,82
2023-04-08T06:54Z,12,81
2023-04-08T06:59Z,12,81
2023-04-08T07:04Z,12,81
2023-04-08T07:09Z,12,81
2023-04-08T07:14Z,12,81
2023-04-08T07:19Z,12,81
2023-04-08T07:24Z,12,81
2023-04-08T07:29Z,12,81
2023-04-08T07:34Z,12,81
2023-04-08T07:39Z,12,81
2023-04-08T07:44Z,12,81
2023-04-08T07:49Z,12,81
2023-04-08T07:54Z,12,81
2023-04-08T07:59Z,12,81
2023-04-08T08:04Z,12,81
2023-04-08T08:09Z,12,81
2023-04-08T08:14Z,12,81
2023-04-08T08:19Z,12,81
2023-04-08T08:24Z,12,81
2023-04-08T08:29Z,12,81
2023-04-08T08:34Z,12,81
2023-04-08T08:39Z,12,81
2023-04-08T08:44Z,12,81
2023-04-08T08:49Z,12,81
2023-04-08T08:54Z,12,81
2023-04-08T08:59Z,12,81
2023-04-08T09:04Z,12,81
2023-04-08T09:09Z,12,81
2023-04-08T09:14Z,12,81
2023-04-08T09:19Z,12,81
2023-04-08T09:24Z,12,81
2023-04-08T09:29Z,12,81
2023-04-08T09:34Z,12,81
2023-04-08T09:39Z,12,81
2023-04-08T09:44Z,12,81
2023-04-08T09:49Z,12,81
2023-04-08T09:54Z,12,81
2023-04-08T09:59Z,12,81
2023-04-08T10:04Z,12,81
2023-04-08T10:09Z,12,81
2023-04-08T10:14Z,12,81
2023-04-08T10:19Z,12,81
2023-04-08T10:24Z,12,81
2023-04-08T10:29Z,12,81
2023-04-08T10:34Z,12,81
2023-04-08T10:39Z,12,81
2023-04-08T10:44Z,12,81
2023-04-08T10:49Z,12,81
2023-04-08T10:54Z,12,81
2023-04-08T10:59Z,12,81
2023-04-08T11:04Z,12,81
2023-04-08T11:09Z,12,81
2023-04-08T11:14Z,12,81
2023-04-08T11:19Z,12,81
2023-04-08T11:24Z,13,81
2023-04-08T11:29Z,13,81
2023-04-08T11:34Z,13,81
2023-04-08T11:39Z,13,81
2023-04-08T11:44Z,13,81
2023-04-08T11:49Z,13,81
2023-04-08T11:54Z,13,81
2023-04-08T11:59Z,13,81
2023-04-08T12:04Z,13,79
2023-04-08T12:09Z,13,79
2023-04-08T12:14Z,13,79
2023-04-08T12:19Z,13,79
2023-04-08T12:24Z,13,79
2023-04-08T12:29Z,13,80
2023-04-08T12:34Z,13,80
2023-04-08T12:39Z,13,80
2023-04-08T12:44Z,13,80
2023-04-08T12:49Z,13,80
2023-04-08T12:54Z,13,80
2023-04-08T12:59Z,13,80
2023-04-08T13:04Z,13,80
2023-04-08T13:09Z,13,80
2023-04-08T13:14Z,13,80
2023-04-08T13:19Z,13,80
2023-04-08T13:24Z,13,80
2023-04-08T13:29Z,13,80
2023-04-08T13:34Z,13,80
2023-04-08T13:39Z,14,80
2023-04-08T13:44Z,14,80
2023-04-08T13:49Z,14,80
2023-04-08T13:54Z,14,80
2023-04-08T13:59Z,14,80
2023-04-08T14:04Z,14,80
2023-04-08T14:09Z,14,80
2023-04-08T14:14Z,14,79
2023-04-08T14:19Z,14,80
2023-04-08T14:24Z,14,80
2023-04-08T14:29Z,14,80
2023-04-08T14:34Z,14,80
2023-04-08T14:39Z,14,80
2023-04-08T14:44Z,14,80
2023-04-08T14:49Z,14,80
2023-04-08T14:54Z,14,80
2023-04-08T14:59Z,14,80
2023-04-08T15:04Z,14,79
2023-04-08T15:09Z,14,79
2023-04-08T15:14Z,14,79
2023-04-08T15:19Z,14,79
2023-04-08T15:24Z,14,80
2023-04-08T15:29Z,14,80
2023-04-08T15:34Z,14,79
2023-04-08T15:39Z,14,79
2023-04-08T15:44Z,14,79
2023-04-08T15:49Z,15,79
2023-04-08T15:54Z,14,79
2023-04-08T15:59Z,15,79
2023-04-08T16:04Z,15,79
2023-04-08T16:09Z,15,79
2023-04-08T16:14Z,15,80
2023-04-08T16:19Z,15,79
2023-04-08T16:24Z,15,79
2023-04-08T16:29Z,15,80
2023-04-08T16:34Z,15,79
2023-04-08T16:39Z,15,79
2023-04-08T16:44Z,15,79
2023-04-08T16:49Z,15,80
2023-04-08T16:54Z,15,79
2023-04-08T16:59Z,15,80
2023-04-08T17:04Z,15,79
2023-04-08T17:09Z,15,79
2023-04-08T17:14Z,15,80
2023-04-08T17:19Z,15,80
2023-04-08T17:24Z,15,80
2023-04-08T17:29Z,15,80
2023-04-08T17:34Z,15,80
2023-04-08T17:39Z,15,80
2023-04-08T17:44Z,15,80
2023-04-08T17:49Z,15,80
2023-04-08T17:54Z,15,79
2023-04-08T17:59Z,15,79
2023-04-08T18:04Z,15,79
2023-04-08T18:09Z,15,79
2023-04-08T18:14Z,15,79
2023-04-08T18:19Z,15,80
2023-04-08T18:24Z,15,79
2023-04-08T18:29Z,15,80
2023-04-08T18:34Z,15,80
2023-04-08T18:39Z,15,79
2023-04-08T18:44Z,16,78
2023-04-08T18:49Z,16,77
2023-04-08T18:54Z,16,78
2023-04-08T18:59Z,15,78
2023-04-08T19:04Z,15,79
2023-04-08T19:09Z,15,79
2023-04-08T19:14Z,15,79
2023-04-08T19:19Z,15,79
2023-04-08T19:24Z,15,79
2023-04-08T19:29Z,15,79
2023-04-08T19:34Z,15,79
2023-04-08T19:39Z,15,80
2023-04-08T19:44Z,15,80
2023-04-08T19:49Z,15,79
2023-04-08T19:54Z,15,79
2023-04-08T19:59Z,15,79
2023-04-08T20:04Z,15,80
2023-04-08T20:09Z,15,80
2023-04-08T20:14Z,15,80
2023-04-08T20:19Z,15,80
2023-04-08T20:24Z,15,80
2023-04-08T20:29Z,15,80
2023-04-08T20:34Z,15,80
2023-04-08T20:39Z,15,80
2023-04-08T20:44Z,15,80
2023-04-08T20:49Z,15,80
2023-04-08T20:54Z,15,80
2023-04-08T20:59Z,15,80
2023-04-08T21:04Z,15,80
2023-04-08T21:09Z,15,80
2023-04-08T21:14Z,15,80
2023-04-08T21:19Z,15,80
2023-04-08T21:24Z,15,80
2023-04-08T21:29Z,15,80
2023-04-08T21:34Z,15,80
2023-04-08T21:39Z,15,80
2023-04-08T21:44Z,15,80
2023-04-08T21:49Z,15,81
2023-04-08T21:54Z,15,80
2023-04-08T21:59Z,14,80
2023-04-08T22:04Z,14,81
2023-04-08T22:09Z,15,80
2023-04-08T22:14Z,15,80
2023-04-08T22:19Z,14,81
2023-04-08T22:24Z,14,81
2023-04-08T22:29Z,14,81
2023-04-08T22:34Z,14,81
2023-04-08T22:39Z,14,81
2023-04-08T22:44Z,14,81
2023-04-08T22:49Z,14,81
2023-04-08T22:54Z,14,81
2023-04-08T22:59Z,14,80
2023-04-08T23:04Z,14,81
2023-04-08T23:09Z,14,81
2023-04-08T23:14Z,14,81
2023-04-08T23:19Z,14,81
2023-04-08T23:24Z,14,81
2023-04-08T23:29Z,14,81
2023-04-08T23:34Z,14,81
2023-04-08T23:39Z,14,81
2023-04-08T23:44Z,14,81
2023-04-08T23:49Z,14,81
2023-04-08T23:54Z,14,81
2023-04-08T23:59Z,14,81
2023-04-09T00:04Z,14,81
2023-04-09T00:09Z,14,81
2023-04-09T00:14Z,14,81
2023-04-09T00:19Z,14,80
2023-04-09T00:24Z,14,81
2023-04-09T00:29Z,14,81
2023-04-09T00:34Z,14,81
2023-04-09T00:39Z,14,81
2023-04-09T00:44Z,14,80
2023-04-09T00:49Z,14,81
2023-04-09T00:54Z,14,81
2023-04-09T00:59Z,14,81
2023-04-09T01:04Z,14,81
2023-04-09T01:09Z,14,81
2023-04-09T01:14Z,14,80
2023-04-09T01:19Z,14,81
2023-04-09T01:24Z,14,81
2023-04-09T01:29Z,14,81
2023-04-09T01:34Z,14,81
2023-04-09T01:39Z,14,81
2023-04-09T01:44Z,14,81
2023-04-09T01:49Z,14,81
2023-04-09T01:54Z,14,81
2023-04-09T01:59Z,14,81
2023-04-09T02:04Z,13,81
2023-04-09T02:09Z,14,81
2023-04-09T02:14Z,14,81
2023-04-09T02:19Z,13,80
2023-04-09T02:24Z,13,81
2023-04-09T02:29Z,13,81
2023-04-09T02:34Z,13,81
2023-04-09T02:39Z,13,81
2023-04-09T02:44Z,13,81
2023-04-09T02:49Z,13,81
2023-04-09T02:54Z,13,81
2023-04-09T02:59Z,13,81
2023-04-09T03:04Z,13,81
2023-04-09T03:09Z,13,81
2023-04-09T03:14Z,13,80
2023-04-09T03:19Z,13,80
2023-04-09T03:24Z,13,81
2023-04-09T03:29Z,13,81
2023-04-09T03:34Z,13,81
2023-04-09T03:39Z,13,81
2023-04-09T03:44Z,13,81
2023-04-09T03:49Z,13,81
2023-04-09T03:54Z,13,81
2023-04-09T03:59Z,13,81
2023-04-09T04:04Z,13,81
2023-04-09T04:09Z,13,81
2023-04-09T04:14Z,13,81
2023-04-09T04:19Z,13,80
2023-04-09T04:24Z,13,81
2023-04-09T04:29Z,13,81
2023-04-09T04:34Z,13,81
2023-04-09T04:39Z,13,80
2023-04-09T04:44Z,13,80
2023-04-09T04:49Z,13,81
2023-04-09T04:54Z,13,81
2023-04-09T04:59Z,13,80
2023-04-09T05:04Z,13,81
2023-04-09T05:09Z,13,81
2023-04-09T05:14Z,13,80
2023-04-09T05:19Z,13,81
2023-04-09T05:24Z,13,81
2023-04-09T05:29Z,13,82
2023-04-09T05:34Z,13,82
2023-04-09T05:39Z,13,81
2023-04-09T05:44Z,13,82
2023-04-09T05:49Z,13,82
2023-04-09T05:54Z,13,82
2023-04-09T05:59Z,13,82
2023-04-09T06:04Z,13,82
2023-04-09T06:09Z,13,82
2023-04-09T06:14Z,13,82
2023-04-09T06:19Z,13,82
2023-04-09T06:24Z,13,82
2023-04-09T06:29Z,13,82
2023-04-09T06:34Z,13,82
2023-04-09T06:39Z,13,82
2023-04-09T06:44Z,13,82
2023-04-09T06:49Z,12,82
2023-04-09T06:54Z,12,82
2023-04-09T06:59Z,12,82
2023-04-09T07:04Z,12,82
2023-04-09T07:09Z,12,82
2023-04-09T07:14Z,12,82
2023-04-09T07:19Z,12,82
2023-04-09T07:24Z,12,82
2023-04-09T07:29Z,12,82
2023-04-09T07:34Z,12,82
2023-04-09T07:39Z,12,82
2023-04-09T07:44Z,12,82
2023-04-09T07:49Z,12,82
2023-04-09T07:54Z,12,82
2023-04-09T07:59Z,12,82
2023-04-09T08:04Z,12,82
2023-04-09T08:09Z,12,82
2023-04-09T08:14Z,12,82
2023-04-09T08:19Z,12,82
2023-04-09T08:24Z,12,82
2023-04-09T08:29Z,12,82
2023-04-09T08:34Z,12,82
2023-04-09T08:39Z,12,82
2023-04-09T08:44Z,12,82
2023-04-09T08:49Z,12,82
2023-04-09T08:54Z,12,82
2023-04-09T08:59Z,12,82
2023-04-09T09:04Z,12,82
2023-04-09T09:09Z,12,82
2023-04-09T09:14Z,12,82
2023-04-09T09:19Z,12,82
2023-04-09T09:24Z,12,82
2023-04-09T09:29Z,12,82
2023-04-09T09:34Z,12,82
2023-04-09T09:39Z,12,82
2023-04-09T09:44Z,12,82
2023-04-09T09:49Z,12,82
2023-04-09T09:54Z,12,82
2023-04-09T09:59Z,12,82
2023-04-09T10:04Z,12,82
2023-04-09T10:09Z,12,82
2023-04-09T10:14Z,12,82
2023-04-09T10:19Z,12,82
2023-04-09T10:24Z,12,81
2023-04-09T10:29Z,12,82
2023-04-09T10:34Z,12,81
2023-04-09T10:39Z,12,82
2023-04-09T10:44Z,12,82
2023-04-09T10:49Z,12,81
2023-04-09T10:54Z,12,81
2023-04-09T10:59Z,13,82
2023-04-09T11:04Z,12,81
2023-04-09T11:09Z,12,82
2023-04-09T11:14Z,13,81
2023-04-09T11:19Z,13,82
2023-04-09T11:24Z,13,81
2023-04-09T11:29Z,13,81
2023-04-09T11:34Z,13,81
2023-04-09T11:39Z,13,80
2023-04-09T11:44Z,13,80
2023-04-09T11:49Z,14,80
2023-04-09T11:54Z,14,80
2023-04-09T11:59Z,14,80
2023-04-09T12:04Z,14,80
2023-04-09T12:09Z,14,80
2023-04-09T12:14Z,14,80
2023-04-09T12:19Z,14,80
2023-04-09T12:24Z,14,80
2023-04-09T12:29Z,14,80
2023-04-09T12:34Z,14,80
2023-04-09T12:39Z,14,80
2023-04-09T12:44Z,15,80
2023-04-09T12:49Z,15,80
