timestamp,volts,t28,h28,t29,h29,t30,h30,t31,h31,t32,h32,t33,h33,t34,h34,Lascar-temp,Lascar-RH
2022-12-15 23:58,3.35,1.9,86.6,2.3,80.1,1.7,85.4,1.8,85.1,2,86.6,2.2,80.6,2.1,87.2,2,66.5
2022-12-16 00:03,3.35,1.9,86.7,2.2,80.5,1.6,85.5,1.8,85.1,2,86.6,2.1,80.6,2,87.2,2,66.5
2022-12-16 00:08,3.35,1.9,86.7,2.1,80.5,1.7,85.7,1.8,85.3,2,86.8,2.1,80.7,2,87.4,2,67
2022-12-16 00:13,3.35,1.9,86.9,2.1,80.6,1.6,85.9,1.7,85.4,2,86.8,2.1,80.7,2,87.6,2,67.5
2022-12-16 00:18,3.35,1.8,87,2.1,80.8,1.6,85.9,1.7,85.6,2,87.1,2.1,80.8,1.9,87.6,2,67.5
2022-12-16 00:23,3.35,1.8,87.1,2.1,81,1.6,86,1.7,85.6,1.9,87,2.1,80.9,2,87.7,2,68
2022-12-16 00:28,3.35,1.8,87.2,2.1,80.8,1.6,86.4,1.7,85.7,1.9,87.2,2.1,81.1,1.9,87.9,2,68
2022-12-16 00:33,3.35,1.8,87.4,2,81.1,1.5,86.3,1.6,86,1.9,87.5,2,81.2,1.9,88.1,2,68.5
2022-12-16 00:38,3.35,1.8,87.3,2.1,81.2,1.5,86.3,1.6,86,1.9,87.4,2,81.2,1.9,88.1,2,68.5
2022-12-16 00:43,3.36,1.8,87.4,2.1,81.1,1.5,86.4,1.6,86,1.9,87.4,2,81.3,1.8,88.2,2,69
2022-12-16 00:48,3.36,1.7,87.5,1.8,81.3,1.5,86.4,1.6,86.2,1.9,87.6,2,81.3,1.8,88.1,2,69
2022-12-16 00:53,3.36,1.7,87.5,1.9,81.2,1.5,86.5,1.6,86.2,1.8,87.6,2,81.4,1.8,88.3,2,69.5
2022-12-16 00:58,3.36,1.7,87.6,2,81.4,1.5,86.7,1.5,86.2,1.8,87.7,2,81.2,1.8,88.1,2,69.5
2022-12-16 01:03,3.36,1.7,87.6,2.1,81.4,1.5,86.7,1.5,86.3,1.8,87.7,1.9,81.5,1.8,88.4,2,69.5
2022-12-16 01:08,3.36,1.7,87.8,1.9,81.4,1.4,86.9,1.5,86.4,1.8,87.8,2,81.5,1.8,88.5,2,70
2022-12-16 01:13,3.36,1.7,87.7,2.1,81.8,1.4,86.8,1.5,86.5,1.8,87.9,1.9,81.5,1.8,88.5,2,70
2022-12-16 01:18,3.36,1.7,87.7,2,81.5,1.4,86.8,1.5,86.4,1.8,87.9,1.9,81.5,1.8,88.5,2,70.5
2022-12-16 01:23,3.36,1.7,87.7,2.1,81.6,1.4,86.8,1.5,86.4,1.8,87.8,1.9,81.3,1.7,88.3,2,70.5
2022-12-16 01:28,3.36,1.6,87.7,2,81.7,1.4,87,1.5,86.6,1.8,87.9,1.9,81.7,1.7,88.7,2,70.5
2022-12-16 01:33,3.36,1.6,87.9,1.8,81.8,1.4,86.8,1.5,86.7,1.8,88.1,1.9,81.8,1.8,88.8,2,70.5
2022-12-16 01:38,3.35,1.6,87.6,1.9,81.5,1.4,87,1.5,86.4,1.8,87.8,1.9,81.4,1.7,88.4,2,71
2022-12-16 01:43,3.35,1.6,87.8,1.9,81.6,1.4,86.8,1.4,86.7,1.7,88.2,1.9,81.7,1.7,88.7,2,71
2022-12-16 01:48,3.35,1.6,87.8,2,81.9,1.4,86.9,1.4,86.5,1.7,87.9,1.9,81.4,1.7,88.5,2,71
2022-12-16 01:53,3.35,1.6,87.9,1.8,81.8,1.3,86.9,1.4,86.6,1.7,88,1.9,81.6,1.7,88.6,2,71.5
2022-12-16 01:58,3.35,1.6,87.8,1.8,81.9,1.3,87.1,1.4,86.6,1.7,88,1.8,81.5,1.7,88.5,2,71.5
2022-12-16 02:03,3.35,1.6,88,1.9,81.9,1.3,87.2,1.4,86.7,1.7,88.1,1.8,81.6,1.7,88.7,2,71.5
2022-12-16 02:08,3.35,1.6,88,1.8,81.9,1.3,87.1,1.4,86.9,1.7,88.3,1.8,81.9,1.6,89,2,71.5
2022-12-16 02:13,3.36,1.5,88,1.9,82,1.3,87.2,1.4,86.8,1.7,88.2,1.8,81.8,1.6,88.8,2,71.5
2022-12-16 02:18,3.35,1.5,88.1,1.9,82.2,1.3,87.1,1.4,86.9,1.7,88.3,1.8,81.9,1.6,88.9,2,72
2022-12-16 02:23,3.35,1.5,87.9,1.9,82.2,1.3,87,1.4,86.7,1.7,88.1,1.8,81.6,1.6,88.7,2,72
2022-12-16 02:28,3.35,1.5,87.9,1.9,82.1,1.3,87,1.4,86.7,1.6,88.1,1.8,81.6,1.6,88.6,2,72
2022-12-16 02:33,3.35,1.5,88,1.7,81.8,1.3,87.1,1.3,86.7,1.6,88.1,1.8,81.7,1.6,88.7,2,72
2022-12-16 02:38,3.36,1.5,88.1,1.9,82,1.3,87.2,1.4,86.8,1.6,88.2,1.7,81.9,1.6,89,2,72.5
2022-12-16 02:43,3.36,1.5,88.1,1.9,82.3,1.2,87.3,1.3,87,1.7,88.4,1.8,81.9,1.6,89,2,72.5
2022-12-16 02:48,3.36,1.5,88.2,1.9,82.3,1.3,87.2,1.3,87,1.6,88.4,1.8,81.9,1.6,89,2,72.5
2022-12-16 02:53,3.36,1.5,88.1,1.6,82.4,1.3,87.3,1.3,86.8,1.6,88.2,1.7,81.8,1.6,88.9,2,72.5
2022-12-16 02:58,3.36,1.5,88.2,1.8,82.3,1.3,87.4,1.4,87,1.6,88.4,1.7,82.1,1.6,89.1,2,72.5
2022-12-16 03:03,3.35,1.5,88.3,1.7,82.4,1.3,87.3,1.3,87.1,1.6,88.4,1.7,82.1,1.6,89.1,2,72.5
2022-12-16 03:08,3.36,1.5,88.1,1.8,82.6,1.3,87.2,1.3,87,1.6,88.4,1.7,81.9,1.6,89.1,2,73
2022-12-16 03:13,3.36,1.5,88.1,1.8,82.2,1.3,87.4,1.3,86.9,1.6,88.3,1.7,81.7,1.6,88.8,2,73
2022-12-16 03:18,3.36,1.5,88.2,1.8,82.5,1.2,87.3,1.3,87,1.6,88.4,1.7,81.9,1.6,89,2,73
2022-12-16 03:23,3.36,1.5,88.2,1.9,82.4,1.3,87.3,1.3,87,1.6,88.3,1.7,81.9,1.6,89,2,73
2022-12-16 03:28,3.35,1.5,88,1.8,82.3,1.3,87.3,1.3,86.9,1.6,88.3,1.7,81.7,1.6,88.8,2,73
2022-12-16 03:33,3.36,1.5,88.1,1.7,82.5,1.2,87.3,1.3,86.9,1.6,88.3,1.7,81.8,1.6,88.9,2,73
2022-12-16 03:38,3.36,1.5,88.2,1.8,82.3,1.3,87.5,1.3,86.9,1.6,88.3,1.8,81.9,1.6,89,2,73.5
2022-12-16 03:43,3.36,1.5,88.2,2,82.5,1.3,87.4,1.3,87.1,1.6,88.5,1.7,81.9,1.6,89,2,73.5
2022-12-16 03:48,3.36,1.5,88.3,1.9,82.6,1.3,87.3,1.3,87.1,1.6,88.5,1.7,81.9,1.6,89.1,2,73.5
2022-12-16 03:53,3.36,1.5,88.3,1.8,82.4,1.2,87.3,1.3,87.1,1.6,88.4,1.8,81.8,1.6,88.9,2,73.5
2022-12-16 03:58,3.36,1.5,88.1,1.8,82.5,1.2,87.4,1.3,87,1.6,88.3,1.8,81.7,1.6,88.9,2,73.5
2022-12-16 04:03,3.36,1.5,88.3,1.7,82.6,1.3,87.5,1.3,87.1,1.6,88.4,1.7,81.9,1.6,89.1,2,73.5
2022-12-16 04:08,3.36,1.5,88.3,1.9,82.6,1.3,87.5,1.3,87.1,1.6,88.4,1.7,82,1.6,89.2,2,73.5
2022-12-16 04:13,3.36,1.5,88.3,1.7,82.7,1.3,87.5,1.3,87.2,1.6,88.6,1.7,82.1,1.6,89.2,2,74
2022-12-16 04:18,3.36,1.5,88.3,1.9,82.6,1.3,87.5,1.3,87.1,1.6,88.5,1.7,81.9,1.6,89,2,74
2022-12-16 04:23,3.36,1.4,88.3,1.7,82.8,1.2,87.5,1.3,87.1,1.6,88.5,1.7,82,1.6,89,2,74
2022-12-16 04:28,3.36,1.5,88.4,1.8,82.7,1.3,87.5,1.3,87.2,1.6,88.6,1.7,82,1.6,89.1,2,74
2022-12-16 04:33,3.36,1.5,88.3,1.8,82.8,1.2,87.7,1.3,87.2,1.6,88.5,1.8,81.9,1.6,89.1,2,74
2022-12-16 04:38,3.36,1.5,88.5,1.6,82.8,1.3,87.5,1.3,87.3,1.6,88.7,1.7,82.2,1.6,89.3,2,74
2022-12-16 04:43,3.36,1.5,88.4,1.8,82.8,1.3,87.5,1.3,87.2,1.6,88.5,1.8,82,1.6,89.2,2,74
2022-12-16 04:48,3.36,1.5,88.4,1.7,82.8,1.3,87.6,1.3,87.1,1.6,88.5,1.7,82,1.6,89.1,2,74
2022-12-16 04:53,3.36,1.5,88.4,1.8,82.8,1.3,87.6,1.4,87.2,1.6,88.5,1.8,82,1.6,89.2,2,74.5
2022-12-16 04:58,3.36,1.5,88.5,1.8,82.8,1.3,87.6,1.3,87.3,1.6,88.7,1.7,82.2,1.6,89.2,2,74.5
2022-12-16 05:03,3.35,1.5,88.5,1.9,82.8,1.3,87.6,1.3,87.3,1.6,88.7,1.8,82.3,1.6,89.4,2,74.5
2022-12-16 05:08,3.36,1.5,88.5,1.8,83,1.3,87.7,1.4,87.3,1.6,88.6,1.8,82.2,1.6,89.3,2,74.5
2022-12-16 05:13,3.36,1.5,88.5,1.9,83,1.3,87.7,1.4,87.4,1.6,88.7,1.8,82.2,1.6,89.3,2,74.5
2022-12-16 05:18,3.35,1.5,88.5,1.8,82.9,1.3,87.6,1.4,87.3,1.6,88.7,1.8,82.2,1.7,89.3,2,74.5
2022-12-16 05:23,3.35,1.5,88.5,1.9,82.9,1.3,87.7,1.4,87.3,1.7,88.7,1.8,82.2,1.6,89.4,2,74.5
2022-12-16 05:28,3.35,1.5,88.5,1.8,82.9,1.3,87.6,1.4,87.3,1.7,88.7,1.8,82.2,1.6,89.2,2,74.5
2022-12-16 05:33,3.35,1.5,88.5,1.8,82.9,1.3,87.7,1.4,87.2,1.7,88.5,1.8,82,1.6,89.1,2,74.5
2022-12-16 05:38,3.35,1.5,88.5,1.8,83,1.3,87.8,1.4,87.3,1.7,88.7,1.8,82.1,1.7,89.2,2,75
2022-12-16 05:43,3.35,1.6,88.6,1.9,83,1.3,87.7,1.4,87.4,1.7,88.8,1.8,82.4,1.7,89.5,2,75
2022-12-16 05:48,3.35,1.6,88.5,2,83.1,1.4,87.7,1.4,87.3,1.7,88.7,1.8,82.2,1.7,89.3,2,75
2022-12-16 05:53,3.35,1.6,88.6,1.8,83.2,1.4,87.8,1.4,87.4,1.7,88.7,1.8,82.2,1.7,89.3,2,75
2022-12-16 05:58,3.35,1.6,88.6,2,83.1,1.4,87.9,1.5,87.4,1.7,88.7,1.9,82.1,1.7,89.2,2,75
2022-12-16 06:03,3.35,1.6,88.7,1.9,83.3,1.4,87.9,1.5,87.6,1.7,88.9,1.9,82.4,1.7,89.5,2,75
2022-12-16 06:08,3.35,1.6,88.7,1.8,83.3,1.4,87.9,1.5,87.5,1.7,88.8,1.9,82.3,1.7,89.4,2,75
2022-12-16 06:13,3.35,1.6,88.7,1.8,83.3,1.4,87.7,1.5,87.5,1.8,88.7,1.9,82.3,1.7,89.4,2,75
2022-12-16 06:18,3.35,1.6,88.5,1.9,83.1,1.4,87.8,1.5,87.4,1.8,88.7,1.9,82.1,1.7,89.2,2,75
2022-12-16 06:23,3.35,1.6,88.7,1.9,83.2,1.4,87.9,1.5,87.4,1.8,88.8,1.9,82.4,1.7,89.4,2,75
2022-12-16 06:28,3.35,1.6,88.7,2,83.1,1.4,87.9,1.5,87.5,1.8,88.8,1.9,82.3,1.7,89.5,2,75.5
2022-12-16 06:33,3.35,1.6,88.7,2.1,83.3,1.4,87.9,1.5,87.5,1.8,88.8,1.9,82.3,1.8,89.4,2,75.5
2022-12-16 06:38,3.35,1.7,88.7,1.9,83.2,1.4,87.9,1.5,87.5,1.8,88.9,2,82.3,1.8,89.4,2,75.5
2022-12-16 06:43,3.35,1.7,88.7,1.9,83.3,1.5,87.9,1.5,87.4,1.8,88.7,2,82.2,1.8,89.3,2,75.5
2022-12-16 06:48,3.35,1.7,88.8,1.9,83.4,1.5,88,1.5,87.5,1.8,88.9,2,82.3,1.8,89.5,2,75.5
2022-12-16 06:53,3.35,1.7,88.8,2.1,83.4,1.5,87.9,1.6,87.6,1.8,88.9,2,82.3,1.8,89.5,2,75.5
2022-12-16 06:58,3.35,1.7,88.7,2.1,83.3,1.5,87.9,1.6,87.6,1.8,88.9,2,82.5,1.8,89.5,2,75.5
2022-12-16 07:03,3.35,1.7,88.8,2,83.4,1.5,88,1.6,87.6,1.9,88.9,2,82.5,1.8,89.6,2,75.5
2022-12-16 07:08,3.35,1.7,88.7,2.1,83.6,1.5,88,1.6,87.6,1.9,88.9,2,82.3,1.8,89.4,2,75.5
2022-12-16 07:13,3.35,1.7,88.8,1.9,83.4,1.5,88,1.6,87.6,1.9,88.9,2,82.4,1.8,89.4,2,75.5
2022-12-16 07:18,3.35,1.7,88.8,2.1,83.5,1.5,88.1,1.6,87.6,1.9,88.9,2,82.4,1.9,89.5,2,75.5
2022-12-16 07:23,3.35,1.8,88.9,2,83.6,1.5,88.1,1.6,87.7,1.9,89,2,82.6,1.9,89.7,2,76
2022-12-16 07:28,3.35,1.8,88.9,1.9,83.5,1.6,88.1,1.6,87.7,1.9,89,2,82.5,1.9,89.6,2,76
2022-12-16 07:33,3.35,1.8,88.9,2.1,83.6,1.6,88.1,1.7,87.7,1.9,89,2,82.5,1.9,89.6,2,76
2022-12-16 07:38,3.35,1.8,88.9,2,83.7,1.6,88.1,1.7,87.7,1.9,89,2.1,82.4,1.9,89.5,2,76
2022-12-16 07:43,3.35,1.8,88.8,2.1,83.6,1.6,88.1,1.7,87.7,2,89,2.1,82.4,1.9,89.5,2,76
2022-12-16 07:48,3.35,1.8,88.9,2.2,83.5,1.6,88.2,1.7,87.7,2,89,2.1,82.4,1.9,89.6,2,76
2022-12-16 07:53,3.34,1.8,89,2.1,83.7,1.6,88.1,1.7,87.7,2,89.1,2.1,82.6,1.9,89.7,2,76
2022-12-16 07:58,3.34,1.9,88.9,2.3,83.6,1.6,88.2,1.7,87.7,2,89.1,2.1,82.6,1.9,89.6,2,76
2022-12-16 08:03,3.35,1.9,89,2,83.8,1.6,88.2,1.7,87.8,2,89.1,2.1,82.7,2,89.7,2,76
2022-12-16 08:08,3.34,1.9,88.9,2.2,83.8,1.7,88.2,1.7,87.7,2,89,2.1,82.5,2,89.6,2,76
2022-12-16 08:13,3.34,1.9,89.1,2.2,83.8,1.7,88.2,1.8,87.9,2,89.1,2.1,82.7,2,89.8,2,76
2022-12-16 08:18,3.34,1.9,89,2.1,83.8,1.7,88.2,1.7,87.9,2,89.1,2.1,82.7,2,89.7,2,76
2022-12-16 08:23,3.34,1.9,89.1,2.2,83.7,1.7,88.2,1.8,87.8,2,89.1,2.1,82.6,2,89.6,2,76.5
2022-12-16 08:28,3.35,1.9,88.9,2.2,83.8,1.7,88.2,1.8,87.7,2,89,2.1,82.5,2,89.6,2,76.5
2022-12-16 08:33,3.34,1.9,89,2.1,83.8,1.7,88.3,1.8,87.8,2,89.1,2.2,82.6,2,89.6,2,76.5
2022-12-16 08:38,3.34,1.9,89,2.3,83.9,1.7,88.3,1.8,87.8,2,89.2,2.2,82.6,2,89.7,2,76.5
2022-12-16 08:43,3.34,1.9,89,2.1,83.9,1.7,88.3,1.8,87.9,2.1,89.2,2.2,82.6,2,89.7,2,76.5
2022-12-16 08:48,3.34,1.9,89.1,2.1,83.7,1.7,88.4,1.8,87.9,2.1,89.2,2.2,82.7,2,89.7,2,76.5
2022-12-16 08:53,3.34,2,89.2,2.4,84,1.7,88.4,1.8,88.1,2.1,89.4,2.2,82.9,2.1,90,2.5,76.5
2022-12-16 08:58,3.34,2,89.2,2.3,84.1,1.8,88.4,1.8,88,2.1,89.3,2.2,82.8,2.1,89.8,2.5,76.5
2022-12-16 09:03,3.34,2,89.2,2.5,84,1.8,88.4,1.9,88,2.1,89.3,2.3,82.8,2.1,89.8,2.5,76.5
2022-12-16 09:08,3.34,2,89.2,2.4,83.9,1.8,88.5,1.9,88,2.1,89.3,2.3,82.8,2.1,89.9,2.5,76.5
2022-12-16 09:13,3.34,2,89.2,2.4,84,1.8,88.5,1.9,88,2.1,89.3,2.3,82.8,2.1,89.8,2.5,76.5
2022-12-16 09:18,3.34,2,89.2,2.3,84.2,1.8,88.5,1.9,88.1,2.1,89.4,2.3,82.8,2.1,89.9,2.5,76.5
2022-12-16 09:23,3.34,2,89.2,2.4,84.1,1.8,88.5,1.9,88.1,2.2,89.3,2.3,82.9,2.1,89.9,2.5,77
2022-12-16 09:28,3.34,2,89.2,2.4,84.2,1.8,88.6,1.9,88,2.2,89.4,2.3,82.8,2.1,89.9,2.5,77
2022-12-16 09:33,3.34,2.1,89.2,2.2,84.1,1.9,88.6,1.9,88.2,2.2,89.4,2.3,82.9,2.1,89.9,2.5,77
2022-12-16 09:38,3.34,2.1,89.3,2.4,84,1.9,88.6,2,88.1,2.2,89.4,2.3,82.8,2.2,89.9,2.5,77
2022-12-16 09:43,3.34,2.1,89.2,2.4,84.2,1.9,88.6,2,88.1,2.2,89.4,2.3,82.9,2.2,89.9,2.5,77
2022-12-16 09:48,3.34,2.2,89.2,2.4,84.3,1.9,88.5,2,88.1,2.2,89.4,2.3,82.9,2.2,89.9,2.5,77
2022-12-16 09:53,3.34,2.1,89.1,2.4,84.2,1.9,88.5,2,88.2,2.3,89.4,2.4,82.9,2.2,89.9,2.5,77
2022-12-16 09:58,3.34,2.2,89.2,2.4,84.3,2,88.6,2,88.2,2.3,89.6,2.4,82.9,2.3,89.8,2.5,77
2022-12-16 10:03,3.34,2.2,89.1,2.6,84.1,2,88.5,2,88.1,2.3,89.4,2.4,82.9,2.3,89.8,2.5,77
2022-12-16 10:08,3.34,2.2,89.1,2.5,84.2,2,88.6,2,88.1,2.3,89.4,2.4,82.9,2.3,89.8,2.5,77
2022-12-16 10:13,3.34,2.2,89.3,2.5,84.2,2.1,88.5,2.1,88.3,2.3,89.6,2.4,83.1,2.3,90,2.5,77
2022-12-16 10:18,3.34,2.3,89.1,2.5,84.3,2.1,88.6,2.1,88.2,2.4,89.5,2.5,83.1,2.4,90,2.5,77
2022-12-16 10:23,3.34,2.3,89,2.6,84.3,2.1,88.4,2.2,88.3,2.4,89.6,2.5,83.1,2.4,89.9,2.5,77
2022-12-16 10:28,3.34,2.3,88.9,2.7,84.1,2.1,88.3,2.2,88,2.4,89.3,2.6,82.9,2.4,89.8,2.5,77
2022-12-16 10:33,3.34,2.4,88.8,2.6,84.2,2.1,88.4,2.2,87.9,2.4,89.2,2.6,82.8,2.4,89.7,2.5,77
2022-12-16 10:38,3.34,2.4,88.9,2.6,84.2,2.1,88.4,2.2,88,2.5,89.3,2.6,82.9,2.4,89.7,2.5,77
2022-12-16 10:43,3.34,2.4,88.9,2.6,84.2,2.2,88.4,2.2,88,2.5,89.2,2.6,82.9,2.4,89.7,2.5,77
2022-12-16 10:48,3.34,2.4,89,2.7,84.2,2.2,88.4,2.2,88.1,2.5,89.3,2.6,83,2.5,89.8,2.5,77.5
2022-12-16 10:53,3.34,2.4,88.9,2.6,84.2,2.2,88.6,2.3,88.1,2.5,89.4,2.7,83,2.5,89.8,2.5,77.5
2022-12-16 10:58,3.34,2.4,89,2.9,84.4,2.2,88.6,2.3,88.1,2.5,89.4,2.7,82.9,2.5,89.8,2.5,77.5
2022-12-16 11:03,3.34,2.4,89.1,2.8,84.4,2.3,88.6,2.3,88.2,2.5,89.4,2.7,83,2.5,89.8,2.5,77.5
2022-12-16 11:08,3.34,2.5,89.1,2.7,84.4,2.3,88.7,2.3,88.2,2.6,89.4,2.7,83,2.6,89.9,2.5,77.5
2022-12-16 11:13,3.34,2.5,89.3,2.8,84.4,2.3,88.6,2.3,88.4,2.6,89.6,2.7,83.3,2.6,90.1,3,77.5
2022-12-16 11:18,3.34,2.5,89.1,2.9,84.5,2.3,88.7,2.4,88.2,2.6,89.5,2.7,83.1,2.6,89.9,3,77.5
2022-12-16 11:23,3.34,2.5,89.2,2.9,84.4,2.3,88.7,2.4,88.2,2.6,89.5,2.7,83,2.6,89.9,3,77.5
2022-12-16 11:28,3.34,2.6,89.2,2.8,84.5,2.3,88.8,2.4,88.3,2.6,89.5,2.8,83.1,2.6,89.9,3,77.5
2022-12-16 11:33,3.34,2.5,89.2,2.7,84.6,2.4,88.8,2.4,88.4,2.7,89.6,2.8,83.1,2.6,90,3,77.5
2022-12-16 11:38,3.34,2.6,89.4,2.9,84.7,2.4,88.9,2.4,88.4,2.7,89.6,2.8,83.3,2.7,90.1,3,77.5
2022-12-16 11:43,3.34,2.6,89.4,3,84.6,2.4,88.9,2.5,88.4,2.7,89.7,2.8,83.2,2.7,90.2,3,77.5
2022-12-16 11:48,3.34,2.6,89.4,2.9,84.7,2.4,88.8,2.5,88.5,2.7,89.7,2.9,83.3,2.7,90.1,3,77.5
2022-12-16 11:53,3.34,2.6,89.3,2.9,84.6,2.5,88.8,2.5,88.4,2.7,89.5,2.9,83.1,2.7,89.9,3,77.5
2022-12-16 11:58,3.34,2.7,89.3,3,84.7,2.5,88.8,2.5,88.4,2.8,89.5,2.9,83.1,2.7,90,3,77.5
2022-12-16 12:03,3.34,2.7,89.3,2.9,84.5,2.5,88.9,2.6,88.4,2.8,89.5,2.9,83.1,2.8,90,3,77.5
2022-12-16 12:08,3.34,2.7,89.4,2.9,84.8,2.5,88.9,2.6,88.5,2.8,89.6,2.9,83.2,2.8,90.1,3,78
2022-12-16 12:13,3.34,2.8,89.3,3,84.8,2.6,89,2.6,88.5,2.9,89.6,3,83.2,2.8,90.1,3,78
2022-12-16 12:18,3.34,2.8,89.4,3.1,84.8,2.6,88.9,2.7,88.7,2.9,89.8,3,83.4,2.9,90.2,3,78
2022-12-16 12:23,3.34,2.8,89.2,3.4,84.8,2.6,89,2.7,88.5,2.9,89.6,3,83.2,2.9,90,3,78
2022-12-16 12:28,3.34,2.9,89.3,3.1,84.9,2.7,89,2.7,88.6,3,89.7,3.1,83.3,3,90.1,3,78
2022-12-16 12:33,3.34,2.9,89.3,3.2,84.8,2.7,88.9,2.8,88.6,3,89.7,3.1,83.3,3,90.1,5,81.5
2022-12-16 12:38,3.21,3,89.2,3.1,84.8,6.1,79.6,2.8,88.6,3,89.7,3.2,83.3,3,90,7.5,79
2022-12-16 12:43,3.24,7,77,6.7,80.5,8.2,70.3,6.6,78.3,7.3,76.7,7.3,72.3,6.7,79.4,8.5,76.5
2022-12-16 12:48,3.19,9,68.3,8.8,72.5,9.3,65.9,8.6,69.3,9.2,68.1,9.2,64,8.5,70.6,10,74
2022-12-16 12:53,3.25,10,64.5,9.9,69.2,10.1,63.2,9.7,65,10.3,64,10.3,60.2,9.7,66.2,10.5,72
2022-12-16 12:58,3.24,10.7,62,10.6,67.1,10.6,61.3,10.5,62.6,11,61.9,11,58.1,10.5,63.5,11,70
2022-12-16 13:03,3.22,11.2,60.4,11.2,65.8,11.1,60,11,60.7,11.5,60.2,11.5,56.3,11,61.3,11.5,68.5
2022-12-16 13:08,3.22,11.5,59.1,11.7,64.7,11.4,59.3,11.4,59.2,11.8,58.8,11.9,55.2,11.5,59.7,12,67
2022-12-16 13:13,3.22,11.9,58.4,12.1,64.2,11.7,58.6,11.8,58.7,12.1,58.4,12.2,54.8,11.8,59.3,12.5,66
2022-12-16 13:18,3.21,12.1,58,12.5,64,11.9,58.2,12,58.2,12.3,57.8,12.4,54,12.1,58.6,12.5,65
2022-12-16 13:23,3.22,12.3,57.5,12.6,63.4,12.1,57.8,12.2,57.8,12.6,57.6,12.6,53.7,12.3,58,13,64.5
2022-12-16 13:28,3.21,12.5,57.2,12.9,61.9,12.3,57.4,12.4,57.3,12.7,57.1,12.8,53.4,12.5,57.6,13,63.5
2022-12-16 13:33,3.22,12.6,56.8,13,61.6,12.4,57.1,12.6,57,12.8,57,12.9,53.2,12.7,57.2,13,62.5
2022-12-16 13:38,3.24,12.7,56.5,13.1,61.4,12.4,56.8,12.7,56.6,12.9,56.6,13,52.8,12.7,56.7,13,62
2022-12-16 13:43,3.21,12.7,56.1,13.2,60.9,12.5,56.6,12.7,56.4,13,56.5,13.1,52.5,12.8,56.3,13,61.5
2022-12-16 13:48,3.23,12.8,56,13.1,61,12.6,56.2,12.8,56.3,13,56.3,13.1,52.5,12.9,56.3,13,61
2022-12-16 13:53,3.22,12.8,55.5,13.3,60.5,12.6,56.1,12.8,56,13,56.2,13.1,52.3,12.9,56,13.5,60.5
2022-12-16 13:58,3.22,12.8,55.6,13.3,60.4,12.6,56,12.8,55.8,13,55.9,13.1,51.9,13,55.6,13.5,60
2022-12-16 14:03,3.23,12.9,55.4,13.3,60.3,12.7,55.8,12.9,55.6,13.1,55.7,13.2,51.7,13,55.3,13.5,59.5
2022-12-16 14:08,3.22,12.9,55.3,13.4,60.4,12.7,55.6,12.9,55.5,13.1,55.6,13.2,51.6,13,55.2,13.5,59.5
2022-12-16 14:13,3.22,12.9,55.2,13.5,60,12.7,55.4,12.9,55.4,13.1,55.5,13.2,51.3,13,54.9,13.5,59
2022-12-16 14:18,3.2,13,54.9,13.4,59.7,12.7,55.3,12.9,55.2,13.1,55.2,13.2,51.3,13,54.9,13.5,58.5
2022-12-16 14:23,3.19,13,54.6,13.4,59.5,12.7,55.2,13,55,13.1,55.1,13.2,51.1,13.1,54.6,13.5,58.5
2022-12-16 14:28,3.19,13,54.8,13.4,59.8,12.7,54.7,13,54.9,13.1,54.9,13.2,51,13.1,54.5,13.5,58
2022-12-16 14:33,3.19,13,54.3,13.4,59.4,12.8,55,13,54.5,13.1,54.6,13.2,51,13.1,54.5,13.5,58
2022-12-16 14:38,3.19,12.9,54.5,13.5,59.3,12.7,54.6,13,54.7,13.1,54.8,13.2,50.8,13.1,54.4,13.5,57.5
2022-12-16 14:43,3.19,13,54,13.5,59.1,12.8,54.6,13,54.2,13.1,54.4,13.2,50.9,13.1,54.3,13.5,57.5
2022-12-16 14:48,3.19,13,54.3,13.4,59.2,12.8,54.5,13,54.4,13.1,54.5,13.2,50.8,13.1,54.2,13,57
2022-12-16 14:53,3.19,13,54,13.5,59,12.7,54.3,13,54.3,13.1,54.5,13.1,50.5,13.1,54,13,57
2022-12-16 14:58,3.2,12.9,53.9,13.4,58.8,12.7,54.2,12.9,54.1,13,54.3,13.1,50.4,13,53.8,13,57
2022-12-16 15:03,3.2,12.9,53.9,13.4,58.7,12.7,54.2,12.9,54,13,54.2,13,50.3,13,53.8,13,56.5
2022-12-16 15:08,3.21,12.9,53.7,13.3,58.7,12.7,54.1,12.8,54.1,13,54.3,13,50.3,12.9,53.7,13,56.5
2022-12-16 15:13,3.21,12.8,53.7,13.4,58.6,12.6,54,12.8,53.9,13,54.1,13,50.3,12.9,53.7,13,56.5
2022-12-16 15:18,3.21,12.8,53.5,13.3,58.4,12.6,53.8,12.8,53.8,13,54,13,50.1,12.9,53.5,13,56
2022-12-16 15:23,3.21,12.8,53.5,13.3,58.5,12.6,53.6,12.8,53.7,12.9,53.9,13,50,12.9,53.4,13,56
2022-12-16 15:28,3.21,12.8,53.4,13.3,58.3,12.6,53.6,12.8,53.5,12.9,53.7,13,49.9,12.9,53.3,13,56
2022-12-16 15:33,3.21,12.8,53.4,13.2,58.4,12.6,53.5,12.8,53.5,12.9,53.8,12.9,49.9,12.9,53.3,13,56
2022-12-16 15:38,3.22,12.8,53.4,13.2,58.2,12.5,53.4,12.8,53.5,12.9,53.7,12.9,49.9,12.9,53.2,13,56
2022-12-16 15:43,3.22,12.7,53.2,13.2,57.9,12.5,53.3,12.7,53.4,12.8,53.7,12.9,49.9,12.8,53.3,13,55.5
2022-12-16 15:48,3.22,12.7,53.3,13.2,58.1,12.5,53.4,12.7,53.4,12.8,53.6,12.9,49.8,12.8,53.2,13,55.5
2022-12-16 15:53,3.22,12.7,53.2,13.2,58,12.5,53.3,12.7,53.4,12.8,53.6,12.9,49.8,12.8,53.2,13,55.5
2022-12-16 15:58,3.22,12.7,53.2,13.2,58,12.5,53.3,12.7,53.3,12.8,53.4,12.9,49.7,12.8,53,13,55.5
2022-12-16 16:03,3.22,12.7,53.2,13.2,57.9,12.5,53.2,12.7,53.3,12.8,53.4,12.8,49.7,12.8,53.1,13,55
2022-12-16 16:08,3.22,12.6,53.1,13.2,57.6,12.5,53.1,12.6,53.2,12.8,53.4,12.8,49.7,12.7,53.1,13,55
2022-12-16 16:13,3.22,12.6,53.1,13.2,57.8,12.4,53,12.6,53.2,12.7,53.4,12.8,49.6,12.7,53,13,55
2022-12-16 16:18,3.22,12.6,53,13.1,57.5,12.4,53.1,12.6,53.1,12.7,53.3,12.8,49.6,12.7,53,13,55
2022-12-16 16:23,3.22,12.6,53,13.2,57.8,12.4,53,12.6,53.1,12.7,53.3,12.7,49.5,12.7,52.9,13,55
2022-12-16 16:28,3.22,12.6,52.9,13.1,57.6,12.4,52.9,12.6,53.1,12.7,53.3,12.7,49.6,12.7,52.9,13,55
2022-12-16 16:33,3.22,12.6,53,13.1,57.5,12.4,52.9,12.6,53.1,12.7,53.3,12.7,49.5,12.6,52.9,13,55
2022-12-16 16:38,3.22,12.6,52.9,13.1,57.6,12.4,52.9,12.6,52.9,12.6,53.2,12.7,49.5,12.6,52.9,13,54.5
2022-12-16 16:43,3.22,12.6,52.9,13.1,57.4,12.4,52.8,12.6,53,12.6,53.2,12.7,49.5,12.6,52.9,13,54.5
2022-12-16 16:48,3.22,12.6,52.8,13.1,57.4,12.3,52.8,12.5,52.9,12.6,53.2,12.7,49.5,12.6,52.8,12.5,54.5
2022-12-16 16:53,3.22,12.6,52.8,13.1,57.4,12.4,52.8,12.5,52.9,12.6,53.1,12.7,49.5,12.6,52.8,12.5,54.5
2022-12-16 16:58,3.22,12.5,52.8,13,57.2,12.4,53.1,12.5,53,12.6,53.2,12.7,49.5,12.6,52.8,13,54.5
2022-12-16 17:03,3.22,12.5,53.1,13.1,57.5,12.4,53.4,12.5,53.2,12.6,53.5,12.7,49.8,12.6,53.2,13,54.5
2022-12-16 17:08,3.22,12.6,53.4,13.1,57.8,12.4,53.4,12.5,53.5,12.7,53.7,12.8,50,12.7,53.3,13,54.5
2022-12-16 17:13,3.22,12.6,53.4,13.1,57.8,12.4,53.3,12.6,53.5,12.7,53.7,12.8,49.9,12.7,53.3,13,54.5
2022-12-16 17:18,3.22,12.6,53.2,13.2,57.7,12.4,53.2,12.6,53.4,12.7,53.7,12.8,49.9,12.7,53.2,13,54.5
2022-12-16 17:23,3.22,12.6,53.2,13.1,57.6,12.4,53.2,12.6,53.4,12.7,53.6,12.8,49.9,12.7,53.3,13,54.5
2022-12-16 17:28,3.22,12.6,53.1,13.1,57.6,12.4,53.2,12.6,53.3,12.7,53.5,12.8,49.8,12.7,53.2,13,54.5
2022-12-16 17:33,3.22,12.6,53.1,13.1,57.7,12.4,53.1,12.6,53.2,12.7,53.4,12.8,49.7,12.7,53,13,54.5
2022-12-16 17:38,3.22,12.6,53,13.1,57.6,12.4,53.1,12.6,53.2,12.7,53.4,12.8,49.6,12.7,53,13,54.5
2022-12-16 17:43,3.22,12.6,53,13.1,57.4,12.4,53,12.6,53.2,12.7,53.4,12.8,49.6,12.7,53,13,54.5
2022-12-16 17:48,3.22,12.6,53,13.1,57.5,12.4,53.1,12.6,53.1,12.7,53.3,12.8,49.7,12.7,53.1,13,54
2022-12-16 17:53,3.22,12.6,53.1,13.1,57.4,12.4,53.2,12.6,53.2,12.7,53.4,12.8,49.7,12.7,53.1,13,54
2022-12-16 17:58,3.22,12.6,53.1,13.1,57.5,12.4,53.2,12.6,53.3,12.7,53.5,12.8,49.7,12.7,53.1,13,54
2022-12-16 18:03,3.22,12.6,53.1,13.1,57.6,12.4,53,12.6,53.2,12.7,53.4,12.8,49.8,12.7,53.1,13,54
2022-12-16 18:08,3.22,12.6,53.1,13,57.4,12.4,53.1,12.6,53.2,12.7,53.4,12.8,49.7,12.7,53.1,13,54
2022-12-16 18:13,3.22,12.6,53.1,13.1,57.3,12.4,53.1,12.6,53.3,12.7,53.5,12.8,49.8,12.7,53.2,12.5,54
2022-12-16 18:18,3.22,12.6,53.1,13,57.2,12.4,53.1,12.6,53.2,12.7,53.5,12.8,49.7,12.7,53.1,12.5,54
2022-12-16 18:23,3.22,12.6,53.1,13,57.4,12.4,53.1,12.6,53.2,12.7,53.4,12.8,49.7,12.7,53.1,12.5,54
2022-12-16 18:28,3.22,12.5,53.1,13.1,57.4,12.3,53.1,12.5,53.2,12.7,53.4,12.7,49.7,12.6,53,13,54
2022-12-16 18:33,3.22,12.6,53.1,13.1,57.3,12.4,53.3,12.5,53.2,12.6,53.4,12.7,49.7,12.6,53.1,13,54
2022-12-16 18:38,3.13,12.6,53.3,13.1,57.4,12.4,53.7,12.6,53.4,12.7,53.7,12.8,49.9,12.7,53.3,13,54
2022-12-16 18:43,3.13,12.7,53.6,13.1,57.8,12.4,53.8,12.6,53.8,12.7,54,12.9,50.2,12.7,53.6,13,54
2022-12-16 18:48,3.14,12.6,53.7,13.1,57.9,12.4,53.6,12.6,53.8,12.7,54,12.8,50.2,12.7,53.6,13,54
2022-12-16 18:53,3.14,12.6,53.6,13.1,57.6,12.4,53.6,12.6,53.7,12.7,53.9,12.8,50.1,12.7,53.5,13,54
2022-12-16 18:58,3.15,12.6,53.5,13.1,57.6,12.4,53.5,12.6,53.7,12.7,53.9,12.8,50.1,12.7,53.5,13,54
2022-12-16 19:03,3.15,12.6,53.5,13.1,57.4,12.4,53.4,12.6,53.6,12.7,53.9,12.8,50.1,12.7,53.4,13,54
2022-12-16 19:08,3.15,12.6,53.4,13.1,57.4,12.4,53.4,12.6,53.6,12.7,53.8,12.8,50,12.7,53.4,13,54
2022-12-16 19:13,3.15,12.6,53.4,13.1,57.4,12.4,53.4,12.5,53.5,12.7,53.8,12.7,50,12.7,53.4,13,54
2022-12-16 19:18,3.15,12.5,53.4,13,57.5,12.4,53.3,12.6,53.5,12.6,53.7,12.7,50,12.7,53.3,13,54
2022-12-16 19:23,3.15,12.6,53.4,13.1,57.5,12.3,53.3,12.5,53.5,12.6,53.7,12.7,50,12.7,53.4,12.5,54
2022-12-16 19:28,3.15,12.5,53.3,13,57.3,12.4,53.3,12.6,53.5,12.6,53.7,12.7,50,12.6,53.3,12.5,54
2022-12-16 19:33,3.15,12.5,53.3,13.1,57.3,12.3,53.3,12.5,53.4,12.6,53.7,12.7,49.9,12.7,53.2,12.5,54
2022-12-16 19:38,3.15,12.5,53.3,13.1,57.5,12.3,53.3,12.5,53.4,12.6,53.7,12.7,49.9,12.6,53.2,12.5,54
2022-12-16 19:43,3.15,12.5,53.3,13.1,57.4,12.3,53.5,12.5,53.5,12.6,53.8,12.7,50,12.6,53.3,12.5,54
2022-12-16 19:48,3.15,12.5,53.4,13,57.4,12.3,53.4,12.5,53.6,12.6,53.8,12.7,50.1,12.6,53.4,12.5,54
2022-12-16 19:53,3.15,12.6,53.4,13,57.4,12.3,53.4,12.5,53.5,12.6,53.8,12.7,50,12.6,53.4,12.5,54
2022-12-16 19:58,3.15,12.6,53.4,13,57.3,12.4,53.4,12.5,53.5,12.6,53.8,12.7,50,12.6,53.4,12.5,54
2022-12-16 20:03,3.15,12.6,53.4,13.1,57.5,12.4,53.4,12.5,53.5,12.6,53.8,12.7,50,12.6,53.4,12.5,54
2022-12-16 20:08,3.15,12.6,53.4,13,57.5,12.4,53.4,12.6,53.5,12.6,53.8,12.7,50,12.6,53.3,13,54
2022-12-16 20:13,3.15,12.6,53.4,13.1,57.4,12.4,53.4,12.5,53.5,12.7,53.8,12.7,50,12.6,53.3,13,53.5
2022-12-16 20:18,3.15,12.6,53.4,13.1,57.5,12.4,53.5,12.5,53.6,12.7,53.8,12.8,50,12.7,53.4,13,53.5
2022-12-16 20:23,3.15,12.6,53.4,13.1,57.5,12.4,53.4,12.5,53.5,12.6,53.8,12.8,50,12.7,53.4,13,53.5
2022-12-16 20:28,3.15,12.6,53.4,13.1,57.4,12.4,53.5,12.5,53.5,12.7,53.8,12.8,50,12.7,53.4,13,53.5
2022-12-16 20:33,3.15,12.6,53.5,13.1,57.5,12.4,53.5,12.5,53.6,12.6,53.8,12.7,50.1,12.7,53.4,13,53.5
2022-12-16 20:38,3.15,12.6,53.5,13.1,57.4,12.4,53.5,12.5,53.6,12.7,53.8,12.8,50.1,12.7,53.4,13,53.5
2022-12-16 20:43,3.15,12.6,53.5,13.1,57.4,12.4,53.5,12.5,53.6,12.6,53.9,12.8,50.1,12.7,53.5,13,53.5
2022-12-16 20:48,3.15,12.6,53.5,13.1,57.4,12.4,53.5,12.5,53.6,12.7,53.8,12.7,50.1,12.6,53.4,13,53.5
2022-12-16 20:53,3.15,12.6,53.5,13.1,57.4,12.4,53.5,12.5,53.6,12.6,53.9,12.7,50.1,12.6,53.4,13,53.5
2022-12-16 20:58,3.15,12.6,53.5,13.1,57.4,12.4,53.4,12.5,53.6,12.7,53.8,12.7,50.1,12.7,53.4,13,53.5
2022-12-16 21:03,3.15,12.6,53.5,13.1,57.3,12.4,53.5,12.5,53.6,12.6,53.8,12.8,50.1,12.6,53.5,13,53.5
2022-12-16 21:08,3.15,12.6,53.5,13,57.5,12.3,53.5,12.5,53.6,12.6,53.8,12.8,50.1,12.7,53.5,13,53.5
2022-12-16 21:13,3.15,12.5,53.5,13.1,57.5,12.3,53.5,12.5,53.6,12.6,53.9,12.7,50.1,12.6,,13,53.5
2022-12-16 21:18,3.15,12.6,53.4,13.1,57.4,12.3,53.4,12.6,53.6,12.6,53.9,12.7,50.1,12.6,53.4,12.5,53.5
2022-12-16 21:23,3.15,12.6,53.5,13,57.6,12.3,53.5,12.5,53.6,12.6,53.8,12.7,50.1,12.7,53.5,12.5,53.5
2022-12-16 21:28,3.15,12.5,53.4,13,57.3,12.3,53.5,12.5,53.6,12.7,53.8,12.7,50.1,12.6,53.4,12.5,53.5
2022-12-16 21:33,3.15,12.5,53.5,13,57.5,12.3,53.4,12.5,53.6,12.6,53.8,12.7,50.1,12.6,53.4,13,53.5
2022-12-16 21:38,3.15,12.6,53.5,13,57.6,12.4,53.4,12.5,53.6,12.6,53.8,12.7,50.1,12.7,53.4,13,53.5
2022-12-16 21:43,3.15,12.5,53.5,13.1,57.2,12.4,53.4,12.5,53.5,12.7,53.8,12.7,50.1,12.7,53.5,13,53.5
2022-12-16 21:48,3.15,12.6,53.4,13.1,57.3,12.4,53.5,12.5,53.6,12.6,53.8,12.8,50.1,12.7,53.4,13,53.5
2022-12-16 21:53,3.15,12.6,53.5,13.1,57.4,12.4,53.5,12.6,53.6,12.7,53.9,12.7,50.1,12.7,53.5,13,53.5
2022-12-16 21:58,3.15,12.6,53.5,13,57.2,12.4,53.5,12.5,53.6,12.6,53.9,12.8,50.1,12.7,53.5,13,53.5
2022-12-16 22:03,3.15,12.6,53.5,13.1,57.2,12.4,53.5,12.6,53.7,12.7,53.9,12.7,50.2,12.7,53.5,13,53.5
2022-12-16 22:08,3.15,12.6,53.5,13.1,57.3,12.4,53.5,12.6,53.7,12.7,53.9,12.8,50.2,12.7,53.5,13,54
