2023-02-07T09:30:00Z,17,62,07/02/2023 09:30,lower_hall
2023-02-07T09:35:00Z,17,62,07/02/2023 09:35,
2023-02-07T09:40:00Z,17,61,07/02/2023 09:40,
2023-02-07T09:45:00Z,17,62,07/02/2023 09:45,
2023-02-07T09:50:00Z,17,62,07/02/2023 09:50,
2023-02-07T09:55:00Z,17,62,07/02/2023 09:55,
2023-02-07T10:00:00Z,17,62,07/02/2023 10:00,
2023-02-07T10:05:00Z,17,62,07/02/2023 10:05,
2023-02-07T10:10:00Z,17,62,07/02/2023 10:10,
2023-02-07T10:15:00Z,17,62,07/02/2023 10:15,
2023-02-07T10:20:00Z,18,62,07/02/2023 10:20,
2023-02-07T10:25:00Z,17,63,07/02/2023 10:25,
2023-02-07T10:30:00Z,18,63,07/02/2023 10:30,
2023-02-07T10:35:00Z,18,63,07/02/2023 10:35,
2023-02-07T10:40:00Z,18,63,07/02/2023 10:40,
2023-02-07T10:45:00Z,18,63,07/02/2023 10:45,
2023-02-07T10:50:00Z,18,63,07/02/2023 10:50,
2023-02-07T10:55:00Z,18,63,07/02/2023 10:55,
2023-02-07T11:00:00Z,18,64,07/02/2023 11:00,
2023-02-07T11:05:00Z,18,63,07/02/2023 11:05,
2023-02-07T11:10:00Z,18,64,07/02/2023 11:10,
2023-02-07T11:15:00Z,18,64,07/02/2023 11:15,
2023-02-07T11:20:00Z,18,64,07/02/2023 11:20,
2023-02-07T11:25:00Z,18,64,07/02/2023 11:25,
2023-02-07T11:30:00Z,18,64,07/02/2023 11:30,
2023-02-07T11:35:00Z,18,63,07/02/2023 11:35,
2023-02-07T11:40:00Z,18,64,07/02/2023 11:40,
2023-02-07T11:45:00Z,18,62,07/02/2023 11:45,
2023-02-07T11:50:00Z,18,62,07/02/2023 11:50,
2023-02-07T11:55:00Z,18,62,07/02/2023 11:55,
2023-02-07T12:00:00Z,18,62,07/02/2023 12:00,
2023-02-07T12:05:00Z,18,62,07/02/2023 12:05,
2023-02-07T12:10:00Z,18,62,07/02/2023 12:10,
2023-02-07T12:15:00Z,18,62,07/02/2023 12:15,
2023-02-07T12:20:00Z,18,63,07/02/2023 12:20,
2023-02-07T12:25:00Z,18,63,07/02/2023 12:25,
2023-02-07T12:30:00Z,18,63,07/02/2023 12:30,
2023-02-07T12:35:00Z,18,62,07/02/2023 12:35,
2023-02-07T12:40:00Z,18,61,07/02/2023 12:40,
2023-02-07T12:45:00Z,18,61,07/02/2023 12:45,
2023-02-07T12:50:00Z,18,61,07/02/2023 12:50,
2023-02-07T12:55:00Z,18,61,07/02/2023 12:55,
2023-02-07T13:00:00Z,18,61,07/02/2023 13:00,
2023-02-07T13:05:00Z,18,60,07/02/2023 13:05,
2023-02-07T13:10:00Z,19,60,07/02/2023 13:10,
2023-02-07T13:15:00Z,18,60,07/02/2023 13:15,
2023-02-07T13:20:00Z,18,60,07/02/2023 13:20,
2023-02-07T13:25:00Z,19,60,07/02/2023 13:25,
2023-02-07T13:30:00Z,19,60,07/02/2023 13:30,
2023-02-07T13:35:00Z,19,60,07/02/2023 13:35,
2023-02-07T13:40:00Z,19,60,07/02/2023 13:40,
2023-02-07T13:45:00Z,19,60,07/02/2023 13:45,
2023-02-07T13:50:00Z,19,60,07/02/2023 13:50,
2023-02-07T13:55:00Z,19,59,07/02/2023 13:55,
2023-02-07T14:00:00Z,19,60,07/02/2023 14:00,
2023-02-07T14:05:00Z,19,60,07/02/2023 14:05,
2023-02-07T14:10:00Z,19,60,07/02/2023 14:10,
2023-02-07T14:15:00Z,19,60,07/02/2023 14:15,
2023-02-07T14:20:00Z,19,60,07/02/2023 14:20,
2023-02-07T14:25:00Z,19,60,07/02/2023 14:25,
2023-02-07T14:30:00Z,19,60,07/02/2023 14:30,
2023-02-07T14:35:00Z,19,61,07/02/2023 14:35,
2023-02-07T14:40:00Z,19,60,07/02/2023 14:40,
2023-02-07T14:45:00Z,19,60,07/02/2023 14:45,
2023-02-07T14:50:00Z,19,61,07/02/2023 14:50,
2023-02-07T14:55:00Z,19,61,07/02/2023 14:55,
2023-02-07T15:00:00Z,19,60,07/02/2023 15:00,
2023-02-07T15:05:00Z,19,61,07/02/2023 15:05,
2023-02-07T15:10:00Z,19,60,07/02/2023 15:10,
2023-02-07T15:15:00Z,19,60,07/02/2023 15:15,
2023-02-07T15:20:00Z,19,60,07/02/2023 15:20,
2023-02-07T15:25:00Z,19,60,07/02/2023 15:25,
2023-02-07T15:30:00Z,19,60,07/02/2023 15:30,
2023-02-07T15:35:00Z,19,60,07/02/2023 15:35,
2023-02-07T15:40:00Z,19,60,07/02/2023 15:40,
2023-02-07T15:45:00Z,19,60,07/02/2023 15:45,
2023-02-07T15:50:00Z,19,60,07/02/2023 15:50,
2023-02-07T15:55:00Z,19,60,07/02/2023 15:55,
2023-02-07T16:00:00Z,19,60,07/02/2023 16:00,
2023-02-07T16:05:00Z,19,60,07/02/2023 16:05,
2023-02-07T16:10:00Z,19,58,07/02/2023 16:10,
2023-02-07T16:15:00Z,19,59,07/02/2023 16:15,
2023-02-07T16:20:00Z,19,58,07/02/2023 16:20,
2023-02-07T16:25:00Z,19,59,07/02/2023 16:25,
2023-02-07T16:30:00Z,19,58,07/02/2023 16:30,
2023-02-07T16:35:00Z,19,59,07/02/2023 16:35,
2023-02-07T16:40:00Z,19,59,07/02/2023 16:40,
2023-02-07T16:45:00Z,19,60,07/02/2023 16:45,
2023-02-07T16:50:00Z,19,59,07/02/2023 16:50,
2023-02-07T16:55:00Z,18,59,07/02/2023 16:55,
2023-02-07T17:00:00Z,18,60,07/02/2023 17:00,
2023-02-07T17:05:00Z,18,60,07/02/2023 17:05,
2023-02-07T17:10:00Z,18,61,07/02/2023 17:10,
2023-02-07T17:15:00Z,18,61,07/02/2023 17:15,
2023-02-07T17:20:00Z,18,61,07/02/2023 17:20,
2023-02-07T17:25:00Z,18,61,07/02/2023 17:25,
2023-02-07T17:30:00Z,18,61,07/02/2023 17:30,
2023-02-07T17:35:00Z,18,61,07/02/2023 17:35,
2023-02-07T17:40:00Z,18,61,07/02/2023 17:40,
2023-02-07T17:45:00Z,17,61,07/02/2023 17:45,
2023-02-07T17:50:00Z,17,61,07/02/2023 17:50,
2023-02-07T17:55:00Z,17,61,07/02/2023 17:55,
2023-02-07T18:00:00Z,17,61,07/02/2023 18:00,
2023-02-07T18:05:00Z,17,61,07/02/2023 18:05,
2023-02-07T18:10:00Z,17,61,07/02/2023 18:10,
2023-02-07T18:15:00Z,17,61,07/02/2023 18:15,
2023-02-07T18:20:00Z,17,61,07/02/2023 18:20,
2023-02-07T18:25:00Z,17,61,07/02/2023 18:25,
2023-02-07T18:30:00Z,17,61,07/02/2023 18:30,
2023-02-07T18:35:00Z,17,61,07/02/2023 18:35,
2023-02-07T18:40:00Z,17,61,07/02/2023 18:40,
2023-02-07T18:45:00Z,17,61,07/02/2023 18:45,
2023-02-07T18:50:00Z,17,61,07/02/2023 18:50,
2023-02-07T18:55:00Z,17,61,07/02/2023 18:55,
2023-02-07T19:00:00Z,17,61,07/02/2023 19:00,
2023-02-07T19:05:00Z,17,61,07/02/2023 19:05,
2023-02-07T19:10:00Z,16,61,07/02/2023 19:10,
2023-02-07T19:15:00Z,16,61,07/02/2023 19:15,
2023-02-07T19:20:00Z,16,61,07/02/2023 19:20,
2023-02-07T19:25:00Z,16,61,07/02/2023 19:25,
2023-02-07T19:30:00Z,16,61,07/02/2023 19:30,
2023-02-07T19:35:00Z,16,61,07/02/2023 19:35,
2023-02-07T19:40:00Z,16,61,07/02/2023 19:40,
2023-02-07T19:45:00Z,16,61,07/02/2023 19:45,
2023-02-07T19:50:00Z,16,61,07/02/2023 19:50,
2023-02-07T19:55:00Z,16,61,07/02/2023 19:55,
2023-02-07T20:00:00Z,16,61,07/02/2023 20:00,
2023-02-07T20:05:00Z,16,61,07/02/2023 20:05,
2023-02-07T20:10:00Z,16,61,07/02/2023 20:10,
2023-02-07T20:15:00Z,16,61,07/02/2023 20:15,
2023-02-07T20:20:00Z,16,61,07/02/2023 20:20,
2023-02-07T20:25:00Z,16,61,07/02/2023 20:25,
2023-02-07T20:30:00Z,16,61,07/02/2023 20:30,
2023-02-07T20:35:00Z,16,61,07/02/2023 20:35,
2023-02-07T20:40:00Z,16,61,07/02/2023 20:40,
2023-02-07T20:45:00Z,16,61,07/02/2023 20:45,
2023-02-07T20:50:00Z,16,61,07/02/2023 20:50,
2023-02-07T20:55:00Z,16,61,07/02/2023 20:55,
2023-02-07T21:00:00Z,16,61,07/02/2023 21:00,
2023-02-07T21:05:00Z,16,61,07/02/2023 21:05,
2023-02-07T21:10:00Z,16,61,07/02/2023 21:10,
2023-02-07T21:15:00Z,16,61,07/02/2023 21:15,
2023-02-07T21:20:00Z,15,61,07/02/2023 21:20,
2023-02-07T21:25:00Z,15,62,07/02/2023 21:25,
2023-02-07T21:30:00Z,15,62,07/02/2023 21:30,
2023-02-07T21:35:00Z,15,62,07/02/2023 21:35,
2023-02-07T21:40:00Z,15,62,07/02/2023 21:40,
2023-02-07T21:45:00Z,15,62,07/02/2023 21:45,
2023-02-07T21:50:00Z,15,62,07/02/2023 21:50,
2023-02-07T21:55:00Z,15,62,07/02/2023 21:55,
2023-02-07T22:00:00Z,15,62,07/02/2023 22:00,
2023-02-07T22:05:00Z,15,62,07/02/2023 22:05,
2023-02-07T22:10:00Z,15,62,07/02/2023 22:10,
2023-02-07T22:15:00Z,15,62,07/02/2023 22:15,
2023-02-07T22:20:00Z,15,62,07/02/2023 22:20,
2023-02-07T22:25:00Z,15,62,07/02/2023 22:25,
2023-02-07T22:30:00Z,15,62,07/02/2023 22:30,
2023-02-07T22:35:00Z,15,62,07/02/2023 22:35,
2023-02-07T22:40:00Z,15,62,07/02/2023 22:40,
2023-02-07T22:45:00Z,15,62,07/02/2023 22:45,
2023-02-07T22:50:00Z,15,62,07/02/2023 22:50,
2023-02-07T22:55:00Z,15,62,07/02/2023 22:55,
2023-02-07T23:00:00Z,15,62,07/02/2023 23:00,
2023-02-07T23:05:00Z,15,62,07/02/2023 23:05,
2023-02-07T23:10:00Z,15,62,07/02/2023 23:10,
2023-02-07T23:15:00Z,15,62,07/02/2023 23:15,
2023-02-07T23:20:00Z,15,62,07/02/2023 23:20,
2023-02-07T23:25:00Z,15,62,07/02/2023 23:25,
2023-02-07T23:30:00Z,15,62,07/02/2023 23:30,
2023-02-07T23:35:00Z,15,62,07/02/2023 23:35,
2023-02-07T23:40:00Z,15,62,07/02/2023 23:40,
2023-02-07T23:45:00Z,15,62,07/02/2023 23:45,
2023-02-07T23:50:00Z,15,62,07/02/2023 23:50,
2023-02-07T23:55:00Z,15,62,07/02/2023 23:55,
2023-02-08T00:00:00Z,15,62,08/02/2023 00:00,
2023-02-08T00:05:00Z,15,62,08/02/2023 00:05,
2023-02-08T00:10:00Z,15,62,08/02/2023 00:10,
2023-02-08T00:15:00Z,15,62,08/02/2023 00:15,
2023-02-08T00:20:00Z,15,62,08/02/2023 00:20,
2023-02-08T00:25:00Z,15,62,08/02/2023 00:25,
2023-02-08T00:30:00Z,15,62,08/02/2023 00:30,
2023-02-08T00:35:00Z,15,62,08/02/2023 00:35,
2023-02-08T00:40:00Z,15,61,08/02/2023 00:40,
2023-02-08T00:45:00Z,14,62,08/02/2023 00:45,
2023-02-08T00:50:00Z,14,62,08/02/2023 00:50,
2023-02-08T00:55:00Z,14,62,08/02/2023 00:55,
2023-02-08T01:00:00Z,14,62,08/02/2023 01:00,
2023-02-08T01:05:00Z,14,62,08/02/2023 01:05,
2023-02-08T01:10:00Z,14,62,08/02/2023 01:10,
2023-02-08T01:15:00Z,14,62,08/02/2023 01:15,
2023-02-08T01:20:00Z,14,62,08/02/2023 01:20,
2023-02-08T01:25:00Z,14,62,08/02/2023 01:25,
2023-02-08T01:30:00Z,14,62,08/02/2023 01:30,
2023-02-08T01:35:00Z,14,62,08/02/2023 01:35,
2023-02-08T01:40:00Z,14,62,08/02/2023 01:40,
2023-02-08T01:45:00Z,14,62,08/02/2023 01:45,
2023-02-08T01:50:00Z,14,62,08/02/2023 01:50,
2023-02-08T01:55:00Z,14,62,08/02/2023 01:55,
2023-02-08T02:00:00Z,14,62,08/02/2023 02:00,
2023-02-08T02:05:00Z,14,62,08/02/2023 02:05,
2023-02-08T02:10:00Z,14,62,08/02/2023 02:10,
2023-02-08T02:15:00Z,14,62,08/02/2023 02:15,
2023-02-08T02:20:00Z,14,62,08/02/2023 02:20,
2023-02-08T02:25:00Z,14,62,08/02/2023 02:25,
2023-02-08T02:30:00Z,14,62,08/02/2023 02:30,
2023-02-08T02:35:00Z,14,62,08/02/2023 02:35,
2023-02-08T02:40:00Z,14,62,08/02/2023 02:40,
2023-02-08T02:45:00Z,14,62,08/02/2023 02:45,
2023-02-08T02:50:00Z,14,62,08/02/2023 02:50,
2023-02-08T02:55:00Z,14,61,08/02/2023 02:55,
2023-02-08T03:00:00Z,14,62,08/02/2023 03:00,
2023-02-08T03:05:00Z,14,62,08/02/2023 03:05,
2023-02-08T03:10:00Z,14,62,08/02/2023 03:10,
2023-02-08T03:15:00Z,14,62,08/02/2023 03:15,
2023-02-08T03:20:00Z,14,62,08/02/2023 03:20,
2023-02-08T03:25:00Z,14,62,08/02/2023 03:25,
2023-02-08T03:30:00Z,14,62,08/02/2023 03:30,
2023-02-08T03:35:00Z,14,61,08/02/2023 03:35,
2023-02-08T03:40:00Z,14,62,08/02/2023 03:40,
2023-02-08T03:45:00Z,14,61,08/02/2023 03:45,
2023-02-08T03:50:00Z,14,62,08/02/2023 03:50,
2023-02-08T03:55:00Z,14,61,08/02/2023 03:55,
2023-02-08T04:00:00Z,14,61,08/02/2023 04:00,
2023-02-08T04:05:00Z,14,61,08/02/2023 04:05,
2023-02-08T04:10:00Z,14,62,08/02/2023 04:10,
2023-02-08T04:15:00Z,14,61,08/02/2023 04:15,
2023-02-08T04:20:00Z,14,61,08/02/2023 04:20,
2023-02-08T04:25:00Z,14,62,08/02/2023 04:25,
2023-02-08T04:30:00Z,14,61,08/02/2023 04:30,
2023-02-08T04:35:00Z,14,61,08/02/2023 04:35,
2023-02-08T04:40:00Z,14,62,08/02/2023 04:40,
2023-02-08T04:45:00Z,14,61,08/02/2023 04:45,
2023-02-08T04:50:00Z,14,62,08/02/2023 04:50,
2023-02-08T04:55:00Z,14,61,08/02/2023 04:55,
2023-02-08T05:00:00Z,14,62,08/02/2023 05:00,
2023-02-08T05:05:00Z,14,62,08/02/2023 05:05,
2023-02-08T05:10:00Z,14,62,08/02/2023 05:10,
2023-02-08T05:15:00Z,14,62,08/02/2023 05:15,
2023-02-08T05:20:00Z,14,62,08/02/2023 05:20,
2023-02-08T05:25:00Z,14,62,08/02/2023 05:25,
2023-02-08T05:30:00Z,14,62,08/02/2023 05:30,
2023-02-08T05:35:00Z,14,62,08/02/2023 05:35,
2023-02-08T05:40:00Z,14,62,08/02/2023 05:40,
2023-02-08T05:45:00Z,14,62,08/02/2023 05:45,
2023-02-08T05:50:00Z,14,62,08/02/2023 05:50,
2023-02-08T05:55:00Z,14,62,08/02/2023 05:55,
2023-02-08T06:00:00Z,14,62,08/02/2023 06:00,
2023-02-08T06:05:00Z,14,62,08/02/2023 06:05,
2023-02-08T06:10:00Z,14,62,08/02/2023 06:10,
2023-02-08T06:15:00Z,14,62,08/02/2023 06:15,
2023-02-08T06:20:00Z,14,62,08/02/2023 06:20,
2023-02-08T06:25:00Z,14,62,08/02/2023 06:25,
2023-02-08T06:30:00Z,14,62,08/02/2023 06:30,
2023-02-08T06:35:00Z,14,62,08/02/2023 06:35,
2023-02-08T06:40:00Z,14,62,08/02/2023 06:40,
2023-02-08T06:45:00Z,13,62,08/02/2023 06:45,
2023-02-08T06:50:00Z,14,62,08/02/2023 06:50,
2023-02-08T06:55:00Z,13,62,08/02/2023 06:55,
2023-02-08T07:00:00Z,13,62,08/02/2023 07:00,
2023-02-08T07:05:00Z,14,62,08/02/2023 07:05,
2023-02-08T07:10:00Z,13,62,08/02/2023 07:10,
2023-02-08T07:15:00Z,13,62,08/02/2023 07:15,
2023-02-08T07:20:00Z,13,62,08/02/2023 07:20,
2023-02-08T07:25:00Z,13,62,08/02/2023 07:25,
2023-02-08T07:30:00Z,13,62,08/02/2023 07:30,
2023-02-08T07:35:00Z,13,62,08/02/2023 07:35,
2023-02-08T07:40:00Z,13,62,08/02/2023 07:40,
2023-02-08T07:45:00Z,13,62,08/02/2023 07:45,
2023-02-08T07:50:00Z,13,62,08/02/2023 07:50,
2023-02-08T07:55:00Z,13,62,08/02/2023 07:55,
2023-02-08T08:00:00Z,13,62,08/02/2023 08:00,
2023-02-08T08:05:00Z,13,62,08/02/2023 08:05,
2023-02-08T08:10:00Z,13,62,08/02/2023 08:10,
2023-02-08T08:15:00Z,13,62,08/02/2023 08:15,
2023-02-08T08:20:00Z,13,62,08/02/2023 08:20,
2023-02-08T08:25:00Z,13,62,08/02/2023 08:25,
2023-02-08T08:30:00Z,13,62,08/02/2023 08:30,
2023-02-08T08:35:00Z,13,62,08/02/2023 08:35,
2023-02-08T08:40:00Z,13,62,08/02/2023 08:40,
2023-02-08T08:45:00Z,13,62,08/02/2023 08:45,
2023-02-08T08:50:00Z,13,62,08/02/2023 08:50,
2023-02-08T08:55:00Z,13,62,08/02/2023 08:55,
2023-02-08T09:00:00Z,13,62,08/02/2023 09:00,
2023-02-08T09:05:00Z,13,62,08/02/2023 09:05,
2023-02-08T09:10:00Z,13,62,08/02/2023 09:10,
2023-02-08T09:15:00Z,13,62,08/02/2023 09:15,
2023-02-08T09:20:00Z,13,62,08/02/2023 09:20,
2023-02-08T09:25:00Z,13,62,08/02/2023 09:25,
2023-02-08T09:30:00Z,13,62,08/02/2023 09:30,
2023-02-08T09:35:00Z,13,62,08/02/2023 09:35,
2023-02-08T09:40:00Z,13,62,08/02/2023 09:40,
2023-02-08T09:45:00Z,13,62,08/02/2023 09:45,
2023-02-08T09:50:00Z,13,62,08/02/2023 09:50,
2023-02-08T09:55:00Z,13,62,08/02/2023 09:55,
2023-02-08T10:00:00Z,13,62,08/02/2023 10:00,
2023-02-08T10:05:00Z,13,62,08/02/2023 10:05,
2023-02-08T10:10:00Z,13,62,08/02/2023 10:10,
2023-02-08T10:15:00Z,13,62,08/02/2023 10:15,
2023-02-08T10:20:00Z,13,62,08/02/2023 10:20,
2023-02-08T10:25:00Z,13,62,08/02/2023 10:25,
2023-02-08T10:30:00Z,13,62,08/02/2023 10:30,
2023-02-08T10:35:00Z,13,62,08/02/2023 10:35,
2023-02-08T10:40:00Z,13,62,08/02/2023 10:40,
2023-02-08T10:45:00Z,13,62,08/02/2023 10:45,
2023-02-08T10:50:00Z,13,62,08/02/2023 10:50,
2023-02-08T10:55:00Z,13,62,08/02/2023 10:55,
2023-02-08T11:00:00Z,13,62,08/02/2023 11:00,
2023-02-08T11:05:00Z,13,62,08/02/2023 11:05,
2023-02-08T11:10:00Z,13,62,08/02/2023 11:10,
2023-02-08T11:15:00Z,13,62,08/02/2023 11:15,
2023-02-08T11:20:00Z,13,62,08/02/2023 11:20,
2023-02-08T11:25:00Z,13,62,08/02/2023 11:25,
2023-02-08T11:30:00Z,13,62,08/02/2023 11:30,
2023-02-08T11:35:00Z,13,62,08/02/2023 11:35,
2023-02-08T11:40:00Z,13,62,08/02/2023 11:40,
2023-02-08T11:45:00Z,13,62,08/02/2023 11:45,
2023-02-08T11:50:00Z,13,62,08/02/2023 11:50,
2023-02-08T11:55:00Z,13,62,08/02/2023 11:55,
2023-02-08T12:00:00Z,13,62,08/02/2023 12:00,
2023-02-08T12:05:00Z,13,62,08/02/2023 12:05,
2023-02-08T12:10:00Z,13,62,08/02/2023 12:10,
2023-02-08T12:15:00Z,13,62,08/02/2023 12:15,
2023-02-08T12:20:00Z,13,62,08/02/2023 12:20,
2023-02-08T12:25:00Z,13,62,08/02/2023 12:25,
2023-02-08T12:30:00Z,13,61,08/02/2023 12:30,
2023-02-08T12:35:00Z,13,62,08/02/2023 12:35,
2023-02-08T12:40:00Z,13,62,08/02/2023 12:40,
2023-02-08T12:45:00Z,13,61,08/02/2023 12:45,
2023-02-08T12:50:00Z,13,61,08/02/2023 12:50,
2023-02-08T12:55:00Z,13,61,08/02/2023 12:55,
2023-02-08T13:00:00Z,13,61,08/02/2023 13:00,
2023-02-08T13:05:00Z,13,61,08/02/2023 13:05,
2023-02-08T13:10:00Z,13,61,08/02/2023 13:10,
2023-02-08T13:15:00Z,13,61,08/02/2023 13:15,
2023-02-08T13:20:00Z,13,61,08/02/2023 13:20,
2023-02-08T13:25:00Z,13,61,08/02/2023 13:25,
2023-02-08T13:30:00Z,13,61,08/02/2023 13:30,
2023-02-08T13:35:00Z,13,60,08/02/2023 13:35,
2023-02-08T13:40:00Z,13,60,08/02/2023 13:40,
2023-02-08T13:45:00Z,13,60,08/02/2023 13:45,
2023-02-08T13:50:00Z,13,60,08/02/2023 13:50,
2023-02-08T13:55:00Z,13,60,08/02/2023 13:55,
2023-02-08T14:00:00Z,13,60,08/02/2023 14:00,
2023-02-08T14:05:00Z,13,60,08/02/2023 14:05,
2023-02-08T14:10:00Z,13,60,08/02/2023 14:10,
2023-02-08T14:15:00Z,13,60,08/02/2023 14:15,
2023-02-08T14:20:00Z,13,60,08/02/2023 14:20,
2023-02-08T14:25:00Z,13,60,08/02/2023 14:25,
2023-02-08T14:30:00Z,13,60,08/02/2023 14:30,
2023-02-08T14:35:00Z,13,60,08/02/2023 14:35,
2023-02-08T14:40:00Z,13,60,08/02/2023 14:40,
2023-02-08T14:45:00Z,13,60,08/02/2023 14:45,
2023-02-08T14:50:00Z,13,60,08/02/2023 14:50,
2023-02-08T14:55:00Z,13,60,08/02/2023 14:55,
2023-02-08T15:00:00Z,13,60,08/02/2023 15:00,
2023-02-08T15:05:00Z,13,60,08/02/2023 15:05,
2023-02-08T15:10:00Z,13,60,08/02/2023 15:10,
2023-02-08T15:15:00Z,13,60,08/02/2023 15:15,
2023-02-08T15:20:00Z,13,60,08/02/2023 15:20,
2023-02-08T15:25:00Z,13,60,08/02/2023 15:25,
2023-02-08T15:30:00Z,13,60,08/02/2023 15:30,
2023-02-08T15:35:00Z,13,60,08/02/2023 15:35,
2023-02-08T15:40:00Z,13,60,08/02/2023 15:40,
2023-02-08T15:45:00Z,13,60,08/02/2023 15:45,
2023-02-08T15:50:00Z,13,60,08/02/2023 15:50,
2023-02-08T15:55:00Z,13,60,08/02/2023 15:55,
2023-02-08T16:00:00Z,13,61,08/02/2023 16:00,
2023-02-08T16:05:00Z,13,61,08/02/2023 16:05,
2023-02-08T16:10:00Z,14,61,08/02/2023 16:10,
2023-02-08T16:15:00Z,14,61,08/02/2023 16:15,
2023-02-08T16:20:00Z,14,61,08/02/2023 16:20,
2023-02-08T16:25:00Z,14,62,08/02/2023 16:25,
2023-02-08T16:30:00Z,14,61,08/02/2023 16:30,
2023-02-08T16:35:00Z,14,61,08/02/2023 16:35,
2023-02-08T16:40:00Z,14,61,08/02/2023 16:40,
2023-02-08T16:45:00Z,15,61,08/02/2023 16:45,
2023-02-08T16:50:00Z,15,61,08/02/2023 16:50,
2023-02-08T16:55:00Z,15,61,08/02/2023 16:55,
2023-02-08T17:00:00Z,15,61,08/02/2023 17:00,
2023-02-08T17:05:00Z,15,61,08/02/2023 17:05,
2023-02-08T17:10:00Z,15,60,08/02/2023 17:10,
2023-02-08T17:15:00Z,15,60,08/02/2023 17:15,
2023-02-08T17:20:00Z,15,60,08/02/2023 17:20,
2023-02-08T17:25:00Z,15,60,08/02/2023 17:25,
2023-02-08T17:30:00Z,15,60,08/02/2023 17:30,
2023-02-08T17:35:00Z,15,59,08/02/2023 17:35,
2023-02-08T17:40:00Z,16,58,08/02/2023 17:40,
2023-02-08T17:45:00Z,16,58,08/02/2023 17:45,
2023-02-08T17:50:00Z,16,58,08/02/2023 17:50,
2023-02-08T17:55:00Z,16,58,08/02/2023 17:55,
2023-02-08T18:00:00Z,16,58,08/02/2023 18:00,
2023-02-08T18:05:00Z,16,58,08/02/2023 18:05,
2023-02-08T18:10:00Z,16,58,08/02/2023 18:10,
2023-02-08T18:15:00Z,16,57,08/02/2023 18:15,
2023-02-08T18:20:00Z,16,57,08/02/2023 18:20,
2023-02-08T18:25:00Z,16,57,08/02/2023 18:25,
2023-02-08T18:30:00Z,16,57,08/02/2023 18:30,
2023-02-08T18:35:00Z,16,57,08/02/2023 18:35,
2023-02-08T18:40:00Z,16,57,08/02/2023 18:40,
2023-02-08T18:45:00Z,16,57,08/02/2023 18:45,
2023-02-08T18:50:00Z,16,57,08/02/2023 18:50,
2023-02-08T18:55:00Z,16,57,08/02/2023 18:55,
2023-02-08T19:00:00Z,16,56,08/02/2023 19:00,
2023-02-08T19:05:00Z,16,57,08/02/2023 19:05,
2023-02-08T19:10:00Z,17,58,08/02/2023 19:10,
2023-02-08T19:15:00Z,17,61,08/02/2023 19:15,
2023-02-08T19:20:00Z,17,62,08/02/2023 19:20,
2023-02-08T19:25:00Z,17,64,08/02/2023 19:25,
2023-02-08T19:30:00Z,18,66,08/02/2023 19:30,
2023-02-08T19:35:00Z,18,67,08/02/2023 19:35,
2023-02-08T19:40:00Z,18,68,08/02/2023 19:40,
2023-02-08T19:45:00Z,18,68,08/02/2023 19:45,
2023-02-08T19:50:00Z,18,68,08/02/2023 19:50,
2023-02-08T19:55:00Z,19,69,08/02/2023 19:55,
2023-02-08T20:00:00Z,19,69,08/02/2023 20:00,
2023-02-08T20:05:00Z,19,70,08/02/2023 20:05,
2023-02-08T20:10:00Z,19,70,08/02/2023 20:10,
2023-02-08T20:15:00Z,19,71,08/02/2023 20:15,
2023-02-08T20:20:00Z,19,73,08/02/2023 20:20,
2023-02-08T20:25:00Z,19,73,08/02/2023 20:25,
2023-02-08T20:30:00Z,19,73,08/02/2023 20:30,
2023-02-08T20:35:00Z,19,73,08/02/2023 20:35,
2023-02-08T20:40:00Z,19,74,08/02/2023 20:40,
2023-02-08T20:45:00Z,19,74,08/02/2023 20:45,
2023-02-08T20:50:00Z,19,75,08/02/2023 20:50,
2023-02-08T20:55:00Z,20,75,08/02/2023 20:55,
2023-02-08T21:00:00Z,20,75,08/02/2023 21:00,
2023-02-08T21:05:00Z,20,76,08/02/2023 21:05,
2023-02-08T21:10:00Z,20,74,08/02/2023 21:10,
2023-02-08T21:15:00Z,19,75,08/02/2023 21:15,
2023-02-08T21:20:00Z,19,73,08/02/2023 21:20,
2023-02-08T21:25:00Z,18,72,08/02/2023 21:25,
2023-02-08T21:30:00Z,18,72,08/02/2023 21:30,
2023-02-08T21:35:00Z,18,72,08/02/2023 21:35,
2023-02-08T21:40:00Z,18,72,08/02/2023 21:40,
2023-02-08T21:45:00Z,17,71,08/02/2023 21:45,
2023-02-08T21:50:00Z,17,71,08/02/2023 21:50,
2023-02-08T21:55:00Z,17,71,08/02/2023 21:55,
2023-02-08T22:00:00Z,17,70,08/02/2023 22:00,
2023-02-08T22:05:00Z,17,70,08/02/2023 22:05,
2023-02-08T22:10:00Z,17,70,08/02/2023 22:10,
2023-02-08T22:15:00Z,17,70,08/02/2023 22:15,
2023-02-08T22:20:00Z,17,69,08/02/2023 22:20,
2023-02-08T22:25:00Z,17,69,08/02/2023 22:25,
2023-02-08T22:30:00Z,17,69,08/02/2023 22:30,
2023-02-08T22:35:00Z,16,68,08/02/2023 22:35,
2023-02-08T22:40:00Z,16,68,08/02/2023 22:40,
2023-02-08T22:45:00Z,16,67,08/02/2023 22:45,
2023-02-08T22:50:00Z,16,67,08/02/2023 22:50,
2023-02-08T22:55:00Z,16,67,08/02/2023 22:55,
2023-02-08T23:00:00Z,16,67,08/02/2023 23:00,
2023-02-08T23:05:00Z,16,66,08/02/2023 23:05,
2023-02-08T23:10:00Z,16,66,08/02/2023 23:10,
2023-02-08T23:15:00Z,16,65,08/02/2023 23:15,
2023-02-08T23:20:00Z,16,65,08/02/2023 23:20,
2023-02-08T23:25:00Z,16,65,08/02/2023 23:25,
2023-02-08T23:30:00Z,16,65,08/02/2023 23:30,
2023-02-08T23:35:00Z,16,65,08/02/2023 23:35,
2023-02-08T23:40:00Z,16,64,08/02/2023 23:40,
2023-02-08T23:45:00Z,16,64,08/02/2023 23:45,
2023-02-08T23:50:00Z,16,64,08/02/2023 23:50,
2023-02-08T23:55:00Z,15,65,08/02/2023 23:55,
2023-02-09T00:00:00Z,16,64,09/02/2023 00:00,
2023-02-09T00:05:00Z,15,65,09/02/2023 00:05,
2023-02-09T00:10:00Z,15,65,09/02/2023 00:10,
2023-02-09T00:15:00Z,15,65,09/02/2023 00:15,
2023-02-09T00:20:00Z,15,65,09/02/2023 00:20,
2023-02-09T00:25:00Z,15,65,09/02/2023 00:25,
2023-02-09T00:30:00Z,15,65,09/02/2023 00:30,
2023-02-09T00:35:00Z,15,64,09/02/2023 00:35,
2023-02-09T00:40:00Z,15,64,09/02/2023 00:40,
2023-02-09T00:45:00Z,15,64,09/02/2023 00:45,
2023-02-09T00:50:00Z,15,64,09/02/2023 00:50,
2023-02-09T00:55:00Z,15,64,09/02/2023 00:55,
2023-02-09T01:00:00Z,15,64,09/02/2023 01:00,
2023-02-09T01:05:00Z,15,64,09/02/2023 01:05,
2023-02-09T01:10:00Z,15,64,09/02/2023 01:10,
2023-02-09T01:15:00Z,15,64,09/02/2023 01:15,
2023-02-09T01:20:00Z,15,64,09/02/2023 01:20,
2023-02-09T01:25:00Z,15,64,09/02/2023 01:25,
2023-02-09T01:30:00Z,15,64,09/02/2023 01:30,
2023-02-09T01:35:00Z,15,64,09/02/2023 01:35,
2023-02-09T01:40:00Z,15,64,09/02/2023 01:40,
2023-02-09T01:45:00Z,14,64,09/02/2023 01:45,
2023-02-09T01:50:00Z,14,64,09/02/2023 01:50,
2023-02-09T01:55:00Z,14,64,09/02/2023 01:55,
2023-02-09T02:00:00Z,14,64,09/02/2023 02:00,
2023-02-09T02:05:00Z,14,64,09/02/2023 02:05,
2023-02-09T02:10:00Z,14,63,09/02/2023 02:10,
2023-02-09T02:15:00Z,14,63,09/02/2023 02:15,
2023-02-09T02:20:00Z,14,63,09/02/2023 02:20,
2023-02-09T02:25:00Z,14,63,09/02/2023 02:25,
2023-02-09T02:30:00Z,14,63,09/02/2023 02:30,
2023-02-09T02:35:00Z,14,63,09/02/2023 02:35,
2023-02-09T02:40:00Z,14,63,09/02/2023 02:40,
2023-02-09T02:45:00Z,14,63,09/02/2023 02:45,
2023-02-09T02:50:00Z,14,62,09/02/2023 02:50,
2023-02-09T02:55:00Z,14,62,09/02/2023 02:55,
2023-02-09T03:00:00Z,14,62,09/02/2023 03:00,
2023-02-09T03:05:00Z,14,62,09/02/2023 03:05,
2023-02-09T03:10:00Z,14,62,09/02/2023 03:10,
2023-02-09T03:15:00Z,14,62,09/02/2023 03:15,
2023-02-09T03:20:00Z,14,62,09/02/2023 03:20,
2023-02-09T03:25:00Z,14,62,09/02/2023 03:25,
2023-02-09T03:30:00Z,14,62,09/02/2023 03:30,
2023-02-09T03:35:00Z,14,62,09/02/2023 03:35,
2023-02-09T03:40:00Z,14,62,09/02/2023 03:40,
2023-02-09T03:45:00Z,14,62,09/02/2023 03:45,
2023-02-09T03:50:00Z,14,63,09/02/2023 03:50,
2023-02-09T03:55:00Z,14,62,09/02/2023 03:55,
2023-02-09T04:00:00Z,14,62,09/02/2023 04:00,
2023-02-09T04:05:00Z,14,62,09/02/2023 04:05,
2023-02-09T04:10:00Z,14,62,09/02/2023 04:10,
2023-02-09T04:15:00Z,14,62,09/02/2023 04:15,
2023-02-09T04:20:00Z,14,62,09/02/2023 04:20,
2023-02-09T04:25:00Z,14,62,09/02/2023 04:25,
2023-02-09T04:30:00Z,14,62,09/02/2023 04:30,
2023-02-09T04:35:00Z,14,62,09/02/2023 04:35,
2023-02-09T04:40:00Z,14,62,09/02/2023 04:40,
2023-02-09T04:45:00Z,14,62,09/02/2023 04:45,
2023-02-09T04:50:00Z,14,62,09/02/2023 04:50,
2023-02-09T04:55:00Z,14,62,09/02/2023 04:55,
2023-02-09T05:00:00Z,13,62,09/02/2023 05:00,
2023-02-09T05:05:00Z,13,62,09/02/2023 05:05,
2023-02-09T05:10:00Z,13,62,09/02/2023 05:10,
2023-02-09T05:15:00Z,13,62,09/02/2023 05:15,
2023-02-09T05:20:00Z,13,62,09/02/2023 05:20,
2023-02-09T05:25:00Z,13,62,09/02/2023 05:25,
2023-02-09T05:30:00Z,13,62,09/02/2023 05:30,
2023-02-09T05:35:00Z,13,62,09/02/2023 05:35,
2023-02-09T05:40:00Z,13,62,09/02/2023 05:40,
2023-02-09T05:45:00Z,13,62,09/02/2023 05:45,
2023-02-09T05:50:00Z,13,61,09/02/2023 05:50,
2023-02-09T05:55:00Z,13,62,09/02/2023 05:55,
2023-02-09T06:00:00Z,13,62,09/02/2023 06:00,
2023-02-09T06:05:00Z,13,62,09/02/2023 06:05,
2023-02-09T06:10:00Z,13,62,09/02/2023 06:10,
2023-02-09T06:15:00Z,13,62,09/02/2023 06:15,
2023-02-09T06:20:00Z,13,61,09/02/2023 06:20,
2023-02-09T06:25:00Z,13,62,09/02/2023 06:25,
2023-02-09T06:30:00Z,13,61,09/02/2023 06:30,
2023-02-09T06:35:00Z,13,61,09/02/2023 06:35,
2023-02-09T06:40:00Z,13,62,09/02/2023 06:40,
2023-02-09T06:45:00Z,13,61,09/02/2023 06:45,
2023-02-09T06:50:00Z,13,61,09/02/2023 06:50,
2023-02-09T06:55:00Z,13,61,09/02/2023 06:55,
2023-02-09T07:00:00Z,13,61,09/02/2023 07:00,
2023-02-09T07:05:00Z,13,61,09/02/2023 07:05,
2023-02-09T07:10:00Z,13,61,09/02/2023 07:10,
2023-02-09T07:15:00Z,13,61,09/02/2023 07:15,
2023-02-09T07:20:00Z,13,61,09/02/2023 07:20,
2023-02-09T07:25:00Z,13,61,09/02/2023 07:25,
2023-02-09T07:30:00Z,13,61,09/02/2023 07:30,
2023-02-09T07:35:00Z,13,61,09/02/2023 07:35,
2023-02-09T07:40:00Z,13,61,09/02/2023 07:40,
2023-02-09T07:45:00Z,13,61,09/02/2023 07:45,
2023-02-09T07:50:00Z,13,61,09/02/2023 07:50,
2023-02-09T07:55:00Z,13,61,09/02/2023 07:55,
2023-02-09T08:00:00Z,13,61,09/02/2023 08:00,
2023-02-09T08:05:00Z,13,61,09/02/2023 08:05,
2023-02-09T08:10:00Z,13,61,09/02/2023 08:10,
2023-02-09T08:15:00Z,13,62,09/02/2023 08:15,
2023-02-09T08:20:00Z,13,61,09/02/2023 08:20,
2023-02-09T08:25:00Z,13,62,09/02/2023 08:25,
2023-02-09T08:30:00Z,13,61,09/02/2023 08:30,
2023-02-09T08:35:00Z,13,62,09/02/2023 08:35,
2023-02-09T08:40:00Z,13,61,09/02/2023 08:40,
2023-02-09T08:45:00Z,13,62,09/02/2023 08:45,
2023-02-09T08:50:00Z,13,62,09/02/2023 08:50,
2023-02-09T08:55:00Z,13,62,09/02/2023 08:55,
2023-02-09T09:00:00Z,13,62,09/02/2023 09:00,
2023-02-09T09:05:00Z,13,62,09/02/2023 09:05,
2023-02-09T09:10:00Z,13,62,09/02/2023 09:10,
2023-02-09T09:15:00Z,13,62,09/02/2023 09:15,
2023-02-09T09:20:00Z,13,62,09/02/2023 09:20,
2023-02-09T09:25:00Z,13,62,09/02/2023 09:25,
2023-02-09T09:30:00Z,13,62,09/02/2023 09:30,
2023-02-09T09:35:00Z,13,62,09/02/2023 09:35,
2023-02-09T09:40:00Z,12,62,09/02/2023 09:40,
2023-02-09T09:45:00Z,13,62,09/02/2023 09:45,
2023-02-09T09:50:00Z,13,62,09/02/2023 09:50,
2023-02-09T09:55:00Z,13,62,09/02/2023 09:55,
2023-02-09T10:00:00Z,13,62,09/02/2023 10:00,
2023-02-09T10:05:00Z,13,62,09/02/2023 10:05,
2023-02-09T10:10:00Z,13,62,09/02/2023 10:10,
2023-02-09T10:15:00Z,13,62,09/02/2023 10:15,
2023-02-09T10:20:00Z,13,62,09/02/2023 10:20,
2023-02-09T10:25:00Z,13,62,09/02/2023 10:25,
2023-02-09T10:30:00Z,13,61,09/02/2023 10:30,
2023-02-09T10:35:00Z,13,61,09/02/2023 10:35,
2023-02-09T10:40:00Z,13,61,09/02/2023 10:40,
2023-02-09T10:45:00Z,13,61,09/02/2023 10:45,
2023-02-09T10:50:00Z,14,61,09/02/2023 10:50,
2023-02-09T10:55:00Z,14,61,09/02/2023 10:55,
2023-02-09T11:00:00Z,14,61,09/02/2023 11:00,
2023-02-09T11:05:00Z,14,61,09/02/2023 11:05,
2023-02-09T11:10:00Z,14,61,09/02/2023 11:10,
2023-02-09T11:15:00Z,14,61,09/02/2023 11:15,
2023-02-09T11:20:00Z,14,61,09/02/2023 11:20,
2023-02-09T11:25:00Z,15,61,09/02/2023 11:25,
2023-02-09T11:30:00Z,15,61,09/02/2023 11:30,
2023-02-09T11:35:00Z,15,61,09/02/2023 11:35,
2023-02-09T11:40:00Z,15,61,09/02/2023 11:40,
2023-02-09T11:45:00Z,15,61,09/02/2023 11:45,
2023-02-09T11:50:00Z,15,60,09/02/2023 11:50,
2023-02-09T11:55:00Z,15,60,09/02/2023 11:55,
2023-02-09T12:00:00Z,15,60,09/02/2023 12:00,
2023-02-09T12:05:00Z,15,61,09/02/2023 12:05,
2023-02-09T12:10:00Z,15,60,09/02/2023 12:10,
2023-02-09T12:15:00Z,15,60,09/02/2023 12:15,
2023-02-09T12:20:00Z,16,59,09/02/2023 12:20,
2023-02-09T12:25:00Z,16,59,09/02/2023 12:25,
2023-02-09T12:30:00Z,16,59,09/02/2023 12:30,
2023-02-09T12:35:00Z,16,59,09/02/2023 12:35,
2023-02-09T12:40:00Z,16,59,09/02/2023 12:40,
2023-02-09T12:45:00Z,16,59,09/02/2023 12:45,
2023-02-09T12:50:00Z,16,59,09/02/2023 12:50,
2023-02-09T12:55:00Z,16,59,09/02/2023 12:55,
2023-02-09T13:00:00Z,16,58,09/02/2023 13:00,
2023-02-09T13:05:00Z,16,58,09/02/2023 13:05,
2023-02-09T13:10:00Z,16,58,09/02/2023 13:10,
2023-02-09T13:15:00Z,16,58,09/02/2023 13:15,
2023-02-09T13:20:00Z,16,58,09/02/2023 13:20,
2023-02-09T13:25:00Z,16,59,09/02/2023 13:25,
2023-02-09T13:30:00Z,16,59,09/02/2023 13:30,
2023-02-09T13:35:00Z,16,60,09/02/2023 13:35,
2023-02-09T13:40:00Z,16,59,09/02/2023 13:40,
2023-02-09T13:45:00Z,17,61,09/02/2023 13:45,
2023-02-09T13:50:00Z,17,62,09/02/2023 13:50,
2023-02-09T13:55:00Z,17,63,09/02/2023 13:55,
2023-02-09T14:00:00Z,17,63,09/02/2023 14:00,
2023-02-09T14:05:00Z,17,63,09/02/2023 14:05,
2023-02-09T14:10:00Z,17,63,09/02/2023 14:10,
2023-02-09T14:15:00Z,17,63,09/02/2023 14:15,
2023-02-09T14:20:00Z,18,64,09/02/2023 14:20,
2023-02-09T14:25:00Z,18,63,09/02/2023 14:25,
2023-02-09T14:30:00Z,18,63,09/02/2023 14:30,
2023-02-09T14:35:00Z,18,63,09/02/2023 14:35,
2023-02-09T14:40:00Z,18,63,09/02/2023 14:40,
2023-02-09T14:45:00Z,18,63,09/02/2023 14:45,
2023-02-09T14:50:00Z,18,63,09/02/2023 14:50,
2023-02-09T14:55:00Z,18,63,09/02/2023 14:55,
2023-02-09T15:00:00Z,18,62,09/02/2023 15:00,
2023-02-09T15:05:00Z,18,61,09/02/2023 15:05,
2023-02-09T15:10:00Z,18,60,09/02/2023 15:10,
2023-02-09T15:15:00Z,17,59,09/02/2023 15:15,
2023-02-09T15:20:00Z,17,59,09/02/2023 15:20,
2023-02-09T15:25:00Z,17,59,09/02/2023 15:25,
2023-02-09T15:30:00Z,17,59,09/02/2023 15:30,
2023-02-09T15:35:00Z,17,59,09/02/2023 15:35,
2023-02-09T15:40:00Z,17,59,09/02/2023 15:40,
2023-02-09T15:45:00Z,17,59,09/02/2023 15:45,
2023-02-09T15:50:00Z,17,59,09/02/2023 15:50,
2023-02-09T15:55:00Z,17,59,09/02/2023 15:55,
2023-02-09T16:00:00Z,17,59,09/02/2023 16:00,
2023-02-09T16:05:00Z,17,59,09/02/2023 16:05,
2023-02-09T16:10:00Z,16,59,09/02/2023 16:10,
2023-02-09T16:15:00Z,17,59,09/02/2023 16:15,
2023-02-09T16:20:00Z,16,59,09/02/2023 16:20,
2023-02-09T16:25:00Z,16,59,09/02/2023 16:25,
2023-02-09T16:30:00Z,16,59,09/02/2023 16:30,
2023-02-09T16:35:00Z,16,59,09/02/2023 16:35,
2023-02-09T16:40:00Z,16,59,09/02/2023 16:40,
2023-02-09T16:45:00Z,16,59,09/02/2023 16:45,
2023-02-09T16:50:00Z,16,59,09/02/2023 16:50,
2023-02-09T16:55:00Z,16,59,09/02/2023 16:55,
2023-02-09T17:00:00Z,16,59,09/02/2023 17:00,
2023-02-09T17:05:00Z,16,59,09/02/2023 17:05,
2023-02-09T17:10:00Z,16,59,09/02/2023 17:10,
2023-02-09T17:15:00Z,16,59,09/02/2023 17:15,
2023-02-09T17:20:00Z,16,59,09/02/2023 17:20,
2023-02-09T17:25:00Z,16,59,09/02/2023 17:25,
2023-02-09T17:30:00Z,15,60,09/02/2023 17:30,
2023-02-09T17:35:00Z,15,60,09/02/2023 17:35,
2023-02-09T17:40:00Z,15,60,09/02/2023 17:40,
2023-02-09T17:45:00Z,15,60,09/02/2023 17:45,
2023-02-09T17:50:00Z,15,60,09/02/2023 17:50,
2023-02-09T17:55:00Z,15,60,09/02/2023 17:55,
2023-02-09T18:00:00Z,15,60,09/02/2023 18:00,
2023-02-09T18:05:00Z,15,60,09/02/2023 18:05,
2023-02-09T18:10:00Z,15,60,09/02/2023 18:10,
2023-02-09T18:15:00Z,15,60,09/02/2023 18:15,
2023-02-09T18:20:00Z,15,60,09/02/2023 18:20,
2023-02-09T18:25:00Z,15,60,09/02/2023 18:25,
2023-02-09T18:30:00Z,15,60,09/02/2023 18:30,
2023-02-09T18:35:00Z,15,60,09/02/2023 18:35,
2023-02-09T18:40:00Z,15,60,09/02/2023 18:40,
2023-02-09T18:45:00Z,15,60,09/02/2023 18:45,
2023-02-09T18:50:00Z,15,63,09/02/2023 18:50,
2023-02-09T18:55:00Z,15,67,09/02/2023 18:55,
2023-02-09T19:00:00Z,15,69,09/02/2023 19:00,
2023-02-09T19:05:00Z,15,69,09/02/2023 19:05,
2023-02-09T19:10:00Z,14,67,09/02/2023 19:10,
2023-02-09T19:15:00Z,14,67,09/02/2023 19:15,
2023-02-09T19:20:00Z,14,66,09/02/2023 19:20,
2023-02-09T19:25:00Z,14,65,09/02/2023 19:25,
2023-02-09T19:30:00Z,14,65,09/02/2023 19:30,
2023-02-09T19:35:00Z,14,64,09/02/2023 19:35,
2023-02-09T19:40:00Z,14,64,09/02/2023 19:40,
2023-02-09T19:45:00Z,14,63,09/02/2023 19:45,
2023-02-09T19:50:00Z,14,63,09/02/2023 19:50,
2023-02-09T19:55:00Z,14,63,09/02/2023 19:55,
2023-02-09T20:00:00Z,14,63,09/02/2023 20:00,
2023-02-09T20:05:00Z,14,63,09/02/2023 20:05,
2023-02-09T20:10:00Z,14,63,09/02/2023 20:10,
2023-02-09T20:15:00Z,14,63,09/02/2023 20:15,
2023-02-09T20:20:00Z,14,63,09/02/2023 20:20,
2023-02-09T20:25:00Z,14,62,09/02/2023 20:25,
2023-02-09T20:30:00Z,14,62,09/02/2023 20:30,
2023-02-09T20:35:00Z,14,62,09/02/2023 20:35,
2023-02-09T20:40:00Z,14,62,09/02/2023 20:40,
2023-02-09T20:45:00Z,14,62,09/02/2023 20:45,
2023-02-09T20:50:00Z,14,62,09/02/2023 20:50,
2023-02-09T20:55:00Z,14,62,09/02/2023 20:55,
2023-02-09T21:00:00Z,14,62,09/02/2023 21:00,
2023-02-09T21:05:00Z,14,62,09/02/2023 21:05,
2023-02-09T21:10:00Z,14,62,09/02/2023 21:10,
2023-02-09T21:15:00Z,14,62,09/02/2023 21:15,
2023-02-09T21:20:00Z,14,62,09/02/2023 21:20,
2023-02-09T21:25:00Z,14,62,09/02/2023 21:25,
2023-02-09T21:30:00Z,14,62,09/02/2023 21:30,
2023-02-09T21:35:00Z,14,62,09/02/2023 21:35,
2023-02-09T21:40:00Z,13,62,09/02/2023 21:40,
2023-02-09T21:45:00Z,14,62,09/02/2023 21:45,
2023-02-09T21:50:00Z,14,62,09/02/2023 21:50,
2023-02-09T21:55:00Z,14,62,09/02/2023 21:55,
2023-02-09T22:00:00Z,14,62,09/02/2023 22:00,
2023-02-09T22:05:00Z,13,62,09/02/2023 22:05,
2023-02-09T22:10:00Z,13,62,09/02/2023 22:10,
2023-02-09T22:15:00Z,13,62,09/02/2023 22:15,
2023-02-09T22:20:00Z,13,62,09/02/2023 22:20,
2023-02-09T22:25:00Z,13,62,09/02/2023 22:25,
2023-02-09T22:30:00Z,13,62,09/02/2023 22:30,
2023-02-09T22:35:00Z,13,62,09/02/2023 22:35,
2023-02-09T22:40:00Z,13,62,09/02/2023 22:40,
2023-02-09T22:45:00Z,13,62,09/02/2023 22:45,
2023-02-09T22:50:00Z,13,62,09/02/2023 22:50,
2023-02-09T22:55:00Z,13,62,09/02/2023 22:55,
2023-02-09T23:00:00Z,13,62,09/02/2023 23:00,
2023-02-09T23:05:00Z,13,62,09/02/2023 23:05,
2023-02-09T23:10:00Z,13,62,09/02/2023 23:10,
2023-02-09T23:15:00Z,13,62,09/02/2023 23:15,
2023-02-09T23:20:00Z,13,62,09/02/2023 23:20,
2023-02-09T23:25:00Z,13,62,09/02/2023 23:25,
2023-02-09T23:30:00Z,13,62,09/02/2023 23:30,
2023-02-09T23:35:00Z,13,62,09/02/2023 23:35,
2023-02-09T23:40:00Z,13,62,09/02/2023 23:40,
2023-02-09T23:45:00Z,13,62,09/02/2023 23:45,
2023-02-09T23:50:00Z,13,62,09/02/2023 23:50,
2023-02-09T23:55:00Z,13,62,09/02/2023 23:55,
2023-02-10T00:00:00Z,13,62,10/02/2023 00:00,
2023-02-10T00:05:00Z,13,62,10/02/2023 00:05,
2023-02-10T00:10:00Z,13,62,10/02/2023 00:10,
2023-02-10T00:15:00Z,13,62,10/02/2023 00:15,
2023-02-10T00:20:00Z,13,62,10/02/2023 00:20,
2023-02-10T00:25:00Z,13,62,10/02/2023 00:25,
2023-02-10T00:30:00Z,13,62,10/02/2023 00:30,
2023-02-10T00:35:00Z,13,62,10/02/2023 00:35,
2023-02-10T00:40:00Z,13,62,10/02/2023 00:40,
2023-02-10T00:45:00Z,13,62,10/02/2023 00:45,
2023-02-10T00:50:00Z,13,62,10/02/2023 00:50,
2023-02-10T00:55:00Z,13,62,10/02/2023 00:55,
2023-02-10T01:00:00Z,13,62,10/02/2023 01:00,
2023-02-10T01:05:00Z,13,62,10/02/2023 01:05,
2023-02-10T01:10:00Z,13,62,10/02/2023 01:10,
2023-02-10T01:15:00Z,13,61,10/02/2023 01:15,
2023-02-10T01:20:00Z,13,62,10/02/2023 01:20,
2023-02-10T01:25:00Z,13,62,10/02/2023 01:25,
2023-02-10T01:30:00Z,13,62,10/02/2023 01:30,
2023-02-10T01:35:00Z,13,62,10/02/2023 01:35,
2023-02-10T01:40:00Z,13,61,10/02/2023 01:40,
2023-02-10T01:45:00Z,13,61,10/02/2023 01:45,
2023-02-10T01:50:00Z,13,62,10/02/2023 01:50,
2023-02-10T01:55:00Z,13,61,10/02/2023 01:55,
2023-02-10T02:00:00Z,13,61,10/02/2023 02:00,
2023-02-10T02:05:00Z,13,61,10/02/2023 02:05,
2023-02-10T02:10:00Z,13,63,10/02/2023 02:10,
2023-02-10T02:15:00Z,13,61,10/02/2023 02:15,
2023-02-10T02:20:00Z,13,63,10/02/2023 02:20,
2023-02-10T02:25:00Z,13,63,10/02/2023 02:25,
2023-02-10T02:30:00Z,13,63,10/02/2023 02:30,
2023-02-10T02:35:00Z,13,63,10/02/2023 02:35,
2023-02-10T02:40:00Z,13,62,10/02/2023 02:40,
2023-02-10T02:45:00Z,13,63,10/02/2023 02:45,
2023-02-10T02:50:00Z,13,62,10/02/2023 02:50,
2023-02-10T02:55:00Z,13,63,10/02/2023 02:55,
2023-02-10T03:00:00Z,13,62,10/02/2023 03:00,
2023-02-10T03:05:00Z,13,62,10/02/2023 03:05,
2023-02-10T03:10:00Z,12,62,10/02/2023 03:10,
2023-02-10T03:15:00Z,13,62,10/02/2023 03:15,
2023-02-10T03:20:00Z,13,62,10/02/2023 03:20,
2023-02-10T03:25:00Z,13,62,10/02/2023 03:25,
2023-02-10T03:30:00Z,13,62,10/02/2023 03:30,
2023-02-10T03:35:00Z,12,62,10/02/2023 03:35,
2023-02-10T03:40:00Z,12,62,10/02/2023 03:40,
2023-02-10T03:45:00Z,12,62,10/02/2023 03:45,
2023-02-10T03:50:00Z,12,62,10/02/2023 03:50,
2023-02-10T03:55:00Z,12,62,10/02/2023 03:55,
2023-02-10T04:00:00Z,12,62,10/02/2023 04:00,
2023-02-10T04:05:00Z,12,62,10/02/2023 04:05,
2023-02-10T04:10:00Z,12,62,10/02/2023 04:10,
2023-02-10T04:15:00Z,12,62,10/02/2023 04:15,
2023-02-10T04:20:00Z,12,62,10/02/2023 04:20,
2023-02-10T04:25:00Z,12,62,10/02/2023 04:25,
2023-02-10T04:30:00Z,12,62,10/02/2023 04:30,
2023-02-10T04:35:00Z,12,62,10/02/2023 04:35,
2023-02-10T04:40:00Z,12,62,10/02/2023 04:40,
2023-02-10T04:45:00Z,12,62,10/02/2023 04:45,
2023-02-10T04:50:00Z,12,62,10/02/2023 04:50,
2023-02-10T04:55:00Z,12,62,10/02/2023 04:55,
2023-02-10T05:00:00Z,12,62,10/02/2023 05:00,
2023-02-10T05:05:00Z,12,62,10/02/2023 05:05,
2023-02-10T05:10:00Z,12,62,10/02/2023 05:10,
2023-02-10T05:15:00Z,12,62,10/02/2023 05:15,
2023-02-10T05:20:00Z,12,62,10/02/2023 05:20,
2023-02-10T05:25:00Z,12,62,10/02/2023 05:25,
2023-02-10T05:30:00Z,12,62,10/02/2023 05:30,
2023-02-10T05:35:00Z,12,62,10/02/2023 05:35,
2023-02-10T05:40:00Z,12,62,10/02/2023 05:40,
2023-02-10T05:45:00Z,12,62,10/02/2023 05:45,
2023-02-10T05:50:00Z,12,62,10/02/2023 05:50,
2023-02-10T05:55:00Z,12,62,10/02/2023 05:55,
2023-02-10T06:00:00Z,12,61,10/02/2023 06:00,
2023-02-10T06:05:00Z,12,62,10/02/2023 06:05,
2023-02-10T06:10:00Z,12,62,10/02/2023 06:10,
2023-02-10T06:15:00Z,12,62,10/02/2023 06:15,
2023-02-10T06:20:00Z,12,62,10/02/2023 06:20,
2023-02-10T06:25:00Z,12,62,10/02/2023 06:25,
2023-02-10T06:30:00Z,12,62,10/02/2023 06:30,
2023-02-10T06:35:00Z,12,62,10/02/2023 06:35,
2023-02-10T06:40:00Z,12,62,10/02/2023 06:40,
2023-02-10T06:45:00Z,12,62,10/02/2023 06:45,
2023-02-10T06:50:00Z,12,62,10/02/2023 06:50,
2023-02-10T06:55:00Z,12,62,10/02/2023 06:55,
2023-02-10T07:00:00Z,12,62,10/02/2023 07:00,
2023-02-10T07:05:00Z,12,62,10/02/2023 07:05,
2023-02-10T07:10:00Z,12,62,10/02/2023 07:10,
2023-02-10T07:15:00Z,12,62,10/02/2023 07:15,
2023-02-10T07:20:00Z,12,63,10/02/2023 07:20,
2023-02-10T07:25:00Z,12,63,10/02/2023 07:25,
2023-02-10T07:30:00Z,12,63,10/02/2023 07:30,
2023-02-10T07:35:00Z,12,63,10/02/2023 07:35,
2023-02-10T07:40:00Z,12,63,10/02/2023 07:40,
2023-02-10T07:45:00Z,12,63,10/02/2023 07:45,
2023-02-10T07:50:00Z,12,63,10/02/2023 07:50,
2023-02-10T07:55:00Z,12,63,10/02/2023 07:55,
2023-02-10T08:00:00Z,12,63,10/02/2023 08:00,
2023-02-10T08:05:00Z,12,63,10/02/2023 08:05,
2023-02-10T08:10:00Z,12,64,10/02/2023 08:10,
2023-02-10T08:15:00Z,12,64,10/02/2023 08:15,
2023-02-10T08:20:00Z,12,64,10/02/2023 08:20,
2023-02-10T08:25:00Z,12,64,10/02/2023 08:25,
2023-02-10T08:30:00Z,12,64,10/02/2023 08:30,
2023-02-10T08:35:00Z,12,64,10/02/2023 08:35,
2023-02-10T08:40:00Z,12,64,10/02/2023 08:40,
2023-02-10T08:45:00Z,12,64,10/02/2023 08:45,
2023-02-10T08:50:00Z,12,65,10/02/2023 08:50,
2023-02-10T08:55:00Z,12,64,10/02/2023 08:55,
2023-02-10T09:00:00Z,12,64,10/02/2023 09:00,
2023-02-10T09:05:00Z,12,64,10/02/2023 09:05,
2023-02-10T09:10:00Z,12,65,10/02/2023 09:10,
2023-02-10T09:15:00Z,12,65,10/02/2023 09:15,
2023-02-10T09:20:00Z,12,65,10/02/2023 09:20,
2023-02-10T09:25:00Z,12,65,10/02/2023 09:25,
2023-02-10T09:30:00Z,12,65,10/02/2023 09:30,
2023-02-10T09:35:00Z,12,65,10/02/2023 09:35,
2023-02-10T09:40:00Z,12,65,10/02/2023 09:40,
2023-02-10T09:45:00Z,12,65,10/02/2023 09:45,
2023-02-10T09:50:00Z,12,66,10/02/2023 09:50,
2023-02-10T09:55:00Z,12,66,10/02/2023 09:55,
2023-02-10T10:00:00Z,12,66,10/02/2023 10:00,
2023-02-10T10:05:00Z,12,66,10/02/2023 10:05,
2023-02-10T10:10:00Z,12,66,10/02/2023 10:10,
2023-02-10T10:15:00Z,12,66,10/02/2023 10:15,
2023-02-10T10:20:00Z,12,66,10/02/2023 10:20,
2023-02-10T10:25:00Z,12,66,10/02/2023 10:25,
2023-02-10T10:30:00Z,12,67,10/02/2023 10:30,
2023-02-10T10:35:00Z,12,67,10/02/2023 10:35,
2023-02-10T10:40:00Z,12,67,10/02/2023 10:40,
2023-02-10T10:45:00Z,12,67,10/02/2023 10:45,
2023-02-10T10:50:00Z,12,67,10/02/2023 10:50,
2023-02-10T10:55:00Z,12,67,10/02/2023 10:55,
2023-02-10T11:00:00Z,12,67,10/02/2023 11:00,
2023-02-10T11:05:00Z,12,68,10/02/2023 11:05,
2023-02-10T11:10:00Z,12,68,10/02/2023 11:10,
2023-02-10T11:15:00Z,12,68,10/02/2023 11:15,
2023-02-10T11:20:00Z,12,68,10/02/2023 11:20,
2023-02-10T11:25:00Z,12,69,10/02/2023 11:25,
2023-02-10T11:30:00Z,12,68,10/02/2023 11:30,
2023-02-10T11:35:00Z,12,68,10/02/2023 11:35,
2023-02-10T11:40:00Z,12,68,10/02/2023 11:40,
2023-02-10T11:45:00Z,12,68,10/02/2023 11:45,
2023-02-10T11:50:00Z,12,69,10/02/2023 11:50,
2023-02-10T11:55:00Z,12,68,10/02/2023 11:55,
2023-02-10T12:00:00Z,12,68,10/02/2023 12:00,
2023-02-10T12:05:00Z,12,68,10/02/2023 12:05,
2023-02-10T12:10:00Z,12,68,10/02/2023 12:10,
2023-02-10T12:15:00Z,12,68,10/02/2023 12:15,
2023-02-10T12:20:00Z,12,68,10/02/2023 12:20,
2023-02-10T12:25:00Z,12,68,10/02/2023 12:25,
2023-02-10T12:30:00Z,12,68,10/02/2023 12:30,
2023-02-10T12:35:00Z,12,68,10/02/2023 12:35,
2023-02-10T12:40:00Z,12,68,10/02/2023 12:40,
2023-02-10T12:45:00Z,12,68,10/02/2023 12:45,
2023-02-10T12:50:00Z,12,68,10/02/2023 12:50,
2023-02-10T12:55:00Z,12,68,10/02/2023 12:55,
2023-02-10T13:00:00Z,12,69,10/02/2023 13:00,
2023-02-10T13:05:00Z,12,69,10/02/2023 13:05,
2023-02-10T13:10:00Z,12,69,10/02/2023 13:10,
2023-02-10T13:15:00Z,12,69,10/02/2023 13:15,
2023-02-10T13:20:00Z,12,69,10/02/2023 13:20,
2023-02-10T13:25:00Z,12,70,10/02/2023 13:25,
2023-02-10T13:30:00Z,12,70,10/02/2023 13:30,
2023-02-10T13:35:00Z,12,70,10/02/2023 13:35,
2023-02-10T13:40:00Z,12,70,10/02/2023 13:40,
2023-02-10T13:45:00Z,12,70,10/02/2023 13:45,
2023-02-10T13:50:00Z,12,70,10/02/2023 13:50,
2023-02-10T13:55:00Z,12,70,10/02/2023 13:55,
2023-02-10T14:00:00Z,12,70,10/02/2023 14:00,
2023-02-10T14:05:00Z,12,71,10/02/2023 14:05,
2023-02-10T14:10:00Z,12,71,10/02/2023 14:10,
2023-02-10T14:15:00Z,12,71,10/02/2023 14:15,
2023-02-10T14:20:00Z,12,71,10/02/2023 14:20,
2023-02-10T14:25:00Z,12,71,10/02/2023 14:25,
2023-02-10T14:30:00Z,12,71,10/02/2023 14:30,
2023-02-10T14:35:00Z,12,71,10/02/2023 14:35,
2023-02-10T14:40:00Z,12,70,10/02/2023 14:40,
2023-02-10T14:45:00Z,12,70,10/02/2023 14:45,
2023-02-10T14:50:00Z,12,71,10/02/2023 14:50,
2023-02-10T14:55:00Z,12,71,10/02/2023 14:55,
2023-02-10T15:00:00Z,12,71,10/02/2023 15:00,
2023-02-10T15:05:00Z,12,70,10/02/2023 15:05,
2023-02-10T15:10:00Z,12,71,10/02/2023 15:10,
2023-02-10T15:15:00Z,12,71,10/02/2023 15:15,
2023-02-10T15:20:00Z,12,71,10/02/2023 15:20,
2023-02-10T15:25:00Z,12,71,10/02/2023 15:25,
2023-02-10T15:30:00Z,12,71,10/02/2023 15:30,
2023-02-10T15:35:00Z,12,71,10/02/2023 15:35,
2023-02-10T15:40:00Z,12,71,10/02/2023 15:40,
2023-02-10T15:45:00Z,12,71,10/02/2023 15:45,
2023-02-10T15:50:00Z,12,72,10/02/2023 15:50,
2023-02-10T15:55:00Z,12,71,10/02/2023 15:55,
2023-02-10T16:00:00Z,12,71,10/02/2023 16:00,
2023-02-10T16:05:00Z,12,71,10/02/2023 16:05,
2023-02-10T16:10:00Z,12,71,10/02/2023 16:10,
2023-02-10T16:15:00Z,12,72,10/02/2023 16:15,
2023-02-10T16:20:00Z,12,71,10/02/2023 16:20,
2023-02-10T16:25:00Z,12,71,10/02/2023 16:25,
2023-02-10T16:30:00Z,12,71,10/02/2023 16:30,
2023-02-10T16:35:00Z,12,71,10/02/2023 16:35,
2023-02-10T16:40:00Z,12,71,10/02/2023 16:40,
2023-02-10T16:45:00Z,12,72,10/02/2023 16:45,
2023-02-10T16:50:00Z,13,72,10/02/2023 16:50,
2023-02-10T16:55:00Z,13,71,10/02/2023 16:55,
2023-02-10T17:00:00Z,13,71,10/02/2023 17:00,
2023-02-10T17:05:00Z,13,71,10/02/2023 17:05,
2023-02-10T17:10:00Z,13,71,10/02/2023 17:10,
2023-02-10T17:15:00Z,14,71,10/02/2023 17:15,
2023-02-10T17:20:00Z,14,71,10/02/2023 17:20,
2023-02-10T17:25:00Z,14,71,10/02/2023 17:25,
2023-02-10T17:30:00Z,14,71,10/02/2023 17:30,
2023-02-10T17:35:00Z,14,70,10/02/2023 17:35,
2023-02-10T17:40:00Z,14,70,10/02/2023 17:40,
2023-02-10T17:45:00Z,14,70,10/02/2023 17:45,
2023-02-10T17:50:00Z,14,70,10/02/2023 17:50,
2023-02-10T17:55:00Z,14,70,10/02/2023 17:55,
2023-02-10T18:00:00Z,15,70,10/02/2023 18:00,
2023-02-10T18:05:00Z,15,70,10/02/2023 18:05,
2023-02-10T18:10:00Z,15,70,10/02/2023 18:10,
2023-02-10T18:15:00Z,15,69,10/02/2023 18:15,
2023-02-10T18:20:00Z,15,69,10/02/2023 18:20,
2023-02-10T18:25:00Z,15,70,10/02/2023 18:25,
2023-02-10T18:30:00Z,15,70,10/02/2023 18:30,
2023-02-10T18:35:00Z,15,71,10/02/2023 18:35,
2023-02-10T18:40:00Z,15,71,10/02/2023 18:40,
2023-02-10T18:45:00Z,15,71,10/02/2023 18:45,
2023-02-10T18:50:00Z,15,71,10/02/2023 18:50,
2023-02-10T18:55:00Z,16,70,10/02/2023 18:55,
2023-02-10T19:00:00Z,16,70,10/02/2023 19:00,
2023-02-10T19:05:00Z,16,70,10/02/2023 19:05,
2023-02-10T19:10:00Z,16,70,10/02/2023 19:10,
2023-02-10T19:15:00Z,16,70,10/02/2023 19:15,
2023-02-10T19:20:00Z,16,70,10/02/2023 19:20,
2023-02-10T19:25:00Z,16,70,10/02/2023 19:25,
2023-02-10T19:30:00Z,16,70,10/02/2023 19:30,
2023-02-10T19:35:00Z,16,70,10/02/2023 19:35,
2023-02-10T19:40:00Z,16,70,10/02/2023 19:40,
2023-02-10T19:45:00Z,16,70,10/02/2023 19:45,
2023-02-10T19:50:00Z,16,70,10/02/2023 19:50,
2023-02-10T19:55:00Z,16,70,10/02/2023 19:55,
2023-02-10T20:00:00Z,16,70,10/02/2023 20:00,
2023-02-10T20:05:00Z,16,69,10/02/2023 20:05,
2023-02-10T20:10:00Z,16,69,10/02/2023 20:10,
2023-02-10T20:15:00Z,16,69,10/02/2023 20:15,
2023-02-10T20:20:00Z,16,69,10/02/2023 20:20,
2023-02-10T20:25:00Z,16,69,10/02/2023 20:25,
2023-02-10T20:30:00Z,16,69,10/02/2023 20:30,
2023-02-10T20:35:00Z,16,69,10/02/2023 20:35,
2023-02-10T20:40:00Z,16,69,10/02/2023 20:40,
2023-02-10T20:45:00Z,16,69,10/02/2023 20:45,
2023-02-10T20:50:00Z,16,69,10/02/2023 20:50,
2023-02-10T20:55:00Z,16,69,10/02/2023 20:55,
2023-02-10T21:00:00Z,16,69,10/02/2023 21:00,
2023-02-10T21:05:00Z,15,70,10/02/2023 21:05,
2023-02-10T21:10:00Z,15,70,10/02/2023 21:10,
2023-02-10T21:15:00Z,15,70,10/02/2023 21:15,
2023-02-10T21:20:00Z,15,70,10/02/2023 21:20,
2023-02-10T21:25:00Z,15,70,10/02/2023 21:25,
2023-02-10T21:30:00Z,15,70,10/02/2023 21:30,
2023-02-10T21:35:00Z,15,70,10/02/2023 21:35,
2023-02-10T21:40:00Z,15,70,10/02/2023 21:40,
2023-02-10T21:45:00Z,15,70,10/02/2023 21:45,
2023-02-10T21:50:00Z,15,70,10/02/2023 21:50,
2023-02-10T21:55:00Z,15,70,10/02/2023 21:55,
2023-02-10T22:00:00Z,15,70,10/02/2023 22:00,
2023-02-10T22:05:00Z,15,70,10/02/2023 22:05,
2023-02-10T22:10:00Z,15,70,10/02/2023 22:10,
2023-02-10T22:15:00Z,15,70,10/02/2023 22:15,
2023-02-10T22:20:00Z,15,70,10/02/2023 22:20,
2023-02-10T22:25:00Z,15,70,10/02/2023 22:25,
2023-02-10T22:30:00Z,14,70,10/02/2023 22:30,
2023-02-10T22:35:00Z,14,70,10/02/2023 22:35,
2023-02-10T22:40:00Z,14,70,10/02/2023 22:40,
2023-02-10T22:45:00Z,14,70,10/02/2023 22:45,
2023-02-10T22:50:00Z,14,70,10/02/2023 22:50,
2023-02-10T22:55:00Z,14,69,10/02/2023 22:55,
2023-02-10T23:00:00Z,14,69,10/02/2023 23:00,
2023-02-10T23:05:00Z,14,70,10/02/2023 23:05,
2023-02-10T23:10:00Z,14,70,10/02/2023 23:10,
2023-02-10T23:15:00Z,14,69,10/02/2023 23:15,
2023-02-10T23:20:00Z,14,69,10/02/2023 23:20,
2023-02-10T23:25:00Z,14,69,10/02/2023 23:25,
2023-02-10T23:30:00Z,14,69,10/02/2023 23:30,
2023-02-10T23:35:00Z,14,69,10/02/2023 23:35,
2023-02-10T23:40:00Z,14,70,10/02/2023 23:40,
2023-02-10T23:45:00Z,14,69,10/02/2023 23:45,
2023-02-10T23:50:00Z,14,69,10/02/2023 23:50,
2023-02-10T23:55:00Z,14,70,10/02/2023 23:55,
2023-02-11T00:00:00Z,14,70,11/02/2023 00:00,
2023-02-11T00:05:00Z,14,70,11/02/2023 00:05,
2023-02-11T00:10:00Z,14,69,11/02/2023 00:10,
2023-02-11T00:15:00Z,14,69,11/02/2023 00:15,
2023-02-11T00:20:00Z,14,70,11/02/2023 00:20,
2023-02-11T00:25:00Z,14,69,11/02/2023 00:25,
2023-02-11T00:30:00Z,14,70,11/02/2023 00:30,
2023-02-11T00:35:00Z,14,70,11/02/2023 00:35,
2023-02-11T00:40:00Z,14,70,11/02/2023 00:40,
2023-02-11T00:45:00Z,14,69,11/02/2023 00:45,
2023-02-11T00:50:00Z,14,70,11/02/2023 00:50,
2023-02-11T00:55:00Z,14,69,11/02/2023 00:55,
2023-02-11T01:00:00Z,14,69,11/02/2023 01:00,
2023-02-11T01:05:00Z,14,69,11/02/2023 01:05,
2023-02-11T01:10:00Z,14,70,11/02/2023 01:10,
2023-02-11T01:15:00Z,13,70,11/02/2023 01:15,
2023-02-11T01:20:00Z,14,70,11/02/2023 01:20,
2023-02-11T01:25:00Z,13,69,11/02/2023 01:25,
2023-02-11T01:30:00Z,13,69,11/02/2023 01:30,
2023-02-11T01:35:00Z,13,70,11/02/2023 01:35,
2023-02-11T01:40:00Z,13,70,11/02/2023 01:40,
2023-02-11T01:45:00Z,13,70,11/02/2023 01:45,
2023-02-11T01:50:00Z,13,70,11/02/2023 01:50,
2023-02-11T01:55:00Z,13,69,11/02/2023 01:55,
2023-02-11T02:00:00Z,13,70,11/02/2023 02:00,
2023-02-11T02:05:00Z,13,69,11/02/2023 02:05,
2023-02-11T02:10:00Z,13,70,11/02/2023 02:10,
2023-02-11T02:15:00Z,13,70,11/02/2023 02:15,
2023-02-11T02:20:00Z,13,70,11/02/2023 02:20,
2023-02-11T02:25:00Z,13,70,11/02/2023 02:25,
2023-02-11T02:30:00Z,13,70,11/02/2023 02:30,
2023-02-11T02:35:00Z,13,70,11/02/2023 02:35,
2023-02-11T02:40:00Z,13,70,11/02/2023 02:40,
2023-02-11T02:45:00Z,13,70,11/02/2023 02:45,
2023-02-11T02:50:00Z,13,70,11/02/2023 02:50,
2023-02-11T02:55:00Z,13,70,11/02/2023 02:55,
2023-02-11T03:00:00Z,13,70,11/02/2023 03:00,
2023-02-11T03:05:00Z,13,70,11/02/2023 03:05,
2023-02-11T03:10:00Z,13,70,11/02/2023 03:10,
2023-02-11T03:15:00Z,13,70,11/02/2023 03:15,
2023-02-11T03:20:00Z,13,70,11/02/2023 03:20,
2023-02-11T03:25:00Z,13,70,11/02/2023 03:25,
2023-02-11T03:30:00Z,13,70,11/02/2023 03:30,
2023-02-11T03:35:00Z,13,70,11/02/2023 03:35,
2023-02-11T03:40:00Z,13,70,11/02/2023 03:40,
2023-02-11T03:45:00Z,13,70,11/02/2023 03:45,
2023-02-11T03:50:00Z,13,70,11/02/2023 03:50,
2023-02-11T03:55:00Z,13,70,11/02/2023 03:55,
2023-02-11T04:00:00Z,13,70,11/02/2023 04:00,
2023-02-11T04:05:00Z,13,70,11/02/2023 04:05,
2023-02-11T04:10:00Z,13,70,11/02/2023 04:10,
2023-02-11T04:15:00Z,13,70,11/02/2023 04:15,
2023-02-11T04:20:00Z,13,70,11/02/2023 04:20,
2023-02-11T04:25:00Z,13,70,11/02/2023 04:25,
2023-02-11T04:30:00Z,13,70,11/02/2023 04:30,
2023-02-11T04:35:00Z,13,70,11/02/2023 04:35,
2023-02-11T04:40:00Z,13,70,11/02/2023 04:40,
2023-02-11T04:45:00Z,13,70,11/02/2023 04:45,
2023-02-11T04:50:00Z,13,70,11/02/2023 04:50,
2023-02-11T04:55:00Z,13,70,11/02/2023 04:55,
2023-02-11T05:00:00Z,13,70,11/02/2023 05:00,
2023-02-11T05:05:00Z,13,70,11/02/2023 05:05,
2023-02-11T05:10:00Z,13,70,11/02/2023 05:10,
2023-02-11T05:15:00Z,13,70,11/02/2023 05:15,
2023-02-11T05:20:00Z,13,70,11/02/2023 05:20,
2023-02-11T05:25:00Z,13,71,11/02/2023 05:25,
2023-02-11T05:30:00Z,13,71,11/02/2023 05:30,
2023-02-11T05:35:00Z,13,72,11/02/2023 05:35,
2023-02-11T05:40:00Z,13,71,11/02/2023 05:40,
2023-02-11T05:45:00Z,13,72,11/02/2023 05:45,
2023-02-11T05:50:00Z,13,72,11/02/2023 05:50,
2023-02-11T05:55:00Z,13,72,11/02/2023 05:55,
2023-02-11T06:00:00Z,13,72,11/02/2023 06:00,
2023-02-11T06:05:00Z,13,72,11/02/2023 06:05,
2023-02-11T06:10:00Z,13,72,11/02/2023 06:10,
2023-02-11T06:15:00Z,13,72,11/02/2023 06:15,
2023-02-11T06:20:00Z,13,72,11/02/2023 06:20,
2023-02-11T06:25:00Z,13,72,11/02/2023 06:25,
2023-02-11T06:30:00Z,13,72,11/02/2023 06:30,
2023-02-11T06:35:00Z,13,72,11/02/2023 06:35,
2023-02-11T06:40:00Z,13,72,11/02/2023 06:40,
2023-02-11T06:45:00Z,13,72,11/02/2023 06:45,
2023-02-11T06:50:00Z,13,72,11/02/2023 06:50,
2023-02-11T06:55:00Z,13,72,11/02/2023 06:55,
2023-02-11T07:00:00Z,13,72,11/02/2023 07:00,
2023-02-11T07:05:00Z,13,72,11/02/2023 07:05,
2023-02-11T07:10:00Z,13,72,11/02/2023 07:10,
2023-02-11T07:15:00Z,13,72,11/02/2023 07:15,
2023-02-11T07:20:00Z,13,72,11/02/2023 07:20,
2023-02-11T07:25:00Z,13,72,11/02/2023 07:25,
2023-02-11T07:30:00Z,13,72,11/02/2023 07:30,
2023-02-11T07:35:00Z,13,72,11/02/2023 07:35,
2023-02-11T07:40:00Z,13,72,11/02/2023 07:40,
2023-02-11T07:45:00Z,13,72,11/02/2023 07:45,
2023-02-11T07:50:00Z,13,72,11/02/2023 07:50,
2023-02-11T07:55:00Z,13,72,11/02/2023 07:55,
2023-02-11T08:00:00Z,12,72,11/02/2023 08:00,
2023-02-11T08:05:00Z,13,72,11/02/2023 08:05,
2023-02-11T08:10:00Z,12,72,11/02/2023 08:10,
2023-02-11T08:15:00Z,12,72,11/02/2023 08:15,
2023-02-11T08:20:00Z,12,72,11/02/2023 08:20,
2023-02-11T08:25:00Z,13,72,11/02/2023 08:25,
2023-02-11T08:30:00Z,12,72,11/02/2023 08:30,
2023-02-11T08:35:00Z,12,72,11/02/2023 08:35,
2023-02-11T08:40:00Z,12,72,11/02/2023 08:40,
2023-02-11T08:45:00Z,12,72,11/02/2023 08:45,
2023-02-11T08:50:00Z,12,72,11/02/2023 08:50,
2023-02-11T08:55:00Z,12,72,11/02/2023 08:55,
2023-02-11T09:00:00Z,12,72,11/02/2023 09:00,
2023-02-11T09:05:00Z,12,72,11/02/2023 09:05,
2023-02-11T09:10:00Z,12,72,11/02/2023 09:10,
2023-02-11T09:15:00Z,12,72,11/02/2023 09:15,
2023-02-11T09:20:00Z,12,72,11/02/2023 09:20,
2023-02-11T09:25:00Z,12,72,11/02/2023 09:25,
2023-02-11T09:30:00Z,12,72,11/02/2023 09:30,
2023-02-11T09:35:00Z,12,72,11/02/2023 09:35,
2023-02-11T09:40:00Z,12,72,11/02/2023 09:40,
2023-02-11T09:45:00Z,12,72,11/02/2023 09:45,
2023-02-11T09:50:00Z,12,72,11/02/2023 09:50,
2023-02-11T09:55:00Z,12,72,11/02/2023 09:55,
2023-02-11T10:00:00Z,12,72,11/02/2023 10:00,
2023-02-11T10:05:00Z,12,72,11/02/2023 10:05,
2023-02-11T10:10:00Z,12,72,11/02/2023 10:10,
2023-02-11T10:15:00Z,12,72,11/02/2023 10:15,
2023-02-11T10:20:00Z,12,72,11/02/2023 10:20,
2023-02-11T10:25:00Z,12,72,11/02/2023 10:25,
2023-02-11T10:30:00Z,12,73,11/02/2023 10:30,
2023-02-11T10:35:00Z,12,73,11/02/2023 10:35,
2023-02-11T10:40:00Z,12,73,11/02/2023 10:40,
2023-02-11T10:45:00Z,12,73,11/02/2023 10:45,
2023-02-11T10:50:00Z,12,72,11/02/2023 10:50,
2023-02-11T10:55:00Z,12,73,11/02/2023 10:55,
2023-02-11T11:00:00Z,12,73,11/02/2023 11:00,
2023-02-11T11:05:00Z,12,73,11/02/2023 11:05,
2023-02-11T11:10:00Z,12,73,11/02/2023 11:10,
2023-02-11T11:15:00Z,12,73,11/02/2023 11:15,
2023-02-11T11:20:00Z,12,73,11/02/2023 11:20,
2023-02-11T11:25:00Z,12,73,11/02/2023 11:25,
2023-02-11T11:30:00Z,12,73,11/02/2023 11:30,
2023-02-11T11:35:00Z,12,73,11/02/2023 11:35,
2023-02-11T11:40:00Z,12,73,11/02/2023 11:40,
2023-02-11T11:45:00Z,12,73,11/02/2023 11:45,
2023-02-11T11:50:00Z,12,73,11/02/2023 11:50,
2023-02-11T11:55:00Z,12,73,11/02/2023 11:55,
2023-02-11T12:00:00Z,12,73,11/02/2023 12:00,
2023-02-11T12:05:00Z,12,73,11/02/2023 12:05,
2023-02-11T12:10:00Z,12,73,11/02/2023 12:10,
2023-02-11T12:15:00Z,12,73,11/02/2023 12:15,
2023-02-11T12:20:00Z,12,73,11/02/2023 12:20,
2023-02-11T12:25:00Z,12,73,11/02/2023 12:25,
2023-02-11T12:30:00Z,12,73,11/02/2023 12:30,
2023-02-11T12:35:00Z,12,73,11/02/2023 12:35,
2023-02-11T12:40:00Z,12,73,11/02/2023 12:40,
2023-02-11T12:45:00Z,12,73,11/02/2023 12:45,
2023-02-11T12:50:00Z,12,74,11/02/2023 12:50,
2023-02-11T12:55:00Z,12,73,11/02/2023 12:55,
2023-02-11T13:00:00Z,12,73,11/02/2023 13:00,
2023-02-11T13:05:00Z,12,73,11/02/2023 13:05,
2023-02-11T13:10:00Z,12,73,11/02/2023 13:10,
2023-02-11T13:15:00Z,12,73,11/02/2023 13:15,
2023-02-11T13:20:00Z,12,73,11/02/2023 13:20,
2023-02-11T13:25:00Z,12,73,11/02/2023 13:25,
2023-02-11T13:30:00Z,12,73,11/02/2023 13:30,
2023-02-11T13:35:00Z,12,73,11/02/2023 13:35,
2023-02-11T13:40:00Z,12,73,11/02/2023 13:40,
2023-02-11T13:45:00Z,12,73,11/02/2023 13:45,
2023-02-11T13:50:00Z,12,73,11/02/2023 13:50,
2023-02-11T13:55:00Z,12,73,11/02/2023 13:55,
2023-02-11T14:00:00Z,12,73,11/02/2023 14:00,
2023-02-11T14:05:00Z,12,73,11/02/2023 14:05,
2023-02-11T14:10:00Z,12,73,11/02/2023 14:10,
2023-02-11T14:15:00Z,12,73,11/02/2023 14:15,
2023-02-11T14:20:00Z,12,73,11/02/2023 14:20,
2023-02-11T14:25:00Z,12,73,11/02/2023 14:25,
2023-02-11T14:30:00Z,12,73,11/02/2023 14:30,
2023-02-11T14:35:00Z,12,73,11/02/2023 14:35,
2023-02-11T14:40:00Z,12,73,11/02/2023 14:40,
2023-02-11T14:45:00Z,12,73,11/02/2023 14:45,
2023-02-11T14:50:00Z,12,73,11/02/2023 14:50,
2023-02-11T14:55:00Z,12,73,11/02/2023 14:55,
2023-02-11T15:00:00Z,12,73,11/02/2023 15:00,
2023-02-11T15:05:00Z,12,73,11/02/2023 15:05,
2023-02-11T15:10:00Z,12,73,11/02/2023 15:10,
2023-02-11T15:15:00Z,12,73,11/02/2023 15:15,
2023-02-11T15:20:00Z,12,73,11/02/2023 15:20,
2023-02-11T15:25:00Z,12,73,11/02/2023 15:25,
2023-02-11T15:30:00Z,12,73,11/02/2023 15:30,
2023-02-11T15:35:00Z,12,73,11/02/2023 15:35,
2023-02-11T15:40:00Z,12,73,11/02/2023 15:40,
2023-02-11T15:45:00Z,12,73,11/02/2023 15:45,
2023-02-11T15:50:00Z,12,73,11/02/2023 15:50,
2023-02-11T15:55:00Z,12,73,11/02/2023 15:55,
2023-02-11T16:00:00Z,12,73,11/02/2023 16:00,
2023-02-11T16:05:00Z,12,73,11/02/2023 16:05,
2023-02-11T16:10:00Z,12,73,11/02/2023 16:10,
2023-02-11T16:15:00Z,12,73,11/02/2023 16:15,
2023-02-11T16:20:00Z,12,73,11/02/2023 16:20,
2023-02-11T16:25:00Z,12,73,11/02/2023 16:25,
2023-02-11T16:30:00Z,12,73,11/02/2023 16:30,
2023-02-11T16:35:00Z,12,72,11/02/2023 16:35,
2023-02-11T16:40:00Z,12,73,11/02/2023 16:40,
2023-02-11T16:45:00Z,12,73,11/02/2023 16:45,
2023-02-11T16:50:00Z,12,72,11/02/2023 16:50,
2023-02-11T16:55:00Z,12,72,11/02/2023 16:55,
2023-02-11T17:00:00Z,12,73,11/02/2023 17:00,
2023-02-11T17:05:00Z,12,72,11/02/2023 17:05,
2023-02-11T17:10:00Z,12,72,11/02/2023 17:10,
2023-02-11T17:15:00Z,12,72,11/02/2023 17:15,
2023-02-11T17:20:00Z,12,72,11/02/2023 17:20,
2023-02-11T17:25:00Z,12,72,11/02/2023 17:25,
2023-02-11T17:30:00Z,12,72,11/02/2023 17:30,
2023-02-11T17:35:00Z,12,72,11/02/2023 17:35,
2023-02-11T17:40:00Z,12,72,11/02/2023 17:40,
2023-02-11T17:45:00Z,12,72,11/02/2023 17:45,
2023-02-11T17:50:00Z,12,72,11/02/2023 17:50,
2023-02-11T17:55:00Z,12,72,11/02/2023 17:55,
2023-02-11T18:00:00Z,12,72,11/02/2023 18:00,
2023-02-11T18:05:00Z,12,72,11/02/2023 18:05,
2023-02-11T18:10:00Z,12,72,11/02/2023 18:10,
2023-02-11T18:15:00Z,12,72,11/02/2023 18:15,
2023-02-11T18:20:00Z,12,72,11/02/2023 18:20,
2023-02-11T18:25:00Z,12,72,11/02/2023 18:25,
2023-02-11T18:30:00Z,12,73,11/02/2023 18:30,
2023-02-11T18:35:00Z,12,72,11/02/2023 18:35,
2023-02-11T18:40:00Z,12,73,11/02/2023 18:40,
2023-02-11T18:45:00Z,12,72,11/02/2023 18:45,
2023-02-11T18:50:00Z,12,72,11/02/2023 18:50,
2023-02-11T18:55:00Z,12,72,11/02/2023 18:55,
2023-02-11T19:00:00Z,12,73,11/02/2023 19:00,
2023-02-11T19:05:00Z,12,72,11/02/2023 19:05,
2023-02-11T19:10:00Z,12,72,11/02/2023 19:10,
2023-02-11T19:15:00Z,12,72,11/02/2023 19:15,
2023-02-11T19:20:00Z,12,72,11/02/2023 19:20,
2023-02-11T19:25:00Z,12,72,11/02/2023 19:25,
2023-02-11T19:30:00Z,12,72,11/02/2023 19:30,
2023-02-11T19:35:00Z,12,72,11/02/2023 19:35,
2023-02-11T19:40:00Z,12,72,11/02/2023 19:40,
2023-02-11T19:45:00Z,12,72,11/02/2023 19:45,
2023-02-11T19:50:00Z,12,72,11/02/2023 19:50,
2023-02-11T19:55:00Z,12,72,11/02/2023 19:55,
2023-02-11T20:00:00Z,12,72,11/02/2023 20:00,
2023-02-11T20:05:00Z,12,72,11/02/2023 20:05,
2023-02-11T20:10:00Z,12,73,11/02/2023 20:10,
2023-02-11T20:15:00Z,12,72,11/02/2023 20:15,
2023-02-11T20:20:00Z,12,73,11/02/2023 20:20,
2023-02-11T20:25:00Z,12,73,11/02/2023 20:25,
2023-02-11T20:30:00Z,12,73,11/02/2023 20:30,
2023-02-11T20:35:00Z,12,73,11/02/2023 20:35,
2023-02-11T20:40:00Z,12,72,11/02/2023 20:40,
2023-02-11T20:45:00Z,12,72,11/02/2023 20:45,
2023-02-11T20:50:00Z,12,72,11/02/2023 20:50,
2023-02-11T20:55:00Z,12,72,11/02/2023 20:55,
2023-02-11T21:00:00Z,12,72,11/02/2023 21:00,
2023-02-11T21:05:00Z,12,72,11/02/2023 21:05,
2023-02-11T21:10:00Z,12,72,11/02/2023 21:10,
2023-02-11T21:15:00Z,12,72,11/02/2023 21:15,
2023-02-11T21:20:00Z,12,72,11/02/2023 21:20,
2023-02-11T21:25:00Z,12,72,11/02/2023 21:25,
2023-02-11T21:30:00Z,12,72,11/02/2023 21:30,
2023-02-11T21:35:00Z,12,72,11/02/2023 21:35,
2023-02-11T21:40:00Z,12,73,11/02/2023 21:40,
2023-02-11T21:45:00Z,12,72,11/02/2023 21:45,
2023-02-11T21:50:00Z,12,72,11/02/2023 21:50,
2023-02-11T21:55:00Z,12,72,11/02/2023 21:55,
2023-02-11T22:00:00Z,12,72,11/02/2023 22:00,
2023-02-11T22:05:00Z,12,72,11/02/2023 22:05,
2023-02-11T22:10:00Z,12,72,11/02/2023 22:10,
2023-02-11T22:15:00Z,12,72,11/02/2023 22:15,
2023-02-11T22:20:00Z,12,72,11/02/2023 22:20,
2023-02-11T22:25:00Z,12,72,11/02/2023 22:25,
2023-02-11T22:30:00Z,12,72,11/02/2023 22:30,
2023-02-11T22:35:00Z,12,72,11/02/2023 22:35,
2023-02-11T22:40:00Z,12,72,11/02/2023 22:40,
2023-02-11T22:45:00Z,12,72,11/02/2023 22:45,
2023-02-11T22:50:00Z,12,72,11/02/2023 22:50,
2023-02-11T22:55:00Z,12,72,11/02/2023 22:55,
2023-02-11T23:00:00Z,12,72,11/02/2023 23:00,
2023-02-11T23:05:00Z,12,72,11/02/2023 23:05,
2023-02-11T23:10:00Z,12,72,11/02/2023 23:10,
2023-02-11T23:15:00Z,12,72,11/02/2023 23:15,
2023-02-11T23:20:00Z,12,72,11/02/2023 23:20,
2023-02-11T23:25:00Z,12,72,11/02/2023 23:25,
2023-02-11T23:30:00Z,12,72,11/02/2023 23:30,
2023-02-11T23:35:00Z,12,72,11/02/2023 23:35,
2023-02-11T23:40:00Z,12,72,11/02/2023 23:40,
2023-02-11T23:45:00Z,12,72,11/02/2023 23:45,
2023-02-11T23:50:00Z,12,72,11/02/2023 23:50,
2023-02-11T23:55:00Z,12,72,11/02/2023 23:55,
2023-02-12T00:00:00Z,12,72,12/02/2023 00:00,
2023-02-12T00:05:00Z,12,72,12/02/2023 00:05,
2023-02-12T00:10:00Z,12,72,12/02/2023 00:10,
2023-02-12T00:15:00Z,12,72,12/02/2023 00:15,
2023-02-12T00:20:00Z,12,72,12/02/2023 00:20,
2023-02-12T00:25:00Z,12,72,12/02/2023 00:25,
2023-02-12T00:30:00Z,12,72,12/02/2023 00:30,
2023-02-12T00:35:00Z,12,72,12/02/2023 00:35,
2023-02-12T00:40:00Z,12,72,12/02/2023 00:40,
2023-02-12T00:45:00Z,12,72,12/02/2023 00:45,
2023-02-12T00:50:00Z,12,72,12/02/2023 00:50,
2023-02-12T00:55:00Z,12,72,12/02/2023 00:55,
2023-02-12T01:00:00Z,12,72,12/02/2023 01:00,
2023-02-12T01:05:00Z,12,72,12/02/2023 01:05,
2023-02-12T01:10:00Z,12,72,12/02/2023 01:10,
2023-02-12T01:15:00Z,12,72,12/02/2023 01:15,
2023-02-12T01:20:00Z,12,72,12/02/2023 01:20,
2023-02-12T01:25:00Z,12,72,12/02/2023 01:25,
2023-02-12T01:30:00Z,12,72,12/02/2023 01:30,
2023-02-12T01:35:00Z,12,72,12/02/2023 01:35,
2023-02-12T01:40:00Z,12,72,12/02/2023 01:40,
2023-02-12T01:45:00Z,12,72,12/02/2023 01:45,
2023-02-12T01:50:00Z,12,72,12/02/2023 01:50,
2023-02-12T01:55:00Z,12,72,12/02/2023 01:55,
2023-02-12T02:00:00Z,12,72,12/02/2023 02:00,
2023-02-12T02:05:00Z,12,72,12/02/2023 02:05,
2023-02-12T02:10:00Z,12,72,12/02/2023 02:10,
2023-02-12T02:15:00Z,12,71,12/02/2023 02:15,
2023-02-12T02:20:00Z,12,72,12/02/2023 02:20,
2023-02-12T02:25:00Z,12,72,12/02/2023 02:25,
2023-02-12T02:30:00Z,12,71,12/02/2023 02:30,
2023-02-12T02:35:00Z,12,71,12/02/2023 02:35,
2023-02-12T02:40:00Z,12,71,12/02/2023 02:40,
2023-02-12T02:45:00Z,12,71,12/02/2023 02:45,
2023-02-12T02:50:00Z,12,71,12/02/2023 02:50,
2023-02-12T02:55:00Z,12,71,12/02/2023 02:55,
2023-02-12T03:00:00Z,12,71,12/02/2023 03:00,
2023-02-12T03:05:00Z,12,71,12/02/2023 03:05,
2023-02-12T03:10:00Z,12,71,12/02/2023 03:10,
2023-02-12T03:15:00Z,12,71,12/02/2023 03:15,
2023-02-12T03:20:00Z,12,71,12/02/2023 03:20,
2023-02-12T03:25:00Z,12,71,12/02/2023 03:25,
2023-02-12T03:30:00Z,12,71,12/02/2023 03:30,
2023-02-12T03:35:00Z,12,71,12/02/2023 03:35,
2023-02-12T03:40:00Z,12,71,12/02/2023 03:40,
2023-02-12T03:45:00Z,12,71,12/02/2023 03:45,
2023-02-12T03:50:00Z,12,71,12/02/2023 03:50,
2023-02-12T03:55:00Z,12,71,12/02/2023 03:55,
2023-02-12T04:00:00Z,12,71,12/02/2023 04:00,
2023-02-12T04:05:00Z,12,71,12/02/2023 04:05,
2023-02-12T04:10:00Z,12,71,12/02/2023 04:10,
2023-02-12T04:15:00Z,12,71,12/02/2023 04:15,
2023-02-12T04:20:00Z,11,71,12/02/2023 04:20,
2023-02-12T04:25:00Z,12,71,12/02/2023 04:25,
2023-02-12T04:30:00Z,12,71,12/02/2023 04:30,
2023-02-12T04:35:00Z,12,71,12/02/2023 04:35,
2023-02-12T04:40:00Z,12,71,12/02/2023 04:40,
2023-02-12T04:45:00Z,12,71,12/02/2023 04:45,
2023-02-12T04:50:00Z,12,70,12/02/2023 04:50,
2023-02-12T04:55:00Z,12,70,12/02/2023 04:55,
2023-02-12T05:00:00Z,12,70,12/02/2023 05:00,
2023-02-12T05:05:00Z,12,71,12/02/2023 05:05,
2023-02-12T05:10:00Z,12,70,12/02/2023 05:10,
2023-02-12T05:15:00Z,12,70,12/02/2023 05:15,
2023-02-12T05:20:00Z,12,70,12/02/2023 05:20,
2023-02-12T05:25:00Z,12,70,12/02/2023 05:25,
2023-02-12T05:30:00Z,12,70,12/02/2023 05:30,
2023-02-12T05:35:00Z,12,70,12/02/2023 05:35,
2023-02-12T05:40:00Z,12,70,12/02/2023 05:40,
2023-02-12T05:45:00Z,12,70,12/02/2023 05:45,
2023-02-12T05:50:00Z,12,70,12/02/2023 05:50,
2023-02-12T05:55:00Z,12,70,12/02/2023 05:55,
2023-02-12T06:00:00Z,12,70,12/02/2023 06:00,
2023-02-12T06:05:00Z,12,70,12/02/2023 06:05,
2023-02-12T06:10:00Z,12,69,12/02/2023 06:10,
2023-02-12T06:15:00Z,12,69,12/02/2023 06:15,
2023-02-12T06:20:00Z,12,70,12/02/2023 06:20,
2023-02-12T06:25:00Z,12,70,12/02/2023 06:25,
2023-02-12T06:30:00Z,12,69,12/02/2023 06:30,
2023-02-12T06:35:00Z,12,69,12/02/2023 06:35,
2023-02-12T06:40:00Z,12,69,12/02/2023 06:40,
2023-02-12T06:45:00Z,12,69,12/02/2023 06:45,
2023-02-12T06:50:00Z,12,69,12/02/2023 06:50,
2023-02-12T06:55:00Z,12,69,12/02/2023 06:55,
2023-02-12T07:00:00Z,12,69,12/02/2023 07:00,
2023-02-12T07:05:00Z,12,69,12/02/2023 07:05,
2023-02-12T07:10:00Z,12,69,12/02/2023 07:10,
2023-02-12T07:15:00Z,12,69,12/02/2023 07:15,
2023-02-12T07:20:00Z,12,69,12/02/2023 07:20,
2023-02-12T07:25:00Z,12,69,12/02/2023 07:25,
2023-02-12T07:30:00Z,12,69,12/02/2023 07:30,
2023-02-12T07:35:00Z,12,69,12/02/2023 07:35,
2023-02-12T07:40:00Z,12,69,12/02/2023 07:40,
2023-02-12T07:45:00Z,12,69,12/02/2023 07:45,
2023-02-12T07:50:00Z,12,69,12/02/2023 07:50,
2023-02-12T07:55:00Z,12,69,12/02/2023 07:55,
2023-02-12T08:00:00Z,12,69,12/02/2023 08:00,
2023-02-12T08:05:00Z,12,69,12/02/2023 08:05,
2023-02-12T08:10:00Z,12,69,12/02/2023 08:10,
2023-02-12T08:15:00Z,12,69,12/02/2023 08:15,
2023-02-12T08:20:00Z,12,69,12/02/2023 08:20,
2023-02-12T08:25:00Z,12,69,12/02/2023 08:25,
2023-02-12T08:30:00Z,12,68,12/02/2023 08:30,
2023-02-12T08:35:00Z,12,68,12/02/2023 08:35,
2023-02-12T08:40:00Z,11,69,12/02/2023 08:40,
2023-02-12T08:45:00Z,12,68,12/02/2023 08:45,
2023-02-12T08:50:00Z,12,68,12/02/2023 08:50,
2023-02-12T08:55:00Z,12,68,12/02/2023 08:55,
2023-02-12T09:00:00Z,12,68,12/02/2023 09:00,
2023-02-12T09:05:00Z,12,68,12/02/2023 09:05,
2023-02-12T09:10:00Z,12,68,12/02/2023 09:10,
2023-02-12T09:15:00Z,12,68,12/02/2023 09:15,
2023-02-12T09:20:00Z,12,68,12/02/2023 09:20,
2023-02-12T09:25:00Z,12,68,12/02/2023 09:25,
2023-02-12T09:30:00Z,12,68,12/02/2023 09:30,
2023-02-12T09:35:00Z,12,68,12/02/2023 09:35,
2023-02-12T09:40:00Z,12,69,12/02/2023 09:40,
2023-02-12T09:45:00Z,12,69,12/02/2023 09:45,
2023-02-12T09:50:00Z,12,69,12/02/2023 09:50,
2023-02-12T09:55:00Z,12,70,12/02/2023 09:55,
2023-02-12T10:00:00Z,13,70,12/02/2023 10:00,
2023-02-12T10:05:00Z,13,69,12/02/2023 10:05,
2023-02-12T10:10:00Z,13,69,12/02/2023 10:10,
2023-02-12T10:15:00Z,13,69,12/02/2023 10:15,
2023-02-12T10:20:00Z,13,69,12/02/2023 10:20,
2023-02-12T10:25:00Z,13,69,12/02/2023 10:25,
2023-02-12T10:30:00Z,14,69,12/02/2023 10:30,
2023-02-12T10:35:00Z,14,67,12/02/2023 10:35,
2023-02-12T10:40:00Z,14,67,12/02/2023 10:40,
2023-02-12T10:45:00Z,14,67,12/02/2023 10:45,
2023-02-12T10:50:00Z,14,67,12/02/2023 10:50,
2023-02-12T10:55:00Z,14,67,12/02/2023 10:55,
2023-02-12T11:00:00Z,14,66,12/02/2023 11:00,
2023-02-12T11:05:00Z,14,66,12/02/2023 11:05,
2023-02-12T11:10:00Z,15,66,12/02/2023 11:10,
2023-02-12T11:15:00Z,15,65,12/02/2023 11:15,
2023-02-12T11:20:00Z,15,65,12/02/2023 11:20,
2023-02-12T11:25:00Z,15,65,12/02/2023 11:25,
2023-02-12T11:30:00Z,15,65,12/02/2023 11:30,
2023-02-12T11:35:00Z,15,64,12/02/2023 11:35,
2023-02-12T11:40:00Z,15,65,12/02/2023 11:40,
2023-02-12T11:45:00Z,15,64,12/02/2023 11:45,
2023-02-12T11:50:00Z,15,64,12/02/2023 11:50,
2023-02-12T11:55:00Z,15,64,12/02/2023 11:55,
2023-02-12T12:00:00Z,15,64,12/02/2023 12:00,
2023-02-12T12:05:00Z,15,64,12/02/2023 12:05,
2023-02-12T12:10:00Z,15,64,12/02/2023 12:10,
2023-02-12T12:15:00Z,16,63,12/02/2023 12:15,
2023-02-12T12:20:00Z,16,68,12/02/2023 12:20,
2023-02-12T12:25:00Z,16,64,12/02/2023 12:25,
2023-02-12T12:30:00Z,16,66,12/02/2023 12:30,
