timestamp,temperature,rh,location
2023-02-12T10:47Z,17,74,Hall
2023-02-12T10:51Z,17,68,
2023-02-12T10:56Z,16,70,
2023-02-12T11:01Z,15,76,
2023-02-12T11:06Z,14,77,
2023-02-12T11:11Z,14,78,
2023-02-12T11:16Z,14,79,
2023-02-12T11:21Z,14,79,
2023-02-12T11:26Z,14,79,
2023-02-12T11:31Z,14,79,
2023-02-12T11:36Z,14,80,
2023-02-12T11:41Z,14,80,
2023-02-12T11:46Z,14,80,
2023-02-12T11:51Z,14,80,
2023-02-12T11:56Z,14,80,
2023-02-12T12:01Z,14,80,
2023-02-12T12:06Z,14,80,
2023-02-12T12:11Z,14,80,
2023-02-12T12:16Z,14,81,
2023-02-12T12:21Z,14,81,
2023-02-12T12:26Z,14,81,
2023-02-12T12:31Z,14,82,
2023-02-12T12:36Z,14,82,
2023-02-12T12:41Z,15,82,
2023-02-12T12:46Z,15,82,
2023-02-12T12:51Z,15,82,
2023-02-12T12:56Z,14,82,
2023-02-12T13:01Z,14,82,
2023-02-12T13:06Z,14,82,
2023-02-12T13:11Z,14,82,
2023-02-12T13:16Z,14,82,
2023-02-12T13:21Z,14,82,
2023-02-12T13:26Z,14,82,
2023-02-12T13:31Z,14,82,
2023-02-12T13:36Z,14,82,
2023-02-12T13:41Z,14,82,
2023-02-12T13:46Z,14,82,
2023-02-12T13:51Z,14,82,
2023-02-12T13:56Z,14,82,
2023-02-12T14:01Z,14,82,
2023-02-12T14:06Z,14,81,
2023-02-12T14:11Z,14,81,
2023-02-12T14:16Z,13,81,
2023-02-12T14:21Z,13,81,
2023-02-12T14:26Z,13,81,
2023-02-12T14:31Z,13,81,
2023-02-12T14:36Z,13,81,
2023-02-12T14:41Z,13,81,
2023-02-12T14:46Z,13,81,
2023-02-12T14:51Z,13,81,
2023-02-12T14:56Z,13,81,
2023-02-12T15:01Z,13,81,
2023-02-12T15:06Z,13,81,
2023-02-12T15:11Z,13,81,
2023-02-12T15:16Z,13,81,
2023-02-12T15:21Z,13,81,
2023-02-12T15:26Z,13,81,
2023-02-12T15:31Z,13,81,
2023-02-12T15:36Z,13,81,
2023-02-12T15:41Z,13,81,
2023-02-12T15:46Z,13,81,
2023-02-12T15:51Z,13,81,
2023-02-12T15:56Z,13,81,
2023-02-12T16:01Z,13,81,
2023-02-12T16:06Z,13,81,
2023-02-12T16:11Z,13,81,
2023-02-12T16:16Z,13,81,
2023-02-12T16:21Z,13,81,
2023-02-12T16:26Z,13,81,
2023-02-12T16:31Z,13,81,
2023-02-12T16:36Z,13,81,
2023-02-12T16:41Z,13,81,
2023-02-12T16:46Z,13,81,
2023-02-12T16:51Z,13,81,
2023-02-12T16:56Z,13,81,
2023-02-12T17:01Z,13,81,
2023-02-12T17:06Z,13,81,
2023-02-12T17:11Z,13,81,
2023-02-12T17:16Z,13,81,
2023-02-12T17:21Z,13,81,
2023-02-12T17:26Z,13,81,
2023-02-12T17:31Z,13,81,
2023-02-12T17:36Z,13,81,
2023-02-12T17:41Z,13,81,
2023-02-12T17:46Z,13,82,
2023-02-12T17:51Z,13,82,
2023-02-12T17:56Z,13,82,
2023-02-12T18:01Z,13,82,
2023-02-12T18:06Z,13,82,
2023-02-12T18:11Z,13,82,
2023-02-12T18:16Z,13,82,
2023-02-12T18:21Z,13,81,
2023-02-12T18:26Z,13,81,
2023-02-12T18:31Z,13,81,
2023-02-12T18:36Z,13,81,
2023-02-12T18:41Z,14,81,
2023-02-12T18:46Z,14,80,
2023-02-12T18:51Z,14,80,
2023-02-12T18:55Z,14,80,
2023-02-12T19:00Z,14,80,
2023-02-12T19:05Z,15,80,
2023-02-12T19:10Z,15,80,
2023-02-12T19:15Z,15,79,
2023-02-12T19:20Z,15,79,
2023-02-12T19:25Z,15,79,
2023-02-12T19:30Z,15,79,
2023-02-12T19:35Z,15,79,
2023-02-12T19:40Z,15,79,
2023-02-12T19:45Z,16,78,
2023-02-12T19:50Z,16,77,
2023-02-12T19:55Z,16,77,
2023-02-12T20:00Z,16,77,
2023-02-12T20:05Z,16,77,
2023-02-12T20:10Z,16,77,
2023-02-12T20:15Z,16,77,
2023-02-12T20:20Z,16,77,
2023-02-12T20:25Z,16,77,
2023-02-12T20:30Z,16,78,
2023-02-12T20:35Z,17,78,
2023-02-12T20:40Z,17,78,
2023-02-12T20:45Z,17,78,
2023-02-12T20:50Z,17,78,
2023-02-12T20:55Z,17,78,
2023-02-12T21:00Z,17,78,
2023-02-12T21:05Z,17,78,
2023-02-12T21:10Z,17,78,
2023-02-12T21:15Z,17,78,
2023-02-12T21:20Z,17,78,
2023-02-12T21:25Z,17,78,
2023-02-12T21:30Z,17,78,
2023-02-12T21:35Z,17,78,
2023-02-12T21:40Z,18,77,
2023-02-12T21:45Z,17,77,
2023-02-12T21:50Z,18,77,
2023-02-12T21:55Z,18,77,
2023-02-12T22:00Z,18,76,
2023-02-12T22:05Z,18,76,
2023-02-12T22:10Z,18,76,
2023-02-12T22:15Z,18,75,
2023-02-12T22:20Z,18,75,
2023-02-12T22:25Z,18,75,
2023-02-12T22:30Z,17,75,
2023-02-12T22:35Z,17,75,
2023-02-12T22:40Z,17,75,
2023-02-12T22:45Z,17,75,
2023-02-12T22:50Z,17,75,
2023-02-12T22:55Z,17,75,
2023-02-12T23:00Z,17,75,
2023-02-12T23:05Z,17,75,
2023-02-12T23:10Z,17,75,
2023-02-12T23:15Z,16,75,
2023-02-12T23:20Z,16,75,
2023-02-12T23:25Z,16,75,
2023-02-12T23:30Z,16,75,
2023-02-12T23:35Z,16,75,
2023-02-12T23:40Z,16,75,
2023-02-12T23:45Z,16,75,
2023-02-12T23:50Z,16,75,
2023-02-12T23:55Z,16,75,
2023-02-13T00:00Z,16,75,
2023-02-13T00:05Z,16,75,
2023-02-13T00:10Z,16,75,
2023-02-13T00:15Z,16,75,
2023-02-13T00:20Z,16,75,
2023-02-13T00:25Z,16,75,
2023-02-13T00:30Z,15,76,
2023-02-13T00:35Z,15,76,
2023-02-13T00:40Z,15,76,
2023-02-13T00:45Z,15,76,
2023-02-13T00:50Z,15,76,
2023-02-13T00:55Z,15,76,
2023-02-13T01:00Z,15,76,
2023-02-13T01:05Z,15,76,
2023-02-13T01:10Z,15,76,
2023-02-13T01:15Z,15,76,
2023-02-13T01:20Z,15,76,
2023-02-13T01:25Z,15,76,
2023-02-13T01:30Z,15,76,
2023-02-13T01:35Z,15,76,
2023-02-13T01:40Z,15,76,
2023-02-13T01:45Z,15,76,
2023-02-13T01:50Z,15,76,
2023-02-13T01:55Z,15,76,
2023-02-13T02:00Z,15,76,
2023-02-13T02:05Z,15,76,
2023-02-13T02:10Z,15,76,
2023-02-13T02:15Z,15,76,
2023-02-13T02:20Z,15,76,
2023-02-13T02:25Z,15,76,
2023-02-13T02:30Z,15,76,
2023-02-13T02:35Z,15,76,
2023-02-13T02:40Z,14,76,
2023-02-13T02:45Z,14,76,
2023-02-13T02:50Z,14,76,
2023-02-13T02:55Z,14,76,
2023-02-13T02:59Z,14,76,
2023-02-13T03:04Z,14,76,
2023-02-13T03:09Z,14,76,
2023-02-13T03:14Z,14,76,
2023-02-13T03:19Z,14,76,
2023-02-13T03:24Z,14,76,
2023-02-13T03:29Z,14,76,
2023-02-13T03:34Z,14,76,
2023-02-13T03:39Z,14,76,
2023-02-13T03:44Z,14,76,
2023-02-13T03:49Z,14,76,
2023-02-13T03:54Z,14,76,
2023-02-13T03:59Z,14,76,
2023-02-13T04:04Z,14,75,
2023-02-13T04:09Z,14,76,
2023-02-13T04:14Z,14,75,
2023-02-13T04:19Z,14,75,
2023-02-13T04:24Z,14,75,
2023-02-13T04:29Z,14,76,
2023-02-13T04:34Z,14,75,
2023-02-13T04:39Z,14,75,
2023-02-13T04:44Z,14,75,
2023-02-13T04:49Z,14,75,
2023-02-13T04:54Z,14,75,
2023-02-13T04:59Z,14,75,
2023-02-13T05:04Z,13,75,
2023-02-13T05:09Z,13,75,
2023-02-13T05:14Z,13,75,
2023-02-13T05:19Z,13,75,
2023-02-13T05:24Z,13,75,
2023-02-13T05:29Z,13,75,
2023-02-13T05:34Z,13,75,
2023-02-13T05:39Z,13,75,
2023-02-13T05:44Z,13,75,
2023-02-13T05:49Z,13,75,
2023-02-13T05:54Z,13,75,
2023-02-13T05:59Z,13,75,
2023-02-13T06:04Z,13,75,
2023-02-13T06:09Z,13,75,
2023-02-13T06:14Z,13,75,
2023-02-13T06:19Z,13,75,
2023-02-13T06:24Z,13,75,
2023-02-13T06:29Z,13,75,
2023-02-13T06:34Z,13,75,
2023-02-13T06:39Z,13,75,
2023-02-13T06:44Z,13,75,
2023-02-13T06:49Z,13,75,
2023-02-13T06:54Z,13,75,
2023-02-13T06:59Z,13,75,
2023-02-13T07:04Z,13,75,
2023-02-13T07:09Z,13,75,
2023-02-13T07:14Z,13,75,
2023-02-13T07:19Z,13,75,
2023-02-13T07:24Z,13,75,
2023-02-13T07:29Z,13,75,
2023-02-13T07:34Z,13,75,
2023-02-13T07:39Z,13,75,
2023-02-13T07:44Z,13,75,
2023-02-13T07:49Z,13,75,
2023-02-13T07:54Z,13,75,
2023-02-13T07:59Z,13,75,
2023-02-13T08:04Z,13,75,
2023-02-13T08:09Z,13,75,
2023-02-13T08:14Z,13,75,
2023-02-13T08:19Z,13,76,
2023-02-13T08:24Z,13,76,
2023-02-13T08:29Z,13,76,
2023-02-13T08:34Z,13,76,
2023-02-13T08:39Z,13,76,
2023-02-13T08:44Z,13,76,
2023-02-13T08:49Z,13,76,
2023-02-13T08:54Z,13,76,
2023-02-13T08:59Z,13,76,
2023-02-13T09:04Z,13,76,
2023-02-13T09:09Z,13,76,
2023-02-13T09:14Z,13,76,
2023-02-13T09:19Z,13,76,
2023-02-13T09:24Z,13,76,
2023-02-13T09:29Z,13,76,
2023-02-13T09:34Z,13,76,
2023-02-13T09:39Z,13,76,
2023-02-13T09:44Z,13,76,
2023-02-13T09:49Z,13,76,
2023-02-13T09:54Z,13,76,
2023-02-13T09:59Z,13,77,
2023-02-13T10:04Z,13,76,
2023-02-13T10:09Z,13,76,
2023-02-13T10:14Z,13,76,
2023-02-13T10:19Z,13,76,
2023-02-13T10:24Z,13,76,
2023-02-13T10:29Z,13,76,
2023-02-13T10:34Z,13,76,
2023-02-13T10:39Z,13,77,
2023-02-13T10:44Z,13,76,
2023-02-13T10:49Z,13,76,
2023-02-13T10:54Z,12,77,
2023-02-13T10:59Z,13,76,
2023-02-13T11:03Z,13,76,
2023-02-13T11:08Z,13,76,
2023-02-13T11:13Z,13,76,
2023-02-13T11:18Z,13,76,
2023-02-13T11:23Z,13,76,
2023-02-13T11:28Z,13,76,
2023-02-13T11:33Z,13,76,
2023-02-13T11:38Z,13,76,
2023-02-13T11:43Z,13,76,
2023-02-13T11:48Z,13,76,
2023-02-13T11:53Z,13,76,
2023-02-13T11:58Z,13,76,
2023-02-13T12:03Z,13,76,
2023-02-13T12:08Z,13,76,
2023-02-13T12:13Z,13,76,
2023-02-13T12:18Z,13,76,
2023-02-13T12:23Z,13,76,
2023-02-13T12:28Z,13,76,
2023-02-13T12:33Z,13,76,
2023-02-13T12:38Z,13,76,
2023-02-13T12:43Z,13,76,
2023-02-13T12:48Z,13,76,
2023-02-13T12:53Z,13,76,
2023-02-13T12:58Z,13,76,
2023-02-13T13:03Z,13,76,
2023-02-13T13:08Z,13,76,
2023-02-13T13:13Z,13,76,
2023-02-13T13:18Z,13,76,
2023-02-13T13:23Z,13,76,
2023-02-13T13:28Z,13,77,
2023-02-13T13:33Z,13,76,
2023-02-13T13:38Z,13,76,
2023-02-13T13:43Z,13,76,
2023-02-13T13:48Z,13,76,
2023-02-13T13:53Z,13,77,
2023-02-13T13:58Z,13,76,
2023-02-13T14:03Z,13,75,
2023-02-13T14:08Z,13,76,
2023-02-13T14:13Z,13,77,
2023-02-13T14:18Z,13,76,
2023-02-13T14:23Z,13,75,
2023-02-13T14:28Z,13,76,
2023-02-13T14:33Z,13,76,
2023-02-13T14:38Z,13,75,
2023-02-13T14:43Z,13,76,
2023-02-13T14:48Z,13,75,
2023-02-13T14:53Z,13,76,
2023-02-13T14:58Z,13,75,
2023-02-13T15:03Z,13,76,
2023-02-13T15:08Z,13,75,
2023-02-13T15:13Z,13,76,
2023-02-13T15:18Z,13,75,
2023-02-13T15:23Z,13,75,
2023-02-13T15:28Z,13,75,
2023-02-13T15:33Z,13,75,
2023-02-13T15:38Z,13,75,
2023-02-13T15:43Z,13,75,
2023-02-13T15:48Z,13,75,
2023-02-13T15:53Z,13,75,
2023-02-13T15:58Z,13,76,
2023-02-13T16:03Z,13,76,
2023-02-13T16:08Z,13,75,
2023-02-13T16:13Z,13,75,
2023-02-13T16:18Z,13,76,
2023-02-13T16:23Z,13,75,
2023-02-13T16:28Z,13,75,
2023-02-13T16:33Z,13,76,
2023-02-13T16:38Z,13,75,
2023-02-13T16:43Z,13,77,
2023-02-13T16:48Z,13,77,
2023-02-13T16:53Z,13,77,
2023-02-13T16:58Z,13,76,
2023-02-13T17:03Z,13,77,
2023-02-13T17:08Z,13,76,
2023-02-13T17:13Z,13,76,
2023-02-13T17:18Z,13,77,
2023-02-13T17:23Z,13,76,
2023-02-13T17:28Z,13,76,
2023-02-13T17:33Z,13,76,
2023-02-13T17:38Z,13,76,
2023-02-13T17:43Z,13,76,
2023-02-13T17:48Z,13,76,
2023-02-13T17:53Z,13,76,
2023-02-13T17:58Z,12,76,
2023-02-13T18:03Z,12,77,
2023-02-13T18:08Z,13,76,
2023-02-13T18:13Z,12,77,
2023-02-13T18:18Z,12,77,
2023-02-13T18:23Z,12,77,
2023-02-13T18:28Z,12,77,
2023-02-13T18:33Z,12,77,
2023-02-13T18:38Z,12,77,
2023-02-13T18:43Z,12,77,
2023-02-13T18:48Z,12,77,
2023-02-13T18:53Z,12,77,
2023-02-13T18:58Z,12,77,
2023-02-13T19:03Z,12,77,
2023-02-13T19:08Z,12,77,
2023-02-13T19:12Z,12,77,
2023-02-13T19:17Z,12,77,
2023-02-13T19:22Z,12,77,
2023-02-13T19:27Z,12,77,
2023-02-13T19:32Z,12,77,
2023-02-13T19:37Z,12,77,
2023-02-13T19:42Z,12,77,
2023-02-13T19:47Z,12,77,
2023-02-13T19:52Z,12,77,
2023-02-13T19:57Z,12,77,
2023-02-13T20:02Z,12,77,
2023-02-13T20:07Z,12,77,
2023-02-13T20:12Z,12,77,
2023-02-13T20:17Z,12,77,
2023-02-13T20:22Z,12,77,
2023-02-13T20:27Z,12,77,
2023-02-13T20:32Z,12,77,
2023-02-13T20:37Z,12,77,
2023-02-13T20:42Z,12,77,
2023-02-13T20:47Z,12,77,
2023-02-13T20:52Z,12,77,
2023-02-13T20:57Z,12,77,
2023-02-13T21:02Z,12,77,
2023-02-13T21:07Z,12,77,
2023-02-13T21:12Z,12,77,
2023-02-13T21:17Z,12,77,
2023-02-13T21:22Z,12,77,
2023-02-13T21:27Z,12,77,
2023-02-13T21:32Z,12,77,
2023-02-13T21:37Z,12,77,
2023-02-13T21:42Z,12,77,
2023-02-13T21:47Z,12,77,
2023-02-13T21:52Z,12,77,
2023-02-13T21:57Z,12,77,
2023-02-13T22:02Z,12,77,
2023-02-13T22:07Z,12,77,
2023-02-13T22:12Z,12,77,
2023-02-13T22:17Z,12,77,
2023-02-13T22:22Z,12,77,
2023-02-13T22:27Z,12,77,
2023-02-13T22:32Z,11,77,
2023-02-13T22:37Z,11,77,
2023-02-13T22:42Z,11,77,
2023-02-13T22:47Z,11,77,
2023-02-13T22:52Z,11,77,
2023-02-13T22:57Z,11,77,
2023-02-13T23:02Z,11,77,
2023-02-13T23:07Z,11,77,
2023-02-13T23:12Z,11,77,
2023-02-13T23:17Z,11,77,
2023-02-13T23:22Z,11,77,
2023-02-13T23:27Z,11,77,
2023-02-13T23:32Z,11,77,
2023-02-13T23:37Z,11,77,
2023-02-13T23:42Z,11,77,
2023-02-13T23:47Z,11,77,
2023-02-13T23:52Z,11,78,
2023-02-13T23:57Z,11,77,
2023-02-14T00:02Z,11,77,
2023-02-14T00:07Z,11,77,
2023-02-14T00:12Z,11,77,
2023-02-14T00:17Z,11,78,
2023-02-14T00:22Z,11,77,
2023-02-14T00:27Z,11,77,
2023-02-14T00:32Z,11,77,
2023-02-14T00:37Z,11,77,
2023-02-14T00:42Z,11,78,
2023-02-14T00:47Z,11,77,
2023-02-14T00:52Z,11,77,
2023-02-14T00:57Z,11,77,
2023-02-14T01:02Z,11,77,
2023-02-14T01:07Z,11,78,
2023-02-14T01:12Z,11,77,
2023-02-14T01:17Z,11,78,
2023-02-14T01:22Z,11,77,
2023-02-14T01:27Z,11,78,
2023-02-14T01:32Z,11,78,
2023-02-14T01:37Z,11,78,
2023-02-14T01:42Z,11,78,
2023-02-14T01:47Z,11,77,
2023-02-14T01:52Z,11,78,
2023-02-14T01:57Z,11,78,
2023-02-14T02:02Z,11,78,
2023-02-14T02:07Z,11,77,
2023-02-14T02:12Z,11,77,
2023-02-14T02:17Z,11,77,
2023-02-14T02:22Z,11,78,
2023-02-14T02:27Z,11,77,
2023-02-14T02:32Z,11,78,
2023-02-14T02:37Z,11,78,
2023-02-14T02:42Z,11,78,
2023-02-14T02:47Z,11,78,
2023-02-14T02:52Z,11,77,
2023-02-14T02:57Z,11,77,
2023-02-14T03:02Z,11,78,
2023-02-14T03:07Z,11,78,
2023-02-14T03:12Z,11,77,
2023-02-14T03:16Z,11,78,
2023-02-14T03:21Z,11,77,
2023-02-14T03:26Z,11,78,
2023-02-14T03:31Z,11,78,
2023-02-14T03:36Z,11,78,
2023-02-14T03:41Z,11,78,
2023-02-14T03:46Z,11,78,
2023-02-14T03:51Z,11,78,
2023-02-14T03:56Z,11,78,
2023-02-14T04:01Z,11,78,
2023-02-14T04:06Z,11,78,
2023-02-14T04:11Z,11,78,
2023-02-14T04:16Z,11,78,
2023-02-14T04:21Z,11,78,
2023-02-14T04:26Z,11,78,
2023-02-14T04:31Z,11,78,
2023-02-14T04:36Z,11,77,
2023-02-14T04:41Z,11,78,
2023-02-14T04:46Z,11,78,
2023-02-14T04:51Z,11,78,
2023-02-14T04:56Z,11,78,
2023-02-14T05:01Z,11,78,
2023-02-14T05:06Z,11,78,
2023-02-14T05:11Z,11,78,
2023-02-14T05:16Z,11,78,
2023-02-14T05:21Z,11,78,
2023-02-14T05:26Z,11,78,
2023-02-14T05:31Z,11,78,
2023-02-14T05:36Z,11,78,
2023-02-14T05:41Z,11,78,
2023-02-14T05:46Z,11,78,
2023-02-14T05:51Z,11,78,
2023-02-14T05:56Z,11,78,
2023-02-14T06:01Z,11,78,
2023-02-14T06:06Z,11,78,
2023-02-14T06:11Z,11,78,
2023-02-14T06:16Z,11,78,
2023-02-14T06:21Z,11,78,
2023-02-14T06:26Z,10,78,
2023-02-14T06:31Z,10,77,
2023-02-14T06:36Z,10,78,
2023-02-14T06:41Z,11,78,
2023-02-14T06:46Z,11,78,
2023-02-14T06:51Z,10,78,
2023-02-14T06:56Z,10,78,
2023-02-14T07:01Z,10,78,
2023-02-14T07:06Z,10,78,
2023-02-14T07:11Z,10,78,
2023-02-14T07:16Z,10,78,
2023-02-14T07:21Z,10,78,
2023-02-14T07:26Z,10,78,
2023-02-14T07:31Z,10,78,
2023-02-14T07:36Z,10,78,
2023-02-14T07:41Z,10,78,
2023-02-14T07:46Z,10,78,
2023-02-14T07:51Z,10,78,
2023-02-14T07:56Z,10,78,
2023-02-14T08:01Z,10,78,
2023-02-14T08:06Z,10,78,
2023-02-14T08:11Z,10,78,
2023-02-14T08:16Z,10,78,
2023-02-14T08:21Z,10,78,
2023-02-14T08:26Z,10,78,
2023-02-14T08:31Z,10,78,
2023-02-14T08:36Z,10,78,
2023-02-14T08:41Z,10,78,
2023-02-14T08:46Z,10,78,
2023-02-14T08:51Z,10,78,
2023-02-14T08:56Z,10,78,
2023-02-14T09:01Z,10,78,
2023-02-14T09:06Z,10,78,
2023-02-14T09:11Z,10,78,
2023-02-14T09:16Z,10,78,
2023-02-14T09:21Z,10,78,
2023-02-14T09:26Z,10,78,
2023-02-14T09:31Z,10,78,
2023-02-14T09:36Z,10,78,
2023-02-14T09:41Z,10,78,
2023-02-14T09:46Z,10,78,
2023-02-14T09:51Z,10,78,
2023-02-14T09:56Z,10,78,
2023-02-14T10:01Z,10,78,
2023-02-14T10:06Z,10,78,
2023-02-14T10:11Z,10,78,
2023-02-14T10:16Z,10,78,
2023-02-14T10:21Z,10,78,
2023-02-14T10:26Z,10,78,
2023-02-14T10:31Z,10,78,
2023-02-14T10:36Z,10,78,
2023-02-14T10:41Z,10,78,
2023-02-14T10:46Z,10,78,
2023-02-14T10:51Z,10,79,
2023-02-14T10:56Z,11,79,
2023-02-14T11:01Z,11,79,
2023-02-14T11:06Z,11,79,
2023-02-14T11:11Z,12,79,
2023-02-14T11:16Z,12,79,
2023-02-14T11:20Z,12,79,
2023-02-14T11:25Z,12,79,
2023-02-14T11:30Z,13,79,
2023-02-14T11:35Z,13,77,
2023-02-14T11:40Z,13,77,
2023-02-14T11:45Z,13,77,
2023-02-14T11:50Z,13,77,
2023-02-14T11:55Z,13,77,
2023-02-14T12:00Z,14,77,
2023-02-14T12:05Z,14,77,
2023-02-14T12:10Z,14,77,
2023-02-14T12:15Z,14,77,
2023-02-14T12:20Z,14,77,
2023-02-14T12:25Z,14,77,
2023-02-14T12:30Z,14,76,
2023-02-14T12:35Z,14,76,
2023-02-14T12:40Z,14,76,
2023-02-14T12:45Z,14,76,
2023-02-14T12:50Z,15,76,
2023-02-14T12:55Z,15,76,
2023-02-14T13:00Z,15,76,
2023-02-14T13:05Z,15,76,
2023-02-14T13:10Z,15,76,
2023-02-14T13:15Z,15,76,
2023-02-14T13:20Z,15,75,
2023-02-14T13:25Z,15,75,
2023-02-14T13:30Z,15,76,
2023-02-14T13:35Z,15,76,
2023-02-14T13:40Z,15,76,
2023-02-14T13:45Z,14,76,
2023-02-14T13:50Z,14,76,
2023-02-14T13:55Z,14,76,
2023-02-14T14:00Z,14,76,
2023-02-14T14:05Z,14,76,
2023-02-14T14:10Z,14,77,
2023-02-14T14:15Z,14,76,
2023-02-14T14:20Z,14,77,
2023-02-14T14:25Z,14,77,
2023-02-14T14:30Z,14,77,
2023-02-14T14:35Z,14,77,
2023-02-14T14:40Z,14,78,
2023-02-14T14:45Z,14,78,
2023-02-14T14:50Z,13,78,
2023-02-14T14:55Z,14,78,
2023-02-14T15:00Z,14,78,
2023-02-14T15:05Z,13,78,
2023-02-14T15:10Z,13,78,
2023-02-14T15:15Z,13,78,
2023-02-14T15:20Z,13,78,
2023-02-14T15:25Z,13,78,
2023-02-14T15:30Z,13,79,
2023-02-14T15:35Z,13,79,
2023-02-14T15:40Z,13,79,
2023-02-14T15:45Z,13,79,
2023-02-14T15:50Z,13,79,
2023-02-14T15:55Z,13,79,
2023-02-14T16:00Z,13,79,
2023-02-14T16:05Z,13,79,
2023-02-14T16:10Z,13,79,
2023-02-14T16:15Z,13,79,
2023-02-14T16:20Z,13,79,
2023-02-14T16:25Z,13,79,
2023-02-14T16:30Z,13,79,
2023-02-14T16:35Z,13,79,
2023-02-14T16:40Z,13,79,
2023-02-14T16:45Z,13,80,
2023-02-14T16:50Z,13,79,
2023-02-14T16:55Z,13,80,
2023-02-14T17:00Z,13,80,
2023-02-14T17:05Z,13,79,
2023-02-14T17:10Z,13,80,
2023-02-14T17:15Z,13,80,
2023-02-14T17:20Z,13,80,
2023-02-14T17:25Z,13,80,
2023-02-14T17:30Z,13,80,
2023-02-14T17:35Z,13,80,
2023-02-14T17:40Z,13,80,
2023-02-14T17:45Z,13,80,
2023-02-14T17:50Z,13,80,
2023-02-14T17:55Z,13,80,
2023-02-14T18:00Z,13,80,
2023-02-14T18:05Z,13,81,
2023-02-14T18:10Z,13,80,
2023-02-14T18:15Z,13,81,
2023-02-14T18:20Z,13,81,
2023-02-14T18:25Z,13,81,
2023-02-14T18:30Z,13,82,
2023-02-14T18:35Z,13,81,
2023-02-14T18:40Z,13,81,
2023-02-14T18:45Z,13,81,
2023-02-14T18:50Z,14,80,
2023-02-14T18:55Z,14,80,
2023-02-14T19:00Z,14,80,
2023-02-14T19:05Z,14,80,
2023-02-14T19:10Z,15,80,
2023-02-14T19:15Z,15,80,
2023-02-14T19:20Z,15,79,
2023-02-14T19:25Z,15,79,
2023-02-14T19:29Z,15,79,
2023-02-14T19:34Z,15,79,
2023-02-14T19:39Z,15,79,
2023-02-14T19:44Z,15,80,
2023-02-14T19:49Z,15,78,
2023-02-14T19:54Z,16,78,
2023-02-14T19:59Z,16,78,
2023-02-14T20:04Z,16,78,
2023-02-14T20:09Z,16,78,
2023-02-14T20:14Z,16,78,
2023-02-14T20:19Z,16,78,
2023-02-14T20:24Z,16,78,
2023-02-14T20:29Z,16,78,
2023-02-14T20:34Z,17,78,
2023-02-14T20:39Z,17,78,
2023-02-14T20:44Z,17,78,
2023-02-14T20:49Z,17,78,
2023-02-14T20:54Z,17,78,
2023-02-14T20:59Z,17,78,
2023-02-14T21:04Z,17,78,
2023-02-14T21:09Z,17,77,
2023-02-14T21:14Z,17,77,
2023-02-14T21:19Z,17,77,
2023-02-14T21:24Z,17,77,
2023-02-14T21:29Z,17,76,
2023-02-14T21:34Z,17,76,
2023-02-14T21:39Z,17,76,
2023-02-14T21:44Z,17,75,
2023-02-14T21:49Z,17,75,
2023-02-14T21:54Z,17,75,
2023-02-14T21:59Z,17,75,
2023-02-14T22:04Z,18,75,
2023-02-14T22:09Z,18,74,
2023-02-14T22:14Z,18,74,
2023-02-14T22:19Z,18,74,
2023-02-14T22:24Z,17,74,
2023-02-14T22:29Z,17,74,
2023-02-14T22:34Z,17,74,
2023-02-14T22:39Z,17,74,
2023-02-14T22:44Z,17,74,
2023-02-14T22:49Z,17,74,
2023-02-14T22:54Z,17,74,
2023-02-14T22:59Z,17,74,
2023-02-14T23:04Z,16,74,
2023-02-14T23:09Z,16,74,
2023-02-14T23:14Z,16,75,
2023-02-14T23:19Z,16,74,
2023-02-14T23:24Z,16,75,
2023-02-14T23:29Z,16,75,
2023-02-14T23:34Z,16,75,
2023-02-14T23:39Z,16,75,
2023-02-14T23:44Z,16,75,
2023-02-14T23:49Z,16,75,
2023-02-14T23:54Z,16,75,
2023-02-14T23:59Z,16,75,
2023-02-15T00:04Z,16,75,
2023-02-15T00:09Z,16,75,
2023-02-15T00:14Z,16,75,
2023-02-15T00:19Z,15,75,
2023-02-15T00:24Z,15,76,
2023-02-15T00:29Z,15,76,
2023-02-15T00:34Z,15,76,
2023-02-15T00:39Z,15,76,
2023-02-15T00:44Z,15,76,
2023-02-15T00:49Z,15,76,
2023-02-15T00:54Z,15,76,
2023-02-15T00:59Z,15,76,
2023-02-15T01:04Z,15,76,
2023-02-15T01:09Z,15,76,
2023-02-15T01:14Z,15,76,
2023-02-15T01:19Z,15,76,
2023-02-15T01:24Z,15,76,
2023-02-15T01:29Z,15,76,
2023-02-15T01:34Z,15,76,
2023-02-15T01:39Z,15,76,
2023-02-15T01:44Z,15,76,
2023-02-15T01:49Z,15,76,
2023-02-15T01:54Z,15,76,
2023-02-15T01:59Z,15,76,
2023-02-15T02:04Z,15,76,
2023-02-15T02:09Z,15,76,
2023-02-15T02:14Z,15,76,
2023-02-15T02:19Z,15,76,
2023-02-15T02:24Z,15,76,
2023-02-15T02:29Z,15,76,
2023-02-15T02:34Z,15,76,
2023-02-15T02:39Z,15,76,
2023-02-15T02:44Z,14,76,
2023-02-15T02:49Z,15,76,
2023-02-15T02:54Z,14,76,
2023-02-15T02:59Z,14,76,
2023-02-15T03:04Z,14,76,
2023-02-15T03:09Z,14,76,
2023-02-15T03:14Z,14,76,
2023-02-15T03:19Z,14,76,
2023-02-15T03:24Z,14,76,
2023-02-15T03:29Z,14,76,
2023-02-15T03:33Z,14,76,
2023-02-15T03:38Z,14,76,
2023-02-15T03:43Z,14,76,
2023-02-15T03:48Z,14,76,
2023-02-15T03:53Z,14,76,
2023-02-15T03:58Z,14,76,
2023-02-15T04:03Z,14,76,
2023-02-15T04:08Z,14,76,
2023-02-15T04:13Z,14,75,
2023-02-15T04:18Z,14,76,
2023-02-15T04:23Z,14,76,
2023-02-15T04:28Z,14,76,
2023-02-15T04:33Z,14,76,
2023-02-15T04:38Z,14,75,
2023-02-15T04:43Z,14,76,
2023-02-15T04:48Z,14,75,
2023-02-15T04:53Z,14,76,
2023-02-15T04:58Z,14,75,
2023-02-15T05:03Z,14,75,
2023-02-15T05:08Z,14,76,
2023-02-15T05:13Z,14,75,
2023-02-15T05:18Z,14,75,
2023-02-15T05:23Z,14,75,
2023-02-15T05:28Z,14,75,
2023-02-15T05:33Z,14,75,
2023-02-15T05:38Z,14,75,
2023-02-15T05:43Z,14,75,
2023-02-15T05:48Z,14,75,
2023-02-15T05:53Z,14,75,
2023-02-15T05:58Z,14,75,
2023-02-15T06:03Z,14,75,
2023-02-15T06:08Z,14,75,
2023-02-15T06:13Z,14,75,
2023-02-15T06:18Z,14,75,
2023-02-15T06:23Z,14,75,
2023-02-15T06:28Z,14,75,
2023-02-15T06:33Z,14,75,
2023-02-15T06:38Z,14,75,
2023-02-15T06:43Z,14,75,
2023-02-15T06:48Z,13,75,
2023-02-15T06:53Z,13,75,
2023-02-15T06:58Z,14,75,
2023-02-15T07:03Z,13,75,
2023-02-15T07:08Z,13,75,
2023-02-15T07:13Z,13,75,
2023-02-15T07:18Z,13,75,
2023-02-15T07:23Z,13,75,
2023-02-15T07:28Z,13,75,
2023-02-15T07:33Z,13,75,
2023-02-15T07:38Z,13,75,
2023-02-15T07:43Z,13,75,
2023-02-15T07:48Z,13,75,
2023-02-15T07:53Z,13,75,
2023-02-15T07:58Z,13,75,
2023-02-15T08:03Z,13,75,
2023-02-15T08:08Z,13,75,
2023-02-15T08:13Z,13,75,
2023-02-15T08:18Z,13,75,
2023-02-15T08:23Z,13,75,
2023-02-15T08:28Z,13,75,
2023-02-15T08:33Z,13,75,
2023-02-15T08:38Z,13,75,
2023-02-15T08:43Z,13,75,
2023-02-15T08:48Z,13,75,
2023-02-15T08:53Z,13,75,
2023-02-15T08:58Z,13,75,
2023-02-15T09:03Z,13,75,
2023-02-15T09:08Z,13,75,
2023-02-15T09:13Z,13,75,
2023-02-15T09:18Z,13,75,
2023-02-15T09:23Z,13,75,
2023-02-15T09:28Z,13,75,
2023-02-15T09:33Z,13,75,
2023-02-15T09:38Z,13,75,
2023-02-15T09:43Z,13,75,
2023-02-15T09:48Z,13,75,
2023-02-15T09:53Z,13,75,
2023-02-15T09:58Z,13,75,
2023-02-15T10:03Z,13,75,
2023-02-15T10:08Z,13,75,
2023-02-15T10:13Z,13,76,
2023-02-15T10:18Z,13,75,
2023-02-15T10:23Z,13,75,
2023-02-15T10:28Z,14,76,
2023-02-15T10:33Z,14,76,
2023-02-15T10:38Z,14,75,
2023-02-15T10:43Z,14,75,
2023-02-15T10:48Z,15,75,
2023-02-15T10:53Z,15,75,
2023-02-15T10:58Z,15,75,
2023-02-15T11:03Z,15,74,
2023-02-15T11:08Z,15,74,
2023-02-15T11:13Z,15,73,
2023-02-15T11:18Z,16,73,
2023-02-15T11:23Z,16,72,
2023-02-15T11:28Z,16,72,
2023-02-15T11:33Z,16,72,
2023-02-15T11:37Z,16,72,
2023-02-15T11:42Z,16,72,
2023-02-15T11:47Z,16,72,
2023-02-15T11:52Z,16,72,
2023-02-15T11:57Z,16,71,
2023-02-15T12:02Z,16,72,
2023-02-15T12:07Z,16,71,
2023-02-15T12:12Z,16,71,
2023-02-15T12:17Z,16,72,
2023-02-15T12:22Z,15,73,
2023-02-15T12:27Z,15,73,
2023-02-15T12:32Z,15,73,
2023-02-15T12:37Z,15,73,
2023-02-15T12:42Z,15,73,
2023-02-15T12:47Z,15,73,
2023-02-15T12:52Z,15,73,
2023-02-15T12:57Z,15,73,
2023-02-15T13:02Z,15,73,
2023-02-15T13:07Z,15,73,
2023-02-15T13:12Z,15,73,
2023-02-15T13:17Z,15,72,
2023-02-15T13:22Z,15,73,
2023-02-15T13:27Z,15,73,
2023-02-15T13:32Z,15,73,
2023-02-15T13:37Z,15,73,
2023-02-15T13:42Z,15,73,
2023-02-15T13:47Z,15,73,
2023-02-15T13:52Z,15,73,
2023-02-15T13:57Z,15,72,
2023-02-15T14:02Z,15,73,
2023-02-15T14:07Z,15,73,
2023-02-15T14:12Z,15,73,
2023-02-15T14:17Z,15,73,
2023-02-15T14:22Z,15,72,
2023-02-15T14:27Z,15,73,
2023-02-15T14:32Z,14,73,
2023-02-15T14:37Z,14,73,
2023-02-15T14:42Z,14,73,
2023-02-15T14:47Z,14,73,
2023-02-15T14:52Z,15,73,
2023-02-15T14:57Z,14,73,
2023-02-15T15:02Z,15,73,
2023-02-15T15:07Z,14,73,
2023-02-15T15:12Z,14,73,
2023-02-15T15:17Z,14,73,
2023-02-15T15:22Z,14,73,
2023-02-15T15:27Z,14,73,
2023-02-15T15:32Z,14,73,
2023-02-15T15:37Z,14,73,
2023-02-15T15:42Z,14,74,
2023-02-15T15:47Z,14,74,
2023-02-15T15:52Z,14,74,
2023-02-15T15:57Z,14,74,
2023-02-15T16:02Z,14,74,
2023-02-15T16:07Z,14,74,
2023-02-15T16:12Z,14,74,
2023-02-15T16:17Z,14,74,
2023-02-15T16:22Z,14,74,
2023-02-15T16:27Z,14,74,
2023-02-15T16:32Z,14,74,
2023-02-15T16:37Z,14,74,
2023-02-15T16:42Z,14,74,
2023-02-15T16:47Z,14,74,
2023-02-15T16:52Z,14,74,
2023-02-15T16:57Z,14,74,
2023-02-15T17:02Z,14,74,
2023-02-15T17:07Z,14,74,
2023-02-15T17:12Z,14,74,
2023-02-15T17:17Z,14,74,
2023-02-15T17:22Z,14,74,
2023-02-15T17:27Z,14,74,
2023-02-15T17:32Z,14,74,
2023-02-15T17:37Z,14,75,
2023-02-15T17:42Z,14,75,
2023-02-15T17:47Z,14,74,
2023-02-15T17:52Z,14,74,
2023-02-15T17:57Z,14,74,
2023-02-15T18:02Z,14,74,
2023-02-15T18:07Z,14,74,
2023-02-15T18:12Z,14,74,
2023-02-15T18:17Z,14,75,
2023-02-15T18:22Z,14,74,
2023-02-15T18:27Z,14,75,
2023-02-15T18:32Z,14,75,
2023-02-15T18:37Z,14,75,
2023-02-15T18:42Z,14,75,
2023-02-15T18:47Z,14,75,
2023-02-15T18:52Z,15,75,
2023-02-15T18:57Z,15,75,
2023-02-15T19:02Z,15,75,
2023-02-15T19:07Z,16,74,
2023-02-15T19:12Z,16,73,
2023-02-15T19:17Z,16,74,
2023-02-15T19:22Z,16,74,
2023-02-15T19:27Z,16,74,
2023-02-15T19:32Z,16,74,
2023-02-15T19:37Z,16,75,
2023-02-15T19:42Z,17,75,
2023-02-15T19:46Z,17,75,
2023-02-15T19:51Z,17,75,
2023-02-15T19:56Z,17,75,
2023-02-15T20:01Z,16,75,
2023-02-15T20:06Z,16,74,
2023-02-15T20:11Z,16,75,
2023-02-15T20:16Z,16,74,
2023-02-15T20:21Z,16,74,
2023-02-15T20:26Z,16,74,
2023-02-15T20:31Z,16,74,
2023-02-15T20:36Z,16,74,
2023-02-15T20:41Z,16,74,
2023-02-15T20:46Z,16,74,
2023-02-15T20:51Z,16,74,
2023-02-15T20:56Z,16,74,
2023-02-15T21:01Z,15,76,
2023-02-15T21:06Z,15,76,
2023-02-15T21:11Z,15,76,
2023-02-15T21:16Z,15,76,
2023-02-15T21:21Z,15,76,
2023-02-15T21:26Z,15,76,
2023-02-15T21:31Z,15,76,
2023-02-15T21:36Z,15,76,
2023-02-15T21:41Z,15,76,
2023-02-15T21:46Z,15,76,
2023-02-15T21:51Z,15,76,
2023-02-15T21:56Z,15,76,
2023-02-15T22:01Z,15,76,
2023-02-15T22:06Z,15,76,
2023-02-15T22:11Z,15,75,
2023-02-15T22:16Z,15,76,
2023-02-15T22:21Z,15,75,
2023-02-15T22:26Z,15,75,
2023-02-15T22:31Z,15,76,
2023-02-15T22:36Z,15,75,
2023-02-15T22:41Z,15,76,
2023-02-15T22:46Z,15,76,
2023-02-15T22:51Z,15,76,
2023-02-15T22:56Z,15,75,
2023-02-15T23:01Z,15,75,
2023-02-15T23:06Z,15,75,
2023-02-15T23:11Z,15,75,
2023-02-15T23:16Z,15,76,
2023-02-15T23:21Z,15,76,
2023-02-15T23:26Z,15,75,
2023-02-15T23:31Z,15,75,
2023-02-15T23:36Z,15,76,
2023-02-15T23:41Z,14,75,
2023-02-15T23:46Z,14,75,
2023-02-15T23:51Z,14,75,
2023-02-15T23:56Z,14,75,
2023-02-16T00:01Z,14,75,
2023-02-16T00:06Z,14,76,
2023-02-16T00:11Z,14,75,
2023-02-16T00:16Z,14,75,
2023-02-16T00:21Z,14,76,
2023-02-16T00:26Z,14,75,
2023-02-16T00:31Z,14,76,
2023-02-16T00:36Z,14,76,
2023-02-16T00:41Z,14,76,
2023-02-16T00:46Z,14,76,
2023-02-16T00:51Z,14,75,
2023-02-16T00:56Z,14,75,
2023-02-16T01:01Z,14,76,
2023-02-16T01:06Z,14,76,
2023-02-16T01:11Z,14,76,
2023-02-16T01:16Z,14,76,
2023-02-16T01:21Z,14,76,
2023-02-16T01:26Z,14,75,
2023-02-16T01:31Z,14,75,
2023-02-16T01:36Z,14,76,
2023-02-16T01:41Z,14,75,
2023-02-16T01:46Z,14,76,
2023-02-16T01:51Z,14,75,
2023-02-16T01:56Z,14,75,
2023-02-16T02:01Z,14,75,
2023-02-16T02:06Z,14,76,
2023-02-16T02:11Z,14,75,
2023-02-16T02:16Z,14,76,
2023-02-16T02:21Z,14,76,
2023-02-16T02:26Z,14,76,
2023-02-16T02:31Z,14,76,
2023-02-16T02:36Z,14,76,
2023-02-16T02:41Z,14,76,
2023-02-16T02:46Z,14,76,
2023-02-16T02:51Z,14,75,
2023-02-16T02:56Z,14,76,
2023-02-16T03:01Z,14,75,
2023-02-16T03:06Z,14,76,
2023-02-16T03:11Z,14,76,
2023-02-16T03:16Z,14,76,
2023-02-16T03:21Z,14,76,
2023-02-16T03:26Z,14,76,
2023-02-16T03:31Z,14,76,
2023-02-16T03:36Z,14,76,
2023-02-16T03:41Z,14,76,
2023-02-16T03:46Z,14,76,
2023-02-16T03:50Z,14,76,
2023-02-16T03:55Z,14,76,
2023-02-16T04:00Z,14,76,
2023-02-16T04:05Z,14,76,
2023-02-16T04:10Z,14,76,
2023-02-16T04:15Z,14,76,
2023-02-16T04:20Z,14,76,
2023-02-16T04:25Z,14,75,
2023-02-16T04:30Z,14,76,
2023-02-16T04:35Z,14,76,
2023-02-16T04:40Z,14,76,
2023-02-16T04:45Z,14,76,
2023-02-16T04:50Z,14,76,
2023-02-16T04:55Z,14,76,
2023-02-16T05:00Z,14,76,
2023-02-16T05:05Z,14,76,
2023-02-16T05:10Z,13,76,
2023-02-16T05:15Z,13,76,
2023-02-16T05:20Z,13,76,
2023-02-16T05:25Z,13,76,
2023-02-16T05:30Z,13,76,
2023-02-16T05:35Z,13,76,
2023-02-16T05:40Z,13,76,
2023-02-16T05:45Z,13,76,
2023-02-16T05:50Z,13,76,
2023-02-16T05:55Z,13,76,
2023-02-16T06:00Z,13,76,
2023-02-16T06:05Z,13,76,
2023-02-16T06:10Z,13,76,
2023-02-16T06:15Z,13,76,
2023-02-16T06:20Z,13,76,
2023-02-16T06:25Z,13,76,
2023-02-16T06:30Z,13,76,
2023-02-16T06:35Z,13,76,
2023-02-16T06:40Z,13,76,
2023-02-16T06:45Z,13,76,
2023-02-16T06:50Z,13,76,
2023-02-16T06:55Z,13,76,
2023-02-16T07:00Z,13,76,
2023-02-16T07:05Z,13,76,
2023-02-16T07:10Z,13,76,
2023-02-16T07:15Z,13,76,
2023-02-16T07:20Z,13,76,
2023-02-16T07:25Z,13,76,
2023-02-16T07:30Z,13,76,
2023-02-16T07:35Z,13,76,
2023-02-16T07:40Z,13,76,
2023-02-16T07:45Z,13,76,
2023-02-16T07:50Z,13,76,
2023-02-16T07:55Z,13,76,
2023-02-16T08:00Z,13,76,
2023-02-16T08:05Z,13,76,
2023-02-16T08:10Z,13,76,
2023-02-16T08:15Z,13,76,
2023-02-16T08:20Z,13,76,
2023-02-16T08:25Z,13,76,
2023-02-16T08:30Z,13,76,
2023-02-16T08:35Z,13,76,
2023-02-16T08:40Z,13,76,
2023-02-16T08:45Z,13,76,
2023-02-16T08:50Z,13,76,
2023-02-16T08:55Z,13,76,
2023-02-16T09:00Z,13,76,
2023-02-16T09:05Z,13,76,
2023-02-16T09:10Z,13,76,
2023-02-16T09:15Z,13,76,
2023-02-16T09:20Z,13,76,
2023-02-16T09:25Z,13,76,
2023-02-16T09:30Z,13,76,
2023-02-16T09:35Z,13,76,
2023-02-16T09:40Z,13,76,
2023-02-16T09:45Z,13,76,
2023-02-16T09:50Z,13,76,
2023-02-16T09:55Z,13,76,
2023-02-16T10:00Z,13,77,
2023-02-16T10:05Z,13,77,
2023-02-16T10:10Z,13,78,
2023-02-16T10:15Z,13,78,
2023-02-16T10:20Z,13,78,
2023-02-16T10:25Z,13,78,
2023-02-16T10:30Z,13,78,
2023-02-16T10:35Z,13,78,
2023-02-16T10:40Z,13,78,
2023-02-16T10:45Z,13,78,
2023-02-16T10:50Z,13,78,
2023-02-16T10:55Z,13,78,
2023-02-16T11:00Z,13,78,
2023-02-16T11:05Z,13,78,
2023-02-16T11:10Z,13,79,
2023-02-16T11:15Z,13,79,
2023-02-16T11:20Z,13,79,
2023-02-16T11:25Z,13,79,
2023-02-16T11:30Z,13,79,
2023-02-16T11:35Z,13,79,
2023-02-16T11:40Z,13,79,
2023-02-16T11:45Z,13,79,
2023-02-16T11:50Z,13,79,
2023-02-16T11:54Z,13,79,
2023-02-16T11:59Z,14,79,
2023-02-16T12:04Z,14,79,
2023-02-16T12:09Z,14,79,
2023-02-16T12:14Z,14,79,
2023-02-16T12:19Z,15,79,
2023-02-16T12:24Z,15,79,
2023-02-16T12:29Z,15,79,
2023-02-16T12:34Z,15,79,
2023-02-16T12:39Z,15,78,
2023-02-16T12:44Z,15,78,
2023-02-16T12:49Z,16,77,
2023-02-16T12:54Z,16,77,
2023-02-16T12:59Z,16,77,
2023-02-16T13:04Z,16,77,
2023-02-16T13:09Z,16,77,
2023-02-16T13:14Z,16,77,
2023-02-16T13:19Z,16,77,
2023-02-16T13:24Z,16,76,
2023-02-16T13:29Z,17,76,
2023-02-16T13:34Z,17,76,
2023-02-16T13:39Z,17,76,
2023-02-16T13:44Z,17,76,
2023-02-16T13:49Z,17,76,
2023-02-16T13:54Z,17,76,
2023-02-16T13:59Z,17,76,
2023-02-16T14:04Z,17,76,
2023-02-16T14:09Z,17,76,
2023-02-16T14:14Z,17,76,
2023-02-16T14:19Z,17,76,
2023-02-16T14:24Z,17,75,
2023-02-16T14:29Z,18,75,
2023-02-16T14:34Z,18,75,
2023-02-16T14:39Z,18,75,
2023-02-16T14:44Z,18,75,
2023-02-16T14:49Z,18,74,
2023-02-16T14:54Z,18,74,
2023-02-16T14:59Z,18,74,
2023-02-16T15:04Z,18,73,
2023-02-16T15:09Z,18,73,
2023-02-16T15:14Z,18,73,
2023-02-16T15:19Z,18,73,
2023-02-16T15:24Z,18,72,
2023-02-16T15:29Z,18,71,
2023-02-16T15:34Z,18,71,
2023-02-16T15:39Z,18,70,
2023-02-16T15:44Z,18,70,
2023-02-16T15:49Z,18,70,
2023-02-16T15:54Z,18,70,
2023-02-16T15:59Z,18,71,
2023-02-16T16:04Z,18,71,
2023-02-16T16:09Z,18,71,
2023-02-16T16:14Z,18,71,
2023-02-16T16:19Z,17,71,
2023-02-16T16:24Z,17,71,
2023-02-16T16:29Z,17,72,
2023-02-16T16:34Z,17,72,
2023-02-16T16:39Z,17,71,
2023-02-16T16:44Z,17,71,
2023-02-16T16:49Z,17,71,
2023-02-16T16:54Z,17,71,
2023-02-16T16:59Z,17,72,
2023-02-16T17:04Z,17,71,
2023-02-16T17:09Z,17,71,
2023-02-16T17:14Z,17,72,
2023-02-16T17:19Z,16,72,
2023-02-16T17:24Z,16,71,
2023-02-16T17:29Z,16,72,
2023-02-16T17:34Z,16,71,
2023-02-16T17:39Z,16,72,
2023-02-16T17:44Z,16,71,
2023-02-16T17:49Z,16,71,
2023-02-16T17:54Z,16,72,
2023-02-16T17:59Z,16,72,
2023-02-16T18:04Z,16,72,
2023-02-16T18:09Z,16,72,
2023-02-16T18:14Z,16,72,
2023-02-16T18:19Z,16,72,
2023-02-16T18:24Z,16,72,
2023-02-16T18:29Z,16,72,
2023-02-16T18:34Z,16,72,
2023-02-16T18:39Z,16,72,
2023-02-16T18:44Z,16,72,
2023-02-16T18:49Z,16,72,
2023-02-16T18:54Z,16,72,
2023-02-16T18:59Z,16,72,
2023-02-16T19:04Z,16,72,
2023-02-16T19:09Z,17,71,
2023-02-16T19:14Z,17,71,
2023-02-16T19:19Z,17,71,
2023-02-16T19:24Z,17,71,
2023-02-16T19:29Z,17,71,
2023-02-16T19:34Z,17,71,
2023-02-16T19:39Z,18,70,
2023-02-16T19:44Z,18,70,
2023-02-16T19:49Z,18,70,
2023-02-16T19:54Z,18,70,
2023-02-16T19:59Z,18,70,
2023-02-16T20:03Z,18,70,
2023-02-16T20:08Z,18,70,
2023-02-16T20:13Z,18,70,
2023-02-16T20:18Z,18,69,
2023-02-16T20:23Z,18,69,
2023-02-16T20:28Z,18,69,
2023-02-16T20:33Z,18,69,
2023-02-16T20:38Z,19,69,
2023-02-16T20:43Z,19,69,
2023-02-16T20:48Z,18,69,
2023-02-16T20:53Z,18,69,
2023-02-16T20:58Z,18,69,
2023-02-16T21:03Z,18,69,
2023-02-16T21:08Z,18,69,
2023-02-16T21:13Z,18,70,
2023-02-16T21:18Z,18,70,
2023-02-16T21:23Z,18,71,
2023-02-16T21:28Z,18,71,
2023-02-16T21:33Z,17,71,
2023-02-16T21:38Z,17,71,
2023-02-16T21:43Z,17,71,
2023-02-16T21:48Z,17,71,
2023-02-16T21:53Z,17,71,
2023-02-16T21:58Z,17,71,
2023-02-16T22:03Z,17,71,
2023-02-16T22:08Z,17,71,
2023-02-16T22:13Z,17,71,
2023-02-16T22:18Z,17,71,
2023-02-16T22:23Z,17,71,
2023-02-16T22:28Z,17,71,
2023-02-16T22:33Z,17,71,
2023-02-16T22:38Z,17,71,
2023-02-16T22:43Z,17,71,
2023-02-16T22:48Z,17,71,
2023-02-16T22:53Z,17,71,
2023-02-16T22:58Z,17,71,
2023-02-16T23:03Z,17,71,
2023-02-16T23:08Z,16,71,
2023-02-16T23:13Z,16,71,
2023-02-16T23:18Z,16,71,
2023-02-16T23:23Z,16,71,
2023-02-16T23:28Z,16,71,
2023-02-16T23:33Z,16,71,
2023-02-16T23:38Z,16,71,
2023-02-16T23:43Z,16,71,
2023-02-16T23:48Z,16,71,
2023-02-16T23:53Z,16,71,
2023-02-16T23:58Z,16,71,
2023-02-17T00:03Z,16,71,
2023-02-17T00:08Z,16,71,
2023-02-17T00:13Z,16,72,
2023-02-17T00:18Z,16,71,
2023-02-17T00:23Z,16,72,
2023-02-17T00:28Z,16,72,
2023-02-17T00:33Z,16,72,
2023-02-17T00:38Z,16,71,
2023-02-17T00:43Z,16,72,
2023-02-17T00:48Z,16,72,
2023-02-17T00:53Z,16,72,
2023-02-17T00:58Z,16,72,
2023-02-17T01:03Z,16,72,
2023-02-17T01:08Z,16,72,
2023-02-17T01:13Z,16,72,
2023-02-17T01:18Z,16,72,
2023-02-17T01:23Z,16,72,
2023-02-17T01:28Z,16,72,
2023-02-17T01:33Z,16,72,
2023-02-17T01:38Z,16,72,
2023-02-17T01:43Z,16,72,
2023-02-17T01:48Z,16,73,
2023-02-17T01:53Z,16,73,
2023-02-17T01:58Z,16,73,
2023-02-17T02:03Z,15,73,
2023-02-17T02:08Z,15,74,
2023-02-17T02:13Z,15,74,
2023-02-17T02:18Z,15,74,
2023-02-17T02:23Z,15,74,
2023-02-17T02:28Z,15,74,
2023-02-17T02:33Z,15,74,
2023-02-17T02:38Z,15,74,
2023-02-17T02:43Z,15,74,
2023-02-17T02:48Z,15,74,
2023-02-17T02:53Z,15,74,
2023-02-17T02:58Z,15,75,
2023-02-17T03:03Z,15,75,
2023-02-17T03:08Z,15,75,
2023-02-17T03:13Z,15,74,
2023-02-17T03:18Z,15,75,
2023-02-17T03:23Z,15,75,
2023-02-17T03:28Z,15,75,
2023-02-17T03:33Z,15,75,
2023-02-17T03:38Z,15,75,
2023-02-17T03:43Z,15,75,
2023-02-17T03:48Z,15,75,
2023-02-17T03:53Z,15,75,
2023-02-17T03:58Z,15,75,
2023-02-17T04:03Z,15,75,
2023-02-17T04:07Z,15,75,
2023-02-17T04:12Z,15,75,
2023-02-17T04:17Z,15,75,
2023-02-17T04:22Z,15,75,
2023-02-17T04:27Z,15,75,
2023-02-17T04:32Z,15,75,
2023-02-17T04:37Z,15,75,
2023-02-17T04:42Z,15,75,
2023-02-17T04:47Z,15,75,
2023-02-17T04:52Z,15,75,
2023-02-17T04:57Z,15,75,
2023-02-17T05:02Z,15,75,
2023-02-17T05:07Z,15,75,
2023-02-17T05:12Z,15,75,
2023-02-17T05:17Z,15,75,
2023-02-17T05:22Z,15,75,
2023-02-17T05:27Z,15,75,
2023-02-17T05:32Z,15,75,
2023-02-17T05:37Z,15,75,
2023-02-17T05:42Z,15,75,
2023-02-17T05:47Z,15,75,
2023-02-17T05:52Z,15,75,
2023-02-17T05:57Z,15,75,
2023-02-17T06:02Z,15,75,
2023-02-17T06:07Z,15,75,
2023-02-17T06:12Z,15,75,
2023-02-17T06:17Z,15,75,
2023-02-17T06:22Z,15,75,
2023-02-17T06:27Z,15,75,
2023-02-17T06:32Z,15,75,
2023-02-17T06:37Z,15,75,
2023-02-17T06:42Z,15,75,
2023-02-17T06:47Z,15,75,
2023-02-17T06:52Z,15,74,
2023-02-17T06:57Z,15,75,
2023-02-17T07:02Z,15,75,
2023-02-17T07:07Z,15,74,
2023-02-17T07:12Z,15,74,
2023-02-17T07:17Z,15,74,
2023-02-17T07:22Z,14,74,
2023-02-17T07:27Z,14,74,
2023-02-17T07:32Z,14,74,
2023-02-17T07:37Z,14,74,
2023-02-17T07:42Z,14,74,
2023-02-17T07:47Z,14,74,
2023-02-17T07:52Z,14,74,
2023-02-17T07:57Z,14,74,
2023-02-17T08:02Z,14,74,
2023-02-17T08:07Z,14,74,
2023-02-17T08:12Z,14,74,
2023-02-17T08:17Z,14,74,
2023-02-17T08:22Z,14,74,
2023-02-17T08:27Z,14,74,
2023-02-17T08:32Z,14,74,
2023-02-17T08:37Z,14,74,
2023-02-17T08:42Z,14,74,
2023-02-17T08:47Z,14,74,
2023-02-17T08:52Z,14,74,
2023-02-17T08:57Z,14,73,
2023-02-17T09:02Z,14,73,
2023-02-17T09:07Z,14,74,
2023-02-17T09:12Z,14,73,
2023-02-17T09:17Z,14,74,
2023-02-17T09:22Z,14,74,
2023-02-17T09:27Z,14,73,
2023-02-17T09:32Z,14,73,
2023-02-17T09:37Z,14,73,
2023-02-17T09:42Z,14,74,
2023-02-17T09:47Z,14,74,
2023-02-17T09:52Z,14,73,
2023-02-17T09:57Z,14,73,
2023-02-17T10:02Z,14,73,
2023-02-17T10:07Z,14,73,
2023-02-17T10:12Z,14,73,
2023-02-17T10:17Z,14,73,
2023-02-17T10:22Z,14,73,
2023-02-17T10:27Z,14,73,
2023-02-17T10:32Z,14,73,
2023-02-17T10:37Z,14,73,
2023-02-17T10:42Z,14,73,
2023-02-17T10:47Z,14,73,
2023-02-17T10:52Z,14,73,
2023-02-17T10:57Z,14,73,
2023-02-17T11:02Z,14,73,
2023-02-17T11:07Z,14,73,
2023-02-17T11:12Z,14,73,
2023-02-17T11:17Z,14,73,
2023-02-17T11:22Z,14,73,
2023-02-17T11:27Z,14,73,
2023-02-17T11:32Z,14,73,
2023-02-17T11:37Z,14,73,
2023-02-17T11:42Z,14,73,
2023-02-17T11:47Z,14,73,
2023-02-17T11:52Z,14,72,
2023-02-17T11:57Z,14,72,
2023-02-17T12:02Z,14,73,
2023-02-17T12:07Z,14,73,
2023-02-17T12:11Z,14,72,
2023-02-17T12:16Z,14,73,
2023-02-17T12:21Z,14,72,
2023-02-17T12:26Z,14,73,
2023-02-17T12:31Z,14,72,
2023-02-17T12:36Z,14,72,
2023-02-17T12:41Z,14,72,
2023-02-17T12:46Z,14,72,
2023-02-17T12:51Z,14,72,
2023-02-17T12:56Z,14,72,
2023-02-17T13:01Z,14,72,
2023-02-17T13:06Z,14,72,
2023-02-17T13:11Z,14,72,
2023-02-17T13:16Z,14,72,
2023-02-17T13:21Z,14,72,
2023-02-17T13:26Z,14,72,
2023-02-17T13:31Z,14,72,
2023-02-17T13:36Z,14,72,
2023-02-17T13:41Z,14,72,
2023-02-17T13:46Z,14,72,
2023-02-17T13:51Z,14,72,
2023-02-17T13:56Z,14,72,
2023-02-17T14:01Z,14,72,
2023-02-17T14:06Z,14,72,
2023-02-17T14:11Z,14,72,
2023-02-17T14:16Z,14,71,
2023-02-17T14:21Z,14,71,
2023-02-17T14:26Z,14,71,
2023-02-17T14:31Z,14,72,
2023-02-17T14:36Z,14,72,
2023-02-17T14:41Z,14,72,
2023-02-17T14:46Z,14,71,
2023-02-17T14:51Z,14,72,
2023-02-17T14:56Z,14,72,
2023-02-17T15:01Z,14,71,
2023-02-17T15:06Z,14,71,
2023-02-17T15:11Z,14,72,
2023-02-17T15:16Z,14,71,
2023-02-17T15:21Z,14,72,
2023-02-17T15:26Z,14,71,
2023-02-17T15:31Z,14,72,
2023-02-17T15:36Z,14,71,
2023-02-17T15:41Z,14,72,
2023-02-17T15:46Z,14,71,
2023-02-17T15:51Z,14,71,
2023-02-17T15:56Z,14,72,
2023-02-17T16:01Z,14,71,
2023-02-17T16:06Z,14,72,
2023-02-17T16:11Z,14,72,
2023-02-17T16:16Z,14,72,
2023-02-17T16:21Z,14,72,
2023-02-17T16:26Z,14,71,
2023-02-17T16:31Z,14,72,
2023-02-17T16:36Z,14,72,
2023-02-17T16:41Z,14,72,
2023-02-17T16:46Z,14,72,
2023-02-17T16:51Z,14,72,
2023-02-17T16:56Z,14,71,
2023-02-17T17:01Z,14,72,
2023-02-17T17:06Z,14,72,
2023-02-17T17:11Z,14,72,
2023-02-17T17:16Z,14,72,
2023-02-17T17:21Z,14,72,
2023-02-17T17:26Z,14,71,
2023-02-17T17:31Z,14,72,
2023-02-17T17:36Z,14,72,
2023-02-17T17:41Z,14,72,
2023-02-17T17:46Z,14,72,
2023-02-17T17:51Z,14,72,
2023-02-17T17:56Z,14,72,
2023-02-17T18:01Z,14,72,
2023-02-17T18:06Z,14,73,
2023-02-17T18:11Z,14,73,
2023-02-17T18:16Z,15,72,
2023-02-17T18:21Z,15,72,
2023-02-17T18:26Z,15,72,
2023-02-17T18:31Z,15,72,
2023-02-17T18:36Z,15,72,
2023-02-17T18:41Z,15,70,
2023-02-17T18:46Z,16,70,
2023-02-17T18:51Z,16,70,
2023-02-17T18:56Z,16,70,
2023-02-17T19:01Z,16,69,
2023-02-17T19:06Z,16,69,
2023-02-17T19:11Z,16,69,
2023-02-17T19:16Z,16,69,
2023-02-17T19:21Z,16,69,
2023-02-17T19:26Z,17,69,
2023-02-17T19:31Z,17,70,
2023-02-17T19:36Z,17,70,
2023-02-17T19:41Z,17,70,
2023-02-17T19:46Z,17,71,
2023-02-17T19:51Z,17,71,
2023-02-17T19:56Z,17,71,
2023-02-17T20:01Z,17,72,
2023-02-17T20:06Z,17,73,
2023-02-17T20:11Z,17,73,
2023-02-17T20:16Z,17,74,
2023-02-17T20:20Z,18,74,
2023-02-17T20:25Z,18,74,
2023-02-17T20:30Z,18,74,
2023-02-17T20:35Z,18,74,
2023-02-17T20:40Z,18,74,
2023-02-17T20:45Z,18,74,
2023-02-17T20:50Z,18,74,
2023-02-17T20:55Z,18,73,
2023-02-17T21:00Z,18,73,
2023-02-17T21:05Z,18,73,
2023-02-17T21:10Z,19,73,
2023-02-17T21:15Z,18,73,
2023-02-17T21:20Z,19,74,
2023-02-17T21:25Z,19,74,
2023-02-17T21:30Z,19,75,
2023-02-17T21:35Z,19,75,
2023-02-17T21:40Z,19,75,
2023-02-17T21:45Z,19,75,
2023-02-17T21:50Z,19,75,
2023-02-17T21:55Z,19,74,
2023-02-17T22:00Z,19,74,
2023-02-17T22:05Z,18,74,
2023-02-17T22:10Z,18,74,
2023-02-17T22:15Z,18,75,
2023-02-17T22:20Z,18,75,
2023-02-17T22:25Z,18,75,
2023-02-17T22:30Z,18,75,
2023-02-17T22:35Z,18,75,
2023-02-17T22:40Z,17,75,
2023-02-17T22:45Z,17,75,
2023-02-17T22:50Z,17,75,
2023-02-17T22:55Z,17,74,
2023-02-17T23:00Z,17,74,
2023-02-17T23:05Z,17,74,
2023-02-17T23:10Z,17,74,
2023-02-17T23:15Z,17,74,
2023-02-17T23:20Z,17,74,
2023-02-17T23:25Z,17,74,
2023-02-17T23:30Z,17,74,
2023-02-17T23:35Z,17,74,
2023-02-17T23:40Z,17,74,
2023-02-17T23:45Z,16,73,
2023-02-17T23:50Z,16,74,
2023-02-17T23:55Z,16,73,
2023-02-18T00:00Z,16,73,
2023-02-18T00:05Z,16,73,
2023-02-18T00:10Z,16,73,
2023-02-18T00:15Z,16,73,
2023-02-18T00:20Z,16,73,
2023-02-18T00:25Z,16,73,
2023-02-18T00:30Z,16,73,
2023-02-18T00:35Z,16,73,
2023-02-18T00:40Z,16,73,
2023-02-18T00:45Z,16,73,
2023-02-18T00:50Z,16,73,
2023-02-18T00:55Z,16,73,
2023-02-18T01:00Z,16,73,
2023-02-18T01:05Z,16,73,
2023-02-18T01:10Z,16,73,
2023-02-18T01:15Z,16,73,
2023-02-18T01:20Z,16,73,
2023-02-18T01:25Z,16,73,
2023-02-18T01:30Z,15,73,
2023-02-18T01:35Z,16,72,
2023-02-18T01:40Z,15,74,
2023-02-18T01:45Z,15,74,
2023-02-18T01:50Z,15,74,
2023-02-18T01:55Z,15,73,
2023-02-18T02:00Z,15,73,
2023-02-18T02:05Z,15,74,
2023-02-18T02:10Z,15,73,
2023-02-18T02:15Z,15,74,
2023-02-18T02:20Z,15,74,
2023-02-18T02:25Z,15,74,
2023-02-18T02:30Z,15,73,
2023-02-18T02:35Z,15,74,
2023-02-18T02:40Z,15,74,
2023-02-18T02:45Z,15,73,
2023-02-18T02:50Z,15,74,
2023-02-18T02:55Z,15,74,
2023-02-18T03:00Z,15,74,
2023-02-18T03:05Z,15,73,
2023-02-18T03:10Z,15,73,
2023-02-18T03:15Z,15,73,
2023-02-18T03:20Z,15,73,
2023-02-18T03:25Z,15,73,
2023-02-18T03:30Z,15,73,
2023-02-18T03:35Z,15,73,
2023-02-18T03:40Z,15,73,
2023-02-18T03:45Z,15,73,
2023-02-18T03:50Z,15,73,
2023-02-18T03:55Z,15,73,
2023-02-18T04:00Z,15,73,
2023-02-18T04:05Z,15,73,
2023-02-18T04:10Z,15,73,
2023-02-18T04:15Z,15,73,
2023-02-18T04:20Z,15,73,
2023-02-18T04:24Z,15,73,
2023-02-18T04:29Z,15,73,
2023-02-18T04:34Z,15,73,
2023-02-18T04:39Z,15,73,
2023-02-18T04:44Z,15,73,
2023-02-18T04:49Z,15,73,
2023-02-18T04:54Z,15,73,
2023-02-18T04:59Z,14,73,
2023-02-18T05:04Z,14,73,
2023-02-18T05:09Z,14,73,
2023-02-18T05:14Z,14,73,
2023-02-18T05:19Z,14,73,
2023-02-18T05:24Z,14,73,
2023-02-18T05:29Z,14,73,
2023-02-18T05:34Z,14,73,
2023-02-18T05:39Z,14,74,
2023-02-18T05:44Z,14,73,
2023-02-18T05:49Z,14,73,
2023-02-18T05:54Z,14,74,
2023-02-18T05:59Z,14,73,
2023-02-18T06:04Z,14,73,
2023-02-18T06:09Z,14,73,
2023-02-18T06:14Z,14,74,
2023-02-18T06:19Z,14,74,
2023-02-18T06:24Z,14,73,
2023-02-18T06:29Z,14,74,
2023-02-18T06:34Z,14,73,
2023-02-18T06:39Z,14,73,
2023-02-18T06:44Z,14,74,
2023-02-18T06:49Z,14,74,
2023-02-18T06:54Z,14,73,
2023-02-18T06:59Z,14,74,
2023-02-18T07:04Z,14,74,
2023-02-18T07:09Z,14,73,
2023-02-18T07:14Z,14,74,
2023-02-18T07:19Z,14,74,
2023-02-18T07:24Z,14,74,
2023-02-18T07:29Z,14,74,
2023-02-18T07:34Z,14,74,
2023-02-18T07:39Z,14,74,
2023-02-18T07:44Z,14,73,
2023-02-18T07:49Z,14,74,
2023-02-18T07:54Z,14,74,
2023-02-18T07:59Z,14,74,
2023-02-18T08:04Z,14,74,
2023-02-18T08:09Z,14,74,
2023-02-18T08:14Z,14,74,
2023-02-18T08:19Z,14,74,
2023-02-18T08:24Z,14,74,
2023-02-18T08:29Z,14,74,
2023-02-18T08:34Z,14,74,
2023-02-18T08:39Z,14,74,
2023-02-18T08:44Z,14,74,
2023-02-18T08:49Z,14,74,
2023-02-18T08:54Z,14,74,
2023-02-18T08:59Z,14,74,
2023-02-18T09:04Z,14,74,
2023-02-18T09:09Z,14,74,
2023-02-18T09:14Z,14,74,
2023-02-18T09:19Z,14,74,
2023-02-18T09:24Z,14,74,
2023-02-18T09:29Z,14,74,
2023-02-18T09:34Z,14,74,
2023-02-18T09:39Z,14,74,
2023-02-18T09:44Z,14,74,
2023-02-18T09:49Z,14,74,
2023-02-18T09:54Z,14,74,
2023-02-18T09:59Z,14,74,
2023-02-18T10:04Z,14,74,
2023-02-18T10:09Z,14,74,
2023-02-18T10:14Z,14,74,
2023-02-18T10:19Z,14,74,
2023-02-18T10:24Z,14,74,
2023-02-18T10:29Z,14,74,
2023-02-18T10:34Z,14,74,
2023-02-18T10:39Z,14,74,
2023-02-18T10:44Z,14,74,
2023-02-18T10:49Z,14,74,
2023-02-18T10:54Z,14,74,
2023-02-18T10:59Z,14,74,
2023-02-18T11:04Z,14,74,
2023-02-18T11:09Z,14,74,
2023-02-18T11:14Z,14,74,
2023-02-18T11:19Z,14,74,
2023-02-18T11:24Z,14,75,
2023-02-18T11:29Z,14,74,
2023-02-18T11:34Z,14,74,
2023-02-18T11:39Z,14,74,
2023-02-18T11:44Z,14,74,
2023-02-18T11:49Z,14,74,
2023-02-18T11:54Z,14,74,
2023-02-18T11:59Z,14,74,
2023-02-18T12:04Z,14,74,
2023-02-18T12:09Z,14,74,
2023-02-18T12:14Z,14,74,
2023-02-18T12:19Z,14,74,
2023-02-18T12:24Z,14,74,
2023-02-18T12:28Z,14,74,
2023-02-18T12:33Z,14,74,
2023-02-18T12:38Z,14,74,
2023-02-18T12:43Z,14,74,
2023-02-18T12:48Z,14,74,
2023-02-18T12:53Z,14,74,
2023-02-18T12:58Z,14,74,
2023-02-18T13:03Z,14,74,
2023-02-18T13:08Z,14,74,
2023-02-18T13:13Z,14,74,
2023-02-18T13:18Z,14,74,
2023-02-18T13:23Z,14,74,
2023-02-18T13:28Z,14,74,
2023-02-18T13:33Z,14,74,
2023-02-18T13:38Z,14,74,
2023-02-18T13:43Z,14,74,
2023-02-18T13:48Z,14,74,
2023-02-18T13:53Z,14,74,
2023-02-18T13:58Z,14,75,
2023-02-18T14:03Z,14,74,
2023-02-18T14:08Z,14,74,
2023-02-18T14:13Z,14,74,
2023-02-18T14:18Z,14,74,
2023-02-18T14:23Z,14,74,
2023-02-18T14:28Z,14,74,
2023-02-18T14:33Z,14,75,
2023-02-18T14:38Z,14,75,
2023-02-18T14:43Z,14,75,
2023-02-18T14:48Z,14,75,
2023-02-18T14:53Z,14,75,
2023-02-18T14:58Z,14,75,
2023-02-18T15:03Z,14,74,
2023-02-18T15:08Z,14,75,
2023-02-18T15:13Z,14,74,
2023-02-18T15:18Z,14,75,
2023-02-18T15:23Z,14,75,
2023-02-18T15:28Z,13,75,
2023-02-18T15:33Z,14,75,
2023-02-18T15:38Z,14,75,
2023-02-18T15:43Z,13,75,
2023-02-18T15:48Z,14,74,
2023-02-18T15:53Z,14,75,
2023-02-18T15:58Z,13,75,
2023-02-18T16:03Z,13,75,
2023-02-18T16:08Z,13,75,
2023-02-18T16:13Z,13,75,
2023-02-18T16:18Z,13,75,
2023-02-18T16:23Z,13,75,
2023-02-18T16:28Z,13,75,
2023-02-18T16:33Z,13,75,
2023-02-18T16:38Z,13,75,
2023-02-18T16:43Z,13,75,
2023-02-18T16:48Z,13,75,
2023-02-18T16:53Z,13,75,
2023-02-18T16:58Z,13,75,
2023-02-18T17:03Z,13,75,
2023-02-18T17:08Z,13,75,
2023-02-18T17:13Z,13,75,
2023-02-18T17:18Z,13,75,
2023-02-18T17:23Z,13,75,
2023-02-18T17:28Z,13,75,
2023-02-18T17:33Z,13,75,
2023-02-18T17:38Z,13,75,
2023-02-18T17:43Z,13,75,
2023-02-18T17:48Z,13,75,
2023-02-18T17:53Z,13,75,
2023-02-18T17:58Z,13,75,
2023-02-18T18:03Z,13,75,
2023-02-18T18:08Z,13,75,
2023-02-18T18:13Z,13,75,
2023-02-18T18:18Z,13,75,
2023-02-18T18:23Z,13,75,
2023-02-18T18:28Z,13,75,
2023-02-18T18:33Z,13,75,
2023-02-18T18:38Z,13,75,
2023-02-18T18:43Z,13,75,
2023-02-18T18:48Z,13,75,
2023-02-18T18:53Z,13,75,
2023-02-18T18:58Z,13,75,
2023-02-18T19:03Z,13,75,
2023-02-18T19:08Z,13,75,
2023-02-18T19:13Z,13,75,
2023-02-18T19:18Z,13,75,
2023-02-18T19:23Z,13,75,
2023-02-18T19:28Z,13,75,
2023-02-18T19:33Z,13,75,
2023-02-18T19:38Z,13,75,
2023-02-18T19:43Z,13,75,
2023-02-18T19:48Z,13,75,
2023-02-18T19:53Z,13,75,
2023-02-18T19:58Z,13,76,
2023-02-18T20:03Z,13,75,
2023-02-18T20:08Z,13,75,
2023-02-18T20:13Z,13,75,
2023-02-18T20:18Z,13,76,
2023-02-18T20:23Z,13,76,
2023-02-18T20:28Z,13,75,
2023-02-18T20:33Z,13,75,
2023-02-18T20:37Z,13,76,
2023-02-18T20:42Z,13,75,
2023-02-18T20:47Z,13,75,
2023-02-18T20:52Z,13,76,
2023-02-18T20:57Z,13,75,
2023-02-18T21:02Z,13,77,
2023-02-18T21:07Z,13,75,
2023-02-18T21:12Z,13,75,
2023-02-18T21:17Z,13,77,
2023-02-18T21:22Z,13,77,
2023-02-18T21:27Z,13,75,
2023-02-18T21:32Z,13,77,
2023-02-18T21:37Z,13,77,
2023-02-18T21:42Z,13,77,
2023-02-18T21:47Z,13,77,
2023-02-18T21:52Z,13,77,
2023-02-18T21:57Z,13,77,
2023-02-18T22:02Z,13,77,
2023-02-18T22:07Z,13,77,
2023-02-18T22:12Z,13,77,
2023-02-18T22:17Z,13,77,
2023-02-18T22:22Z,13,77,
2023-02-18T22:27Z,13,77,
2023-02-18T22:32Z,13,77,
2023-02-18T22:37Z,12,77,
2023-02-18T22:42Z,13,77,
2023-02-18T22:47Z,13,77,
2023-02-18T22:52Z,13,77,
2023-02-18T22:57Z,12,77,
2023-02-18T23:02Z,13,77,
2023-02-18T23:07Z,13,77,
2023-02-18T23:12Z,13,77,
2023-02-18T23:17Z,12,77,
2023-02-18T23:22Z,12,77,
2023-02-18T23:27Z,12,77,
2023-02-18T23:32Z,13,77,
2023-02-18T23:37Z,12,77,
2023-02-18T23:42Z,12,77,
2023-02-18T23:47Z,12,77,
2023-02-18T23:52Z,12,77,
2023-02-18T23:57Z,12,77,
2023-02-19T00:02Z,12,77,
2023-02-19T00:07Z,12,77,
2023-02-19T00:12Z,12,77,
2023-02-19T00:17Z,12,77,
2023-02-19T00:22Z,12,77,
2023-02-19T00:27Z,12,77,
2023-02-19T00:32Z,12,77,
2023-02-19T00:37Z,12,77,
2023-02-19T00:42Z,12,77,
2023-02-19T00:47Z,12,77,
2023-02-19T00:52Z,12,77,
2023-02-19T00:57Z,12,77,
2023-02-19T01:02Z,12,77,
2023-02-19T01:07Z,12,77,
2023-02-19T01:12Z,12,77,
2023-02-19T01:17Z,12,77,
2023-02-19T01:22Z,12,77,
2023-02-19T01:27Z,12,77,
2023-02-19T01:32Z,12,77,
2023-02-19T01:37Z,12,77,
2023-02-19T01:42Z,12,77,
2023-02-19T01:47Z,12,77,
2023-02-19T01:52Z,12,77,
2023-02-19T01:57Z,12,77,
2023-02-19T02:02Z,12,77,
2023-02-19T02:07Z,12,77,
2023-02-19T02:12Z,12,77,
2023-02-19T02:17Z,12,77,
2023-02-19T02:22Z,12,77,
2023-02-19T02:27Z,12,77,
2023-02-19T02:32Z,12,77,
2023-02-19T02:37Z,12,77,
2023-02-19T02:42Z,12,77,
2023-02-19T02:47Z,12,77,
2023-02-19T02:52Z,12,77,
2023-02-19T02:57Z,12,77,
2023-02-19T03:02Z,12,77,
2023-02-19T03:07Z,12,77,
2023-02-19T03:12Z,12,77,
2023-02-19T03:17Z,12,77,
2023-02-19T03:22Z,12,77,
2023-02-19T03:27Z,12,77,
2023-02-19T03:32Z,12,77,
2023-02-19T03:37Z,11,77,
2023-02-19T03:42Z,12,77,
2023-02-19T03:47Z,11,77,
2023-02-19T03:52Z,11,77,
2023-02-19T03:57Z,11,77,
2023-02-19T04:02Z,11,77,
2023-02-19T04:07Z,11,77,
2023-02-19T04:12Z,11,77,
2023-02-19T04:17Z,11,77,
2023-02-19T04:22Z,11,77,
2023-02-19T04:27Z,11,77,
2023-02-19T04:32Z,11,77,
2023-02-19T04:37Z,11,77,
2023-02-19T04:41Z,11,77,
2023-02-19T04:46Z,11,77,
2023-02-19T04:51Z,11,77,
2023-02-19T04:56Z,11,77,
2023-02-19T05:01Z,11,77,
2023-02-19T05:06Z,11,77,
2023-02-19T05:11Z,11,77,
2023-02-19T05:16Z,11,77,
2023-02-19T05:21Z,11,77,
2023-02-19T05:26Z,11,77,
2023-02-19T05:31Z,11,77,
2023-02-19T05:36Z,11,77,
2023-02-19T05:41Z,11,77,
2023-02-19T05:46Z,11,77,
2023-02-19T05:51Z,11,77,
2023-02-19T05:56Z,11,77,
2023-02-19T06:01Z,11,77,
2023-02-19T06:06Z,11,77,
2023-02-19T06:11Z,11,77,
2023-02-19T06:16Z,11,77,
2023-02-19T06:21Z,11,77,
2023-02-19T06:26Z,11,77,
2023-02-19T06:31Z,11,77,
2023-02-19T06:36Z,11,77,
2023-02-19T06:41Z,11,77,
2023-02-19T06:46Z,11,77,
2023-02-19T06:51Z,11,77,
2023-02-19T06:56Z,11,77,
2023-02-19T07:01Z,11,77,
2023-02-19T07:06Z,11,77,
2023-02-19T07:11Z,11,77,
2023-02-19T07:16Z,11,77,
2023-02-19T07:21Z,11,77,
2023-02-19T07:26Z,11,77,
2023-02-19T07:31Z,11,77,
2023-02-19T07:36Z,11,77,
2023-02-19T07:41Z,11,77,
2023-02-19T07:46Z,11,77,
2023-02-19T07:51Z,11,77,
2023-02-19T07:56Z,11,77,
2023-02-19T08:01Z,11,77,
2023-02-19T08:06Z,11,77,
2023-02-19T08:11Z,11,77,
2023-02-19T08:16Z,11,77,
2023-02-19T08:21Z,11,77,
2023-02-19T08:26Z,11,77,
2023-02-19T08:31Z,11,77,
2023-02-19T08:36Z,11,77,
2023-02-19T08:41Z,11,77,
2023-02-19T08:46Z,11,77,
2023-02-19T08:51Z,11,77,
2023-02-19T08:56Z,11,77,
2023-02-19T09:01Z,11,77,
2023-02-19T09:06Z,11,77,
2023-02-19T09:11Z,11,77,
2023-02-19T09:16Z,11,77,
2023-02-19T09:21Z,11,77,
2023-02-19T09:26Z,11,77,
2023-02-19T09:31Z,11,77,
2023-02-19T09:36Z,11,77,
2023-02-19T09:41Z,11,77,
2023-02-19T09:46Z,11,77,
2023-02-19T09:51Z,11,78,
2023-02-19T09:56Z,11,78,
2023-02-19T10:01Z,11,78,
2023-02-19T10:06Z,11,78,
2023-02-19T10:11Z,12,78,
2023-02-19T10:16Z,12,78,
2023-02-19T10:21Z,12,78,
2023-02-19T10:26Z,12,79,
2023-02-19T10:31Z,12,78,
2023-02-19T10:36Z,13,79,
2023-02-19T10:41Z,13,79,
2023-02-19T10:46Z,13,77,
2023-02-19T10:51Z,13,78,
2023-02-19T10:56Z,13,78,
2023-02-19T11:01Z,13,77,
2023-02-19T11:06Z,13,77,
2023-02-19T11:11Z,13,78,
2023-02-19T11:16Z,13,78,
2023-02-19T11:21Z,13,78,
2023-02-19T11:26Z,13,78,
2023-02-19T11:31Z,14,77,
2023-02-19T11:36Z,14,77,
2023-02-19T11:41Z,14,77,
2023-02-19T11:46Z,14,77,
2023-02-19T11:51Z,14,77,
2023-02-19T11:56Z,14,77,
2023-02-19T12:01Z,14,77,
2023-02-19T12:06Z,14,78,
2023-02-19T12:11Z,14,79,
2023-02-19T12:16Z,14,79,
2023-02-19T12:21Z,14,79,
2023-02-19T12:26Z,14,79,
2023-02-19T12:31Z,14,79,
2023-02-19T12:36Z,14,79,
2023-02-19T12:41Z,14,79,
2023-02-19T12:45Z,14,79,
2023-02-19T12:50Z,14,79,
2023-02-19T12:55Z,14,79,
2023-02-19T13:00Z,14,79,
2023-02-19T13:05Z,14,79,
2023-02-19T13:10Z,14,79,
2023-02-19T13:15Z,14,79,
2023-02-19T13:20Z,14,79,
2023-02-19T13:25Z,14,79,
2023-02-19T13:30Z,14,79,
2023-02-19T13:35Z,14,79,
2023-02-19T13:40Z,14,79,
2023-02-19T13:45Z,14,79,
2023-02-19T13:50Z,14,79,
2023-02-19T13:55Z,14,79,
2023-02-19T14:00Z,14,79,
2023-02-19T14:05Z,14,79,
2023-02-19T14:10Z,14,79,
2023-02-19T14:15Z,14,79,
2023-02-19T14:20Z,14,79,
2023-02-19T14:25Z,13,79,
2023-02-19T14:30Z,13,79,
2023-02-19T14:35Z,13,79,
2023-02-19T14:40Z,13,79,
2023-02-19T14:45Z,13,79,
2023-02-19T14:50Z,13,79,
2023-02-19T14:55Z,13,79,
2023-02-19T15:00Z,13,79,
2023-02-19T15:05Z,13,79,
2023-02-19T15:10Z,13,79,
2023-02-19T15:15Z,13,79,
2023-02-19T15:20Z,13,78,
2023-02-19T15:25Z,13,79,
2023-02-19T15:30Z,13,79,
2023-02-19T15:35Z,13,79,
2023-02-19T15:40Z,13,79,
2023-02-19T15:45Z,13,79,
2023-02-19T15:50Z,13,79,
2023-02-19T15:55Z,13,79,
2023-02-19T16:00Z,13,79,
2023-02-19T16:05Z,13,79,
2023-02-19T16:10Z,13,79,
2023-02-19T16:15Z,13,79,
2023-02-19T16:20Z,13,79,
2023-02-19T16:25Z,13,78,
2023-02-19T16:30Z,13,79,
2023-02-19T16:35Z,13,79,
2023-02-19T16:40Z,13,79,
2023-02-19T16:45Z,13,78,
2023-02-19T16:50Z,13,79,
2023-02-19T16:55Z,13,79,
2023-02-19T17:00Z,13,79,
2023-02-19T17:05Z,13,79,
2023-02-19T17:10Z,13,79,
2023-02-19T17:15Z,13,79,
2023-02-19T17:20Z,13,79,
2023-02-19T17:25Z,13,79,
2023-02-19T17:30Z,13,79,
2023-02-19T17:35Z,13,79,
2023-02-19T17:40Z,13,79,
2023-02-19T17:45Z,13,79,
2023-02-19T17:50Z,13,79,
2023-02-19T17:55Z,13,79,
2023-02-19T18:00Z,13,79,
2023-02-19T18:05Z,13,80,
2023-02-19T18:10Z,13,79,
2023-02-19T18:15Z,13,79,
2023-02-19T18:20Z,13,79,
2023-02-19T18:25Z,13,79,
2023-02-19T18:30Z,13,79,
2023-02-19T18:35Z,14,79,
2023-02-19T18:40Z,14,79,
2023-02-19T18:45Z,14,79,
2023-02-19T18:50Z,14,78,
2023-02-19T18:55Z,15,78,
2023-02-19T19:00Z,15,78,
2023-02-19T19:05Z,15,78,
2023-02-19T19:10Z,15,78,
2023-02-19T19:15Z,15,77,
2023-02-19T19:20Z,15,77,
2023-02-19T19:25Z,15,77,
2023-02-19T19:30Z,15,77,
2023-02-19T19:35Z,16,76,
2023-02-19T19:40Z,16,76,
2023-02-19T19:45Z,16,76,
2023-02-19T19:50Z,16,76,
2023-02-19T19:55Z,16,77,
2023-02-19T20:00Z,16,77,
2023-02-19T20:05Z,16,77,
2023-02-19T20:10Z,16,78,
2023-02-19T20:15Z,16,78,
2023-02-19T20:20Z,17,78,
2023-02-19T20:25Z,17,79,
2023-02-19T20:30Z,17,79,
2023-02-19T20:35Z,17,79,
2023-02-19T20:40Z,17,79,
2023-02-19T20:45Z,17,79,
2023-02-19T20:50Z,17,79,
2023-02-19T20:54Z,17,79,
2023-02-19T20:59Z,17,80,
2023-02-19T21:04Z,17,80,
2023-02-19T21:09Z,17,80,
2023-02-19T21:14Z,17,80,
2023-02-19T21:19Z,18,80,
2023-02-19T21:24Z,18,80,
2023-02-19T21:29Z,18,80,
2023-02-19T21:34Z,18,79,
2023-02-19T21:39Z,18,79,
2023-02-19T21:44Z,18,79,
2023-02-19T21:49Z,18,79,
2023-02-19T21:54Z,18,78,
2023-02-19T21:59Z,18,78,
2023-02-19T22:04Z,18,78,
2023-02-19T22:09Z,18,77,
2023-02-19T22:14Z,18,77,
2023-02-19T22:19Z,18,76,
2023-02-19T22:24Z,18,76,
2023-02-19T22:29Z,18,76,
2023-02-19T22:34Z,17,76,
2023-02-19T22:39Z,17,76,
2023-02-19T22:44Z,17,76,
2023-02-19T22:49Z,17,76,
2023-02-19T22:54Z,17,76,
2023-02-19T22:59Z,17,76,
2023-02-19T23:04Z,17,76,
2023-02-19T23:09Z,17,76,
2023-02-19T23:14Z,17,76,
2023-02-19T23:19Z,17,76,
2023-02-19T23:24Z,17,76,
2023-02-19T23:29Z,16,76,
2023-02-19T23:34Z,16,76,
2023-02-19T23:39Z,16,76,
2023-02-19T23:44Z,16,76,
2023-02-19T23:49Z,16,76,
2023-02-19T23:54Z,16,76,
2023-02-19T23:59Z,16,75,
2023-02-20T00:04Z,16,76,
2023-02-20T00:09Z,16,76,
2023-02-20T00:14Z,16,75,
2023-02-20T00:19Z,16,75,
2023-02-20T00:24Z,16,75,
2023-02-20T00:29Z,16,75,
2023-02-20T00:34Z,16,75,
2023-02-20T00:39Z,16,75,
2023-02-20T00:44Z,16,75,
2023-02-20T00:49Z,16,75,
2023-02-20T00:54Z,16,75,
2023-02-20T00:59Z,16,75,
2023-02-20T01:04Z,15,75,
2023-02-20T01:09Z,15,76,
2023-02-20T01:14Z,15,76,
2023-02-20T01:19Z,15,76,
2023-02-20T01:24Z,15,76,
2023-02-20T01:29Z,15,76,
2023-02-20T01:34Z,15,76,
2023-02-20T01:39Z,15,76,
2023-02-20T01:44Z,15,76,
2023-02-20T01:49Z,15,76,
2023-02-20T01:54Z,15,76,
2023-02-20T01:59Z,15,76,
2023-02-20T02:04Z,15,76,
2023-02-20T02:09Z,15,76,
2023-02-20T02:14Z,15,76,
2023-02-20T02:19Z,15,76,
2023-02-20T02:24Z,15,76,
2023-02-20T02:29Z,15,76,
2023-02-20T02:34Z,15,76,
2023-02-20T02:39Z,15,76,
2023-02-20T02:44Z,15,76,
2023-02-20T02:49Z,15,76,
2023-02-20T02:54Z,15,76,
2023-02-20T02:59Z,15,76,
2023-02-20T03:04Z,15,76,
2023-02-20T03:09Z,15,76,
2023-02-20T03:14Z,15,76,
2023-02-20T03:19Z,15,76,
2023-02-20T03:24Z,15,76,
2023-02-20T03:29Z,15,76,
2023-02-20T03:34Z,15,76,
2023-02-20T03:39Z,15,76,
2023-02-20T03:44Z,15,76,
2023-02-20T03:49Z,15,76,
2023-02-20T03:54Z,15,76,
2023-02-20T03:59Z,15,76,
2023-02-20T04:04Z,15,76,
2023-02-20T04:09Z,15,76,
2023-02-20T04:14Z,15,76,
2023-02-20T04:19Z,15,76,
2023-02-20T04:24Z,15,76,
2023-02-20T04:29Z,14,76,
2023-02-20T04:34Z,15,76,
2023-02-20T04:39Z,15,76,
2023-02-20T04:44Z,14,76,
2023-02-20T04:49Z,15,76,
2023-02-20T04:54Z,14,76,
2023-02-20T04:58Z,14,76,
2023-02-20T05:03Z,14,76,
2023-02-20T05:08Z,14,76,
2023-02-20T05:13Z,14,76,
2023-02-20T05:18Z,14,76,
2023-02-20T05:23Z,14,76,
2023-02-20T05:28Z,14,76,
2023-02-20T05:33Z,14,76,
2023-02-20T05:38Z,14,76,
2023-02-20T05:43Z,14,76,
2023-02-20T05:48Z,14,76,
2023-02-20T05:53Z,14,76,
2023-02-20T05:58Z,14,76,
2023-02-20T06:03Z,14,76,
2023-02-20T06:08Z,14,76,
2023-02-20T06:13Z,14,76,
2023-02-20T06:18Z,14,76,
2023-02-20T06:23Z,14,76,
2023-02-20T06:28Z,14,76,
2023-02-20T06:33Z,14,76,
2023-02-20T06:38Z,14,76,
2023-02-20T06:43Z,14,76,
2023-02-20T06:48Z,14,76,
2023-02-20T06:53Z,14,76,
2023-02-20T06:58Z,14,77,
2023-02-20T07:03Z,14,76,
2023-02-20T07:08Z,14,76,
2023-02-20T07:13Z,14,77,
2023-02-20T07:18Z,14,76,
2023-02-20T07:23Z,14,77,
2023-02-20T07:28Z,14,77,
2023-02-20T07:33Z,14,77,
2023-02-20T07:38Z,14,77,
2023-02-20T07:43Z,14,77,
2023-02-20T07:48Z,14,77,
2023-02-20T07:53Z,14,77,
2023-02-20T07:58Z,14,77,
2023-02-20T08:03Z,14,77,
2023-02-20T08:08Z,14,77,
2023-02-20T08:13Z,14,77,
2023-02-20T08:18Z,14,77,
2023-02-20T08:23Z,14,77,
2023-02-20T08:28Z,14,77,
2023-02-20T08:33Z,14,77,
2023-02-20T08:38Z,14,77,
2023-02-20T08:43Z,14,77,
2023-02-20T08:48Z,14,77,
2023-02-20T08:53Z,14,77,
2023-02-20T08:58Z,14,77,
2023-02-20T09:03Z,14,77,
2023-02-20T09:08Z,14,77,
2023-02-20T09:13Z,14,77,
2023-02-20T09:18Z,14,77,
2023-02-20T09:23Z,14,77,
2023-02-20T09:28Z,14,77,
2023-02-20T09:33Z,14,77,
2023-02-20T09:38Z,14,78,
2023-02-20T09:43Z,14,77,
2023-02-20T09:48Z,14,78,
2023-02-20T09:53Z,14,78,
2023-02-20T09:58Z,14,78,
2023-02-20T10:03Z,14,78,
2023-02-20T10:08Z,14,78,
2023-02-20T10:13Z,14,78,
2023-02-20T10:18Z,14,78,
2023-02-20T10:23Z,14,78,
2023-02-20T10:28Z,14,78,
2023-02-20T10:33Z,14,78,
2023-02-20T10:38Z,14,78,
2023-02-20T10:43Z,14,78,
2023-02-20T10:48Z,14,78,
2023-02-20T10:53Z,14,78,
2023-02-20T10:58Z,14,78,
2023-02-20T11:03Z,14,78,
2023-02-20T11:08Z,14,78,
2023-02-20T11:13Z,14,78,
2023-02-20T11:18Z,14,78,
2023-02-20T11:23Z,14,78,
2023-02-20T11:28Z,14,78,
2023-02-20T11:33Z,14,78,
2023-02-20T11:38Z,14,78,
2023-02-20T11:43Z,14,78,
2023-02-20T11:48Z,14,78,
2023-02-20T11:53Z,14,78,
2023-02-20T11:58Z,14,78,
2023-02-20T12:03Z,14,78,
2023-02-20T12:08Z,14,78,
2023-02-20T12:13Z,14,78,
2023-02-20T12:18Z,14,78,
2023-02-20T12:23Z,14,78,
2023-02-20T12:28Z,14,78,
2023-02-20T12:33Z,14,78,
2023-02-20T12:38Z,14,78,
2023-02-20T12:43Z,14,78,
2023-02-20T12:48Z,14,78,
2023-02-20T12:53Z,14,78,
2023-02-20T12:58Z,14,78,
2023-02-20T13:02Z,14,79,
2023-02-20T13:07Z,14,79,
2023-02-20T13:12Z,14,79,
2023-02-20T13:17Z,14,78,
2023-02-20T13:22Z,14,79,
2023-02-20T13:27Z,14,79,
2023-02-20T13:32Z,14,79,
2023-02-20T13:37Z,14,79,
2023-02-20T13:42Z,14,79,
2023-02-20T13:47Z,14,79,
2023-02-20T13:52Z,14,79,
2023-02-20T13:57Z,14,79,
2023-02-20T14:02Z,14,79,
2023-02-20T14:07Z,14,79,
2023-02-20T14:12Z,14,79,
2023-02-20T14:17Z,14,79,
2023-02-20T14:22Z,14,79,
2023-02-20T14:27Z,14,79,
2023-02-20T14:32Z,14,79,
2023-02-20T14:37Z,14,79,
2023-02-20T14:42Z,14,79,
2023-02-20T14:47Z,14,79,
2023-02-20T14:52Z,14,79,
2023-02-20T14:57Z,14,79,
2023-02-20T15:02Z,14,79,
2023-02-20T15:07Z,14,79,
2023-02-20T15:12Z,14,79,
2023-02-20T15:17Z,14,79,
2023-02-20T15:22Z,13,79,
2023-02-20T15:27Z,14,79,
2023-02-20T15:32Z,14,79,
2023-02-20T15:37Z,14,79,
2023-02-20T15:42Z,14,79,
2023-02-20T15:47Z,13,79,
2023-02-20T15:52Z,14,79,
2023-02-20T15:57Z,14,79,
2023-02-20T16:02Z,13,79,
2023-02-20T16:07Z,14,79,
2023-02-20T16:12Z,14,79,
2023-02-20T16:17Z,14,79,
2023-02-20T16:22Z,14,79,
2023-02-20T16:27Z,14,79,
2023-02-20T16:32Z,14,79,
2023-02-20T16:37Z,14,79,
2023-02-20T16:42Z,13,79,
2023-02-20T16:47Z,14,79,
2023-02-20T16:52Z,13,79,
2023-02-20T16:57Z,13,79,
2023-02-20T17:02Z,13,79,
2023-02-20T17:07Z,13,79,
2023-02-20T17:12Z,13,79,
2023-02-20T17:17Z,13,79,
2023-02-20T17:22Z,13,79,
2023-02-20T17:27Z,13,79,
2023-02-20T17:32Z,13,79,
2023-02-20T17:37Z,13,79,
2023-02-20T17:42Z,13,79,
2023-02-20T17:47Z,13,79,
2023-02-20T17:52Z,13,79,
2023-02-20T17:57Z,13,79,
2023-02-20T18:02Z,13,79,
2023-02-20T18:07Z,13,79,
2023-02-20T18:12Z,13,80,
2023-02-20T18:17Z,13,80,
2023-02-20T18:22Z,13,80,
2023-02-20T18:27Z,13,79,
2023-02-20T18:32Z,13,80,
2023-02-20T18:37Z,13,80,
2023-02-20T18:42Z,13,80,
2023-02-20T18:47Z,13,80,
2023-02-20T18:52Z,13,80,
2023-02-20T18:57Z,13,80,
2023-02-20T19:02Z,13,80,
2023-02-20T19:07Z,13,80,
2023-02-20T19:12Z,13,80,
2023-02-20T19:17Z,13,80,
2023-02-20T19:22Z,13,80,
2023-02-20T19:27Z,13,80,
2023-02-20T19:32Z,13,80,
2023-02-20T19:37Z,13,80,
2023-02-20T19:42Z,13,80,
2023-02-20T19:47Z,13,80,
2023-02-20T19:52Z,13,80,
2023-02-20T19:57Z,13,80,
2023-02-20T20:02Z,13,80,
2023-02-20T20:07Z,13,80,
2023-02-20T20:12Z,13,80,
2023-02-20T20:17Z,13,80,
2023-02-20T20:22Z,13,80,
2023-02-20T20:27Z,13,80,
2023-02-20T20:32Z,13,80,
2023-02-20T20:37Z,13,80,
2023-02-20T20:42Z,13,80,
2023-02-20T20:47Z,13,80,
2023-02-20T20:52Z,13,80,
2023-02-20T20:57Z,13,80,
2023-02-20T21:02Z,13,80,
