timestamp,entry_id,temperature,rh,voltage
2022-12-09T14:31:27Z,124,,,1
2022-12-09T14:40:39Z,125,,,1
2022-12-09T14:42:18Z,126,16,52,
2022-12-09T14:47:15Z,127,16,51,
2022-12-09T14:52:14Z,128,15,53,
2022-12-09T14:55:30Z,129,,,1
2022-12-09T14:57:13Z,130,15,54,
2022-12-09T15:02:12Z,131,14,55,
2022-12-09T15:07:11Z,132,14,56,
2022-12-09T15:15:42Z,133,,,1
2022-12-12T13:28:36Z,134,,,1
2022-12-12T13:29:11Z,135,13,45,
2022-12-12T13:34:07Z,136,12,47,
2022-12-12T13:39:06Z,137,10,50,
2022-12-12T13:44:04Z,138,9,53,
2022-12-12T13:49:03Z,139,9,54,
2022-12-12T13:54:02Z,140,8,55,
2022-12-12T13:59:01Z,141,8,56,
2022-12-12T14:04:01Z,142,8,57,
2022-12-12T14:09:00Z,143,8,57,
2022-12-12T14:13:59Z,144,8,57,
2022-12-12T14:19:01Z,145,8,57,
2022-12-12T14:28:57Z,146,8,58,37
2022-12-12T14:33:56Z,147,8,58,
2022-12-12T14:38:56Z,148,8,58,
2022-12-12T14:43:55Z,149,8,58,
2022-12-12T14:48:54Z,150,8,58,
2022-12-12T14:53:54Z,151,8,58,
2022-12-12T14:58:53Z,152,8,59,
2022-12-12T15:03:52Z,153,8,58,
2022-12-12T15:08:52Z,154,8,59,
2022-12-12T15:13:52Z,155,8,59,
2022-12-12T15:18:51Z,156,8,59,
2022-12-12T15:28:49Z,157,8,59,37
2022-12-12T15:33:48Z,158,8,59,
2022-12-12T15:38:48Z,159,8,59,
2022-12-12T15:43:47Z,160,8,59,
2022-12-12T15:48:46Z,161,8,59,
2022-12-12T15:53:45Z,162,8,59,
2022-12-12T15:58:44Z,163,8,59,
2022-12-12T16:03:44Z,164,8,59,
2022-12-12T16:08:43Z,165,8,59,
2022-12-12T16:13:43Z,166,8,59,
2022-12-12T16:18:42Z,167,8,59,
2022-12-12T16:28:40Z,168,8,59,38
2022-12-12T16:33:41Z,169,8,59,
2022-12-12T16:38:39Z,170,8,59,
2022-12-12T16:43:39Z,171,8,59,
2022-12-12T16:48:37Z,172,8,59,
2022-12-12T16:53:37Z,173,8,59,
2022-12-12T16:58:36Z,174,8,59,
2022-12-12T17:03:35Z,175,8,59,
2022-12-12T17:08:34Z,176,7,59,
2022-12-12T17:13:34Z,177,7,59,
2022-12-12T17:18:33Z,178,7,59,
2022-12-12T17:28:31Z,179,7,59,38
2022-12-12T17:33:31Z,180,7,59,
2022-12-12T17:38:30Z,181,7,59,
2022-12-12T17:43:29Z,182,7,59,
2022-12-12T17:48:29Z,183,7,59,
2022-12-12T17:53:28Z,184,7,59,
2022-12-12T17:58:27Z,185,7,59,
2022-12-12T18:03:26Z,186,7,59,
2022-12-12T18:08:26Z,187,7,59,
2022-12-12T18:13:25Z,188,7,59,
2022-12-12T18:18:24Z,189,7,59,
2022-12-12T18:28:22Z,190,7,59,38
2022-12-12T18:33:22Z,191,7,59,
2022-12-12T18:38:21Z,192,7,59,
2022-12-12T18:43:20Z,193,7,59,
2022-12-12T18:48:20Z,194,7,59,
2022-12-12T18:53:19Z,195,7,59,
2022-12-12T18:58:18Z,196,7,59,
2022-12-12T19:03:18Z,197,7,59,
2022-12-12T19:08:17Z,198,7,59,
2022-12-12T19:13:16Z,199,7,59,
2022-12-12T19:18:16Z,200,7,59,
2022-12-12T19:28:16Z,201,7,59,38
2022-12-12T19:33:13Z,202,7,59,
2022-12-12T19:38:13Z,203,7,60,
2022-12-12T19:43:12Z,204,7,59,
2022-12-12T19:48:11Z,205,7,59,
2022-12-12T19:53:11Z,206,7,59,
2022-12-12T19:58:10Z,207,7,60,
2022-12-12T20:03:09Z,208,7,60,
2022-12-12T20:08:08Z,209,7,59,
2022-12-12T20:13:07Z,210,7,60,
2022-12-12T20:18:07Z,211,7,60,
2022-12-12T20:23:06Z,212,7,60,
2022-12-12T20:28:05Z,213,7,60,
2022-12-12T20:33:04Z,214,6,60,
2022-12-12T20:38:04Z,215,6,60,
2022-12-12T20:43:03Z,216,6,60,
2022-12-12T20:48:02Z,217,6,60,
2022-12-12T20:53:02Z,218,6,60,
2022-12-12T20:58:02Z,219,6,60,
2022-12-12T21:03:00Z,220,6,60,
2022-12-12T21:07:59Z,221,6,60,
2022-12-12T21:12:59Z,222,6,60,
2022-12-12T21:17:59Z,223,6,60,
2022-12-12T21:22:57Z,224,6,60,
2022-12-12T21:27:58Z,225,6,60,
2022-12-12T21:32:56Z,226,6,60,
2022-12-12T21:37:55Z,227,6,60,
2022-12-12T21:42:54Z,228,6,60,
2022-12-12T21:47:53Z,229,6,60,
2022-12-12T21:52:53Z,230,6,60,
2022-12-12T21:57:52Z,231,6,60,
2022-12-12T22:02:51Z,232,6,60,
2022-12-12T22:07:51Z,233,6,60,
2022-12-12T22:12:50Z,234,6,60,
2022-12-12T22:17:50Z,235,6,60,
2022-12-12T22:22:48Z,236,6,60,
2022-12-12T22:27:48Z,237,6,60,
2022-12-12T22:32:47Z,238,6,60,
2022-12-12T22:37:46Z,239,6,60,
2022-12-12T22:42:45Z,240,6,60,
2022-12-12T22:47:45Z,241,6,60,
2022-12-12T22:52:44Z,242,6,60,
2022-12-12T22:57:43Z,243,6,60,
2022-12-12T23:02:43Z,244,6,60,
2022-12-12T23:07:42Z,245,6,60,
2022-12-12T23:12:41Z,246,6,60,
2022-12-12T23:17:41Z,247,6,60,
2022-12-12T23:22:40Z,248,6,60,
2022-12-12T23:27:39Z,249,6,60,
2022-12-12T23:32:38Z,250,6,60,
2022-12-12T23:37:38Z,251,6,61,
2022-12-12T23:42:37Z,252,6,61,
2022-12-12T23:47:36Z,253,6,61,
2022-12-12T23:52:36Z,254,6,61,
2022-12-12T23:57:35Z,255,6,61,
2022-12-13T00:02:34Z,256,6,61,
2022-12-13T00:07:33Z,257,6,61,
2022-12-13T00:12:33Z,258,6,61,
2022-12-13T00:17:32Z,259,6,61,
2022-12-13T00:22:32Z,260,7,60,
2022-12-13T00:27:31Z,261,7,60,
2022-12-13T00:32:31Z,262,7,60,
2022-12-13T00:37:30Z,263,7,60,
2022-12-13T00:42:29Z,264,7,60,
2022-12-13T00:47:30Z,265,7,60,
2022-12-13T00:52:29Z,266,7,60,
2022-12-13T00:57:27Z,267,7,60,
2022-12-13T01:02:27Z,268,7,60,
2022-12-13T01:07:26Z,269,7,60,
2022-12-13T01:12:26Z,270,7,60,
2022-12-13T01:17:25Z,271,7,60,
2022-12-13T01:22:24Z,272,7,59,
2022-12-13T01:27:23Z,273,7,59,
2022-12-13T01:32:22Z,274,7,59,
2022-12-13T01:37:22Z,275,7,59,
2022-12-13T01:42:21Z,276,7,59,
2022-12-13T01:47:20Z,277,7,59,
2022-12-13T01:52:20Z,278,7,59,
2022-12-13T01:57:19Z,279,7,59,
2022-12-13T02:02:18Z,280,7,59,
2022-12-13T02:07:17Z,281,7,59,
2022-12-13T02:12:17Z,282,7,59,
2022-12-13T02:17:16Z,283,7,59,
2022-12-13T02:22:15Z,284,7,59,
2022-12-13T02:27:14Z,285,7,59,
2022-12-13T02:32:14Z,286,7,59,
2022-12-13T02:37:13Z,287,7,59,
2022-12-13T02:42:12Z,288,7,59,
2022-12-13T02:47:11Z,289,7,59,
2022-12-13T02:52:10Z,290,7,58,
2022-12-13T02:57:10Z,291,7,58,
2022-12-13T03:02:09Z,292,7,58,
2022-12-13T03:07:08Z,293,7,58,
2022-12-13T03:12:08Z,294,7,58,
2022-12-13T03:17:07Z,295,7,58,
2022-12-13T03:22:06Z,296,7,58,
2022-12-13T03:27:05Z,297,7,58,
2022-12-13T03:32:04Z,298,7,58,
2022-12-13T03:37:04Z,299,7,58,
2022-12-13T03:42:03Z,300,7,58,
2022-12-13T03:47:02Z,301,7,58,
2022-12-13T03:52:01Z,302,7,58,
2022-12-13T03:57:01Z,303,7,58,
2022-12-13T04:02:00Z,304,7,58,
2022-12-13T04:06:59Z,305,7,58,
2022-12-13T04:11:58Z,306,7,58,
2022-12-13T04:16:58Z,307,7,58,
2022-12-13T04:21:57Z,308,7,58,
2022-12-13T04:26:56Z,309,7,58,
2022-12-13T04:31:56Z,310,7,58,
2022-12-13T04:36:55Z,311,7,58,
2022-12-13T04:41:54Z,312,7,58,
2022-12-13T04:46:53Z,313,7,58,
2022-12-13T04:51:52Z,314,7,58,
2022-12-13T04:56:52Z,315,7,58,
2022-12-13T05:01:51Z,316,6,58,
2022-12-13T05:06:50Z,317,6,58,
2022-12-13T05:11:49Z,318,6,58,
2022-12-13T05:16:49Z,319,6,58,
2022-12-13T05:21:48Z,320,6,58,
2022-12-13T05:26:47Z,321,6,58,
2022-12-13T05:31:46Z,322,6,58,
2022-12-13T05:36:46Z,323,6,58,
2022-12-13T05:41:45Z,324,6,58,
2022-12-13T05:46:44Z,325,6,58,
2022-12-13T05:51:43Z,326,6,58,
2022-12-13T05:56:43Z,327,6,58,
2022-12-13T06:01:42Z,328,6,58,
2022-12-13T06:06:41Z,329,6,58,
2022-12-13T06:11:41Z,330,6,58,
2022-12-13T06:16:40Z,331,6,58,
2022-12-13T06:21:41Z,332,6,58,
2022-12-13T06:26:39Z,333,6,58,
2022-12-13T06:31:38Z,334,6,58,
2022-12-13T06:36:37Z,335,6,58,
2022-12-13T06:41:37Z,336,6,58,
2022-12-13T06:46:36Z,337,6,58,
2022-12-13T06:51:35Z,338,6,58,
2022-12-13T06:56:34Z,339,6,58,
2022-12-13T07:01:33Z,340,6,58,
2022-12-13T07:06:33Z,341,6,58,
2022-12-13T07:11:32Z,342,6,58,
2022-12-13T07:16:31Z,343,6,58,
2022-12-13T07:21:30Z,344,6,58,
2022-12-13T07:26:30Z,345,6,58,
2022-12-13T07:31:29Z,346,6,59,
2022-12-13T07:36:29Z,347,6,59,
2022-12-13T07:41:28Z,348,6,59,
2022-12-13T07:46:27Z,349,6,59,
2022-12-13T07:51:27Z,350,6,59,
2022-12-13T07:56:26Z,351,6,59,
2022-12-13T08:01:25Z,352,6,59,
2022-12-13T08:06:24Z,353,6,59,
2022-12-13T08:11:24Z,354,7,59,
2022-12-13T08:16:23Z,355,7,58,
2022-12-13T08:21:23Z,356,7,58,
2022-12-13T08:26:22Z,357,7,58,
2022-12-13T08:31:21Z,358,7,58,
2022-12-13T08:36:20Z,359,7,58,
2022-12-13T08:41:20Z,360,7,58,
2022-12-13T08:46:19Z,361,7,58,
2022-12-13T08:51:18Z,362,7,58,
2022-12-13T08:56:17Z,363,7,58,
2022-12-13T09:01:18Z,364,7,58,
2022-12-13T09:06:16Z,365,7,58,
2022-12-13T09:11:15Z,366,7,58,
2022-12-13T09:16:15Z,367,7,58,
2022-12-13T09:21:14Z,368,7,57,
2022-12-13T09:26:13Z,369,7,57,
2022-12-13T09:31:12Z,370,7,57,
2022-12-13T09:36:12Z,371,7,57,
2022-12-13T09:41:11Z,372,7,57,
2022-12-13T09:46:10Z,373,7,57,
2022-12-13T09:51:11Z,374,7,57,
2022-12-13T09:56:09Z,375,7,57,
2022-12-13T10:01:08Z,376,7,57,
2022-12-13T10:06:08Z,377,7,57,
2022-12-13T10:11:07Z,378,7,57,
2022-12-13T10:16:07Z,379,7,56,
2022-12-13T10:21:05Z,380,7,57,
2022-12-13T10:26:04Z,381,7,56,
2022-12-13T10:31:03Z,382,7,57,
2022-12-13T10:36:03Z,383,7,57,
2022-12-13T10:41:02Z,384,7,57,
2022-12-13T10:46:01Z,385,7,56,
2022-12-13T10:51:00Z,386,7,56,
2022-12-13T10:55:59Z,387,7,57,
2022-12-13T11:00:59Z,388,7,57,
2022-12-13T11:05:58Z,389,7,57,
2022-12-13T11:10:57Z,390,7,57,
2022-12-13T11:15:57Z,391,7,57,
2022-12-13T11:20:56Z,392,7,56,
2022-12-13T11:25:55Z,393,7,57,
2022-12-13T11:30:54Z,394,7,57,
2022-12-13T11:35:54Z,395,7,57,
2022-12-13T11:40:53Z,396,7,57,
2022-12-13T11:45:52Z,397,7,57,
2022-12-13T11:50:51Z,398,7,57,
2022-12-13T11:55:51Z,399,7,57,
2022-12-13T12:00:50Z,400,7,57,
2022-12-13T12:05:49Z,401,7,57,
2022-12-13T12:10:49Z,402,7,57,
2022-12-13T12:15:48Z,403,7,57,
2022-12-13T12:20:47Z,404,7,57,
2022-12-13T12:25:46Z,405,7,57,
2022-12-13T12:30:46Z,406,7,57,
2022-12-13T12:35:45Z,407,7,57,
2022-12-13T12:40:44Z,408,7,57,
2022-12-13T12:45:44Z,409,7,57,
2022-12-13T12:50:43Z,410,7,57,
2022-12-13T12:55:42Z,411,7,57,
2022-12-13T13:00:41Z,412,7,57,
2022-12-13T13:05:40Z,413,7,57,
2022-12-13T13:10:40Z,414,7,57,
2022-12-13T13:15:39Z,415,7,57,
2022-12-13T13:20:38Z,416,7,57,
2022-12-13T13:25:37Z,417,7,57,
2022-12-13T13:30:37Z,418,7,57,
2022-12-13T13:35:36Z,419,7,57,
2022-12-13T13:40:36Z,420,7,57,
2022-12-13T13:45:35Z,421,7,57,
2022-12-13T13:50:34Z,422,7,57,
2022-12-13T13:55:33Z,423,7,57,
2022-12-13T14:00:32Z,424,7,57,
2022-12-13T14:05:32Z,425,7,57,
2022-12-13T14:10:31Z,426,7,57,
2022-12-13T14:15:30Z,427,7,57,
2022-12-13T14:20:29Z,428,7,57,
2022-12-13T14:25:29Z,429,7,57,
2022-12-13T14:30:28Z,430,7,57,
2022-12-13T14:35:27Z,431,7,58,
2022-12-13T14:40:27Z,432,6,58,
2022-12-13T14:45:26Z,433,6,58,
2022-12-13T14:50:25Z,434,6,58,
2022-12-13T14:55:24Z,435,6,57,
2022-12-13T15:00:23Z,436,6,58,
2022-12-13T15:05:22Z,437,6,58,
2022-12-13T15:10:22Z,438,6,58,
2022-12-13T15:15:21Z,439,6,58,
2022-12-13T15:20:20Z,440,6,58,
2022-12-13T15:25:19Z,441,6,58,
2022-12-13T15:30:19Z,442,6,58,
2022-12-13T15:35:18Z,443,6,58,
2022-12-13T15:40:17Z,444,6,58,
2022-12-13T15:45:16Z,445,6,58,
2022-12-13T15:50:16Z,446,6,58,
2022-12-13T15:55:15Z,447,7,58,
2022-12-13T16:00:14Z,448,7,58,
2022-12-13T16:05:14Z,449,7,58,
2022-12-13T16:10:13Z,450,7,58,
2022-12-13T16:15:12Z,451,7,58,
2022-12-13T16:20:12Z,452,7,58,
2022-12-13T16:25:11Z,453,7,58,
2022-12-13T16:30:12Z,454,7,58,
2022-12-13T16:35:11Z,455,7,58,
2022-12-13T16:40:09Z,456,7,58,
2022-12-13T16:45:08Z,457,7,58,
2022-12-13T16:50:08Z,458,7,58,
2022-12-13T16:55:07Z,459,7,58,
2022-12-13T17:00:06Z,460,7,58,
2022-12-13T17:05:06Z,461,7,58,
2022-12-13T17:10:05Z,462,7,58,
2022-12-13T17:15:04Z,463,7,58,
2022-12-13T17:20:03Z,464,7,58,
2022-12-13T17:25:03Z,465,7,58,
2022-12-13T17:30:02Z,466,7,58,
2022-12-13T17:35:01Z,467,7,58,
2022-12-13T17:40:00Z,468,7,58,
2022-12-13T17:45:00Z,469,7,58,
2022-12-13T17:49:59Z,470,7,58,
2022-12-13T17:54:58Z,471,7,58,
2022-12-13T17:59:57Z,472,7,58,
2022-12-13T18:04:57Z,473,7,58,
2022-12-13T18:09:56Z,474,7,58,
2022-12-13T18:14:55Z,475,7,58,
2022-12-13T18:19:55Z,476,7,58,
2022-12-13T18:24:54Z,477,7,58,
2022-12-13T18:29:53Z,478,7,58,
2022-12-13T18:34:52Z,479,7,58,
2022-12-13T18:39:53Z,480,7,58,
2022-12-13T18:44:51Z,481,7,58,
2022-12-13T18:49:50Z,482,7,58,
2022-12-13T18:54:49Z,483,7,58,
2022-12-13T18:59:48Z,484,7,58,
2022-12-13T19:04:47Z,485,7,58,
2022-12-13T19:09:46Z,486,7,58,
2022-12-13T19:14:46Z,487,7,58,
2022-12-13T19:19:45Z,488,7,58,
2022-12-13T19:24:45Z,489,7,58,
2022-12-13T19:29:44Z,490,7,58,
2022-12-13T19:34:43Z,491,7,58,
2022-12-13T19:39:42Z,492,7,58,
2022-12-13T19:44:46Z,493,7,58,
2022-12-13T19:49:42Z,494,7,58,
2022-12-13T19:54:40Z,495,7,58,
2022-12-13T19:59:39Z,496,7,58,
2022-12-13T20:04:38Z,497,7,58,
2022-12-13T20:09:37Z,498,7,58,
2022-12-13T20:14:37Z,499,7,58,
2022-12-13T20:19:38Z,500,7,58,
2022-12-13T20:24:35Z,501,7,58,
2022-12-13T20:29:34Z,502,7,58,
2022-12-13T20:34:34Z,503,7,58,
2022-12-13T20:39:33Z,504,7,57,
2022-12-13T20:44:32Z,505,7,58,
2022-12-13T20:49:31Z,506,7,58,
2022-12-13T20:54:31Z,507,7,58,
2022-12-13T20:59:30Z,508,7,58,
2022-12-13T21:04:29Z,509,7,57,
2022-12-13T21:09:28Z,510,7,58,
2022-12-13T21:14:30Z,511,6,58,
2022-12-13T21:19:27Z,512,6,58,
2022-12-13T21:24:26Z,513,6,57,
2022-12-13T21:29:25Z,514,6,57,
2022-12-13T21:34:25Z,515,6,58,
2022-12-13T21:39:24Z,516,6,57,
2022-12-13T21:44:23Z,517,6,58,
2022-12-13T21:49:22Z,518,6,58,
2022-12-13T21:54:22Z,519,6,57,
2022-12-13T21:59:21Z,520,6,57,
2022-12-13T22:04:20Z,521,6,57,
2022-12-13T22:09:19Z,522,6,58,
2022-12-13T22:14:19Z,523,6,58,
2022-12-13T22:19:18Z,524,6,58,
2022-12-13T22:24:17Z,525,6,58,
2022-12-13T22:29:17Z,526,6,58,
2022-12-13T22:34:16Z,527,6,58,
2022-12-13T22:39:15Z,528,6,58,
2022-12-13T22:44:15Z,529,6,58,
2022-12-13T22:49:14Z,530,6,58,
2022-12-13T22:54:13Z,531,6,58,
2022-12-13T22:59:13Z,532,6,58,
2022-12-13T23:04:12Z,533,6,58,
2022-12-13T23:09:11Z,534,6,58,
2022-12-13T23:14:10Z,535,6,58,
2022-12-13T23:19:11Z,536,6,58,
2022-12-13T23:24:09Z,537,6,58,
2022-12-13T23:29:08Z,538,7,58,
2022-12-13T23:34:08Z,539,7,58,
2022-12-13T23:39:07Z,540,7,58,
2022-12-13T23:44:06Z,541,7,58,
2022-12-13T23:49:06Z,542,7,58,
2022-12-13T23:54:05Z,543,7,58,
2022-12-13T23:59:04Z,544,7,58,
2022-12-14T00:04:04Z,545,7,58,
2022-12-14T00:09:03Z,546,7,58,
2022-12-14T00:14:02Z,547,7,57,
2022-12-14T00:19:03Z,548,7,57,
2022-12-14T00:24:01Z,549,7,57,
2022-12-14T00:29:00Z,550,7,57,
2022-12-14T00:33:59Z,551,7,57,
2022-12-14T00:38:59Z,552,7,57,
2022-12-14T00:43:58Z,553,7,57,
2022-12-14T00:48:57Z,554,7,57,
2022-12-14T00:53:57Z,555,7,57,
2022-12-14T00:58:56Z,556,7,57,
2022-12-14T01:03:55Z,557,7,57,
2022-12-14T01:08:54Z,558,7,57,
2022-12-14T01:13:54Z,559,7,57,
2022-12-14T01:18:53Z,560,7,57,
2022-12-14T01:23:52Z,561,7,57,
2022-12-14T01:28:51Z,562,7,57,
2022-12-14T01:33:51Z,563,7,57,
2022-12-14T01:38:50Z,564,7,56,
2022-12-14T01:43:49Z,565,7,56,
2022-12-14T01:48:48Z,566,7,56,
2022-12-14T01:53:47Z,567,7,56,
2022-12-14T01:58:47Z,568,7,56,
2022-12-14T02:03:46Z,569,7,56,
2022-12-14T02:08:45Z,570,7,56,
2022-12-14T02:13:45Z,571,7,56,
2022-12-14T02:18:44Z,572,7,56,
2022-12-14T02:23:43Z,573,7,56,
2022-12-14T02:28:42Z,574,7,56,
2022-12-14T02:33:42Z,575,7,56,
2022-12-14T02:38:41Z,576,7,56,
2022-12-14T02:43:40Z,577,7,57,
2022-12-14T02:48:40Z,578,7,57,
2022-12-14T02:53:39Z,579,7,57,
2022-12-14T02:58:38Z,580,7,57,
2022-12-14T03:03:37Z,581,7,57,
2022-12-14T03:08:36Z,582,7,57,
2022-12-14T03:13:36Z,583,7,57,
2022-12-14T03:18:35Z,584,7,57,
2022-12-14T03:23:34Z,585,6,57,
2022-12-14T03:28:33Z,586,6,57,
2022-12-14T03:33:32Z,587,6,57,
2022-12-14T03:38:32Z,588,6,56,
2022-12-14T03:43:31Z,589,6,56,
2022-12-14T03:48:31Z,590,6,56,
2022-12-14T03:53:30Z,591,6,56,
2022-12-14T03:58:29Z,592,6,56,
2022-12-14T04:03:28Z,593,6,56,
2022-12-14T04:08:28Z,594,6,56,
2022-12-14T04:13:27Z,595,6,56,
2022-12-14T04:18:26Z,596,6,56,
2022-12-14T04:23:26Z,597,6,56,
2022-12-14T04:28:25Z,598,6,56,
2022-12-14T04:33:24Z,599,6,56,
2022-12-14T04:38:24Z,600,6,56,
2022-12-14T04:43:23Z,601,6,56,
2022-12-14T04:48:22Z,602,6,57,
2022-12-14T04:53:21Z,603,6,57,
2022-12-14T04:58:21Z,604,6,57,
2022-12-14T05:03:20Z,605,6,57,
2022-12-14T05:08:19Z,606,6,57,
2022-12-14T05:13:19Z,607,6,57,
2022-12-14T05:18:18Z,608,6,57,
2022-12-14T05:23:17Z,609,6,57,
2022-12-14T05:28:16Z,610,6,57,
2022-12-14T05:33:16Z,611,6,57,
2022-12-14T05:38:15Z,612,6,57,
2022-12-14T05:43:14Z,613,7,57,
2022-12-14T05:48:14Z,614,7,57,
2022-12-14T05:53:13Z,615,7,57,
2022-12-14T05:58:12Z,616,7,57,
2022-12-14T06:03:12Z,617,7,56,
2022-12-14T06:08:11Z,618,7,56,
2022-12-14T06:13:11Z,619,7,56,
2022-12-14T06:18:10Z,620,7,56,
2022-12-14T06:23:09Z,621,7,56,
2022-12-14T06:28:08Z,622,7,56,
2022-12-14T06:33:08Z,623,7,56,
2022-12-14T06:38:07Z,624,7,56,
2022-12-14T06:43:06Z,625,7,56,
2022-12-14T06:48:05Z,626,7,56,
2022-12-14T06:53:05Z,627,7,56,
2022-12-14T06:58:04Z,628,7,56,
2022-12-14T07:03:03Z,629,7,56,
2022-12-14T07:08:03Z,630,7,56,
2022-12-14T07:13:02Z,631,7,56,
2022-12-14T07:18:02Z,632,7,56,
2022-12-14T07:23:00Z,633,7,56,
2022-12-14T07:28:00Z,634,7,56,
2022-12-14T07:32:59Z,635,7,56,
2022-12-14T07:37:58Z,636,7,56,
2022-12-14T07:42:58Z,637,7,56,
2022-12-14T07:47:57Z,638,7,56,
2022-12-14T07:52:56Z,639,7,56,
2022-12-14T07:57:55Z,640,7,56,
2022-12-14T08:02:55Z,641,7,56,
2022-12-14T08:07:54Z,642,7,56,
2022-12-14T08:12:53Z,643,7,56,
2022-12-14T08:17:53Z,644,7,56,
2022-12-14T08:22:52Z,645,7,56,
2022-12-14T08:27:51Z,646,7,56,
2022-12-14T08:32:51Z,647,7,56,
2022-12-14T08:37:50Z,648,7,56,
2022-12-14T08:42:49Z,649,7,56,
2022-12-14T08:47:49Z,650,7,56,
2022-12-14T08:52:47Z,651,7,56,
2022-12-14T08:57:48Z,652,7,56,
2022-12-14T09:02:46Z,653,7,56,
2022-12-14T09:07:45Z,654,7,56,
2022-12-14T09:12:44Z,655,7,57,
2022-12-14T09:17:44Z,656,7,57,
2022-12-14T09:22:43Z,657,7,57,
2022-12-14T09:27:42Z,658,7,57,
2022-12-14T09:32:43Z,659,7,57,
2022-12-14T09:37:41Z,660,7,57,
2022-12-14T09:42:40Z,661,7,57,
2022-12-14T09:47:39Z,662,7,57,
2022-12-14T09:52:38Z,663,7,57,
2022-12-14T09:57:38Z,664,6,57,
2022-12-14T10:02:37Z,665,6,57,
2022-12-14T10:07:36Z,666,7,57,
2022-12-14T10:12:36Z,667,7,57,
2022-12-14T10:17:37Z,668,7,57,
2022-12-14T10:22:34Z,669,7,57,
2022-12-14T10:27:34Z,670,6,57,
2022-12-14T10:32:33Z,671,6,57,
2022-12-14T10:37:32Z,672,6,57,
2022-12-14T10:42:31Z,673,6,57,
2022-12-14T10:47:30Z,674,6,57,
2022-12-14T10:52:30Z,675,6,57,
2022-12-14T10:57:29Z,676,6,57,
2022-12-14T11:02:28Z,677,6,57,
2022-12-14T11:07:27Z,678,6,57,
2022-12-14T11:12:26Z,679,7,57,
2022-12-14T11:17:26Z,680,7,57,
2022-12-14T11:22:25Z,681,7,57,
2022-12-14T11:27:25Z,682,7,57,
2022-12-14T11:32:24Z,683,7,57,
2022-12-14T11:37:23Z,684,7,57,
2022-12-14T11:42:23Z,685,7,57,
2022-12-14T11:47:22Z,686,7,57,
2022-12-14T11:52:21Z,687,7,57,
2022-12-14T11:57:21Z,688,7,57,
2022-12-14T12:02:20Z,689,7,57,
2022-12-14T12:07:19Z,690,7,57,
2022-12-14T12:12:19Z,691,7,57,
2022-12-14T12:17:18Z,692,7,57,
2022-12-14T12:22:18Z,693,7,57,
2022-12-14T12:27:17Z,694,7,57,
2022-12-14T12:32:16Z,695,7,57,
2022-12-14T12:37:16Z,696,7,57,
2022-12-14T12:42:15Z,697,7,57,
2022-12-14T12:47:14Z,698,7,57,
2022-12-14T12:52:14Z,699,7,57,
2022-12-14T12:57:15Z,700,7,57,
2022-12-14T13:02:12Z,701,7,57,
2022-12-14T13:07:12Z,702,7,57,
2022-12-14T13:12:11Z,703,7,57,
2022-12-14T13:17:10Z,704,8,57,
2022-12-14T13:22:10Z,705,8,57,
2022-12-14T13:27:09Z,706,8,57,
2022-12-14T13:32:08Z,707,8,57,
2022-12-14T13:37:07Z,708,8,57,
2022-12-14T13:42:07Z,709,8,57,
2022-12-14T13:47:06Z,710,8,57,
2022-12-14T13:52:06Z,711,8,57,
2022-12-14T13:57:05Z,712,8,56,
2022-12-14T14:02:04Z,713,8,57,
2022-12-14T14:07:03Z,714,8,57,
2022-12-14T14:12:02Z,715,8,57,
2022-12-14T14:17:02Z,716,8,56,
2022-12-14T14:22:01Z,717,8,56,
2022-12-14T14:27:00Z,718,8,56,
2022-12-14T14:32:00Z,719,8,56,
2022-12-14T14:36:58Z,720,8,56,
2022-12-14T14:41:58Z,721,8,56,
2022-12-14T14:46:57Z,722,8,56,
2022-12-14T14:51:56Z,723,8,56,
2022-12-14T14:56:57Z,724,8,56,
2022-12-14T15:01:55Z,725,8,56,
2022-12-14T15:06:54Z,726,7,56,
2022-12-14T15:11:53Z,727,7,57,
2022-12-14T15:16:53Z,728,7,57,
2022-12-14T15:21:52Z,729,7,57,
2022-12-14T15:26:51Z,730,7,57,
2022-12-14T15:31:50Z,731,7,57,
2022-12-14T15:36:49Z,732,7,57,
2022-12-14T15:41:48Z,733,7,57,
2022-12-14T15:46:48Z,734,7,57,
2022-12-14T15:51:47Z,735,7,57,
2022-12-14T15:56:48Z,736,7,57,
2022-12-14T16:01:46Z,737,7,57,
2022-12-14T16:06:45Z,738,7,57,
2022-12-14T16:11:45Z,739,7,57,
2022-12-14T16:16:44Z,740,7,57,
2022-12-14T16:21:43Z,741,7,57,
2022-12-14T16:26:43Z,742,8,57,
2022-12-14T16:31:42Z,743,8,57,
2022-12-14T16:36:41Z,744,8,57,
2022-12-14T16:41:41Z,745,8,57,
2022-12-14T16:46:40Z,746,8,57,
2022-12-14T16:51:40Z,747,8,57,
2022-12-14T16:56:39Z,748,8,57,
2022-12-14T17:01:38Z,749,8,57,
2022-12-14T17:06:37Z,750,8,57,
2022-12-14T17:11:37Z,751,8,57,
2022-12-14T17:16:36Z,752,8,57,
2022-12-14T17:21:35Z,753,8,57,
2022-12-14T17:26:36Z,754,8,57,
2022-12-14T17:31:34Z,755,8,57,
2022-12-14T17:36:33Z,756,8,57,
2022-12-14T17:41:33Z,757,8,57,
2022-12-14T17:46:32Z,758,8,57,
2022-12-14T17:51:31Z,759,8,57,
2022-12-14T17:56:30Z,760,9,57,
2022-12-14T18:01:30Z,761,9,57,
2022-12-14T18:06:29Z,762,9,57,
2022-12-14T18:11:29Z,763,9,57,
2022-12-14T18:16:28Z,764,9,57,
2022-12-14T18:21:27Z,765,9,56,
2022-12-14T18:26:26Z,766,9,56,
2022-12-14T18:31:26Z,767,9,56,
2022-12-14T18:36:25Z,768,9,56,
2022-12-14T18:41:25Z,769,9,56,
2022-12-14T18:46:24Z,770,9,56,
2022-12-14T18:51:23Z,771,9,56,
2022-12-14T18:56:22Z,772,9,56,
2022-12-14T19:01:22Z,773,9,56,
2022-12-14T19:06:21Z,774,9,56,
2022-12-14T19:11:20Z,775,9,56,
2022-12-14T19:16:20Z,776,9,56,
2022-12-14T19:21:19Z,777,9,56,
2022-12-14T19:26:18Z,778,9,55,
2022-12-14T19:31:17Z,779,9,55,
2022-12-14T19:36:17Z,780,9,56,
2022-12-14T19:41:16Z,781,9,56,
2022-12-14T19:46:15Z,782,9,55,
2022-12-14T19:51:15Z,783,9,55,
2022-12-14T19:56:14Z,784,9,55,
2022-12-14T20:01:13Z,785,9,55,
2022-12-14T20:06:12Z,786,10,55,
2022-12-14T20:11:12Z,787,10,55,
2022-12-14T20:16:11Z,788,10,55,
2022-12-14T20:21:12Z,789,10,55,
2022-12-14T20:26:10Z,790,10,55,
2022-12-14T20:31:09Z,791,10,55,
2022-12-14T20:36:09Z,792,10,55,
2022-12-14T20:41:09Z,793,10,55,
2022-12-14T20:46:07Z,794,10,55,
2022-12-14T20:51:06Z,795,10,55,
2022-12-14T20:56:06Z,796,10,55,
2022-12-14T21:01:05Z,797,10,55,
2022-12-14T21:06:05Z,798,10,55,
2022-12-14T21:11:06Z,799,10,55,
2022-12-14T21:16:04Z,800,10,55,
2022-12-14T21:21:03Z,801,10,54,
2022-12-14T21:26:02Z,802,10,54,
2022-12-14T21:31:01Z,803,10,54,
2022-12-14T21:36:01Z,804,10,54,
2022-12-14T21:41:00Z,805,10,54,
2022-12-14T21:46:00Z,806,10,54,
2022-12-14T21:50:59Z,807,10,54,
2022-12-14T21:55:58Z,808,10,54,
2022-12-14T22:00:58Z,809,10,54,
2022-12-14T22:05:57Z,810,10,54,
2022-12-14T22:10:57Z,811,10,54,
2022-12-14T22:15:56Z,812,10,54,
2022-12-14T22:20:55Z,813,11,54,
2022-12-14T22:25:54Z,814,11,54,
2022-12-14T22:30:55Z,815,11,54,
2022-12-14T22:35:53Z,816,11,54,
2022-12-14T22:40:52Z,817,11,54,
2022-12-14T22:45:52Z,818,11,54,
2022-12-14T22:50:50Z,819,11,54,
2022-12-14T22:55:50Z,820,11,54,
2022-12-14T23:00:50Z,821,11,54,
2022-12-14T23:05:48Z,822,11,54,
2022-12-14T23:10:48Z,823,11,54,
2022-12-14T23:15:48Z,824,11,54,
2022-12-14T23:20:46Z,825,11,54,
2022-12-14T23:25:45Z,826,11,54,
2022-12-14T23:30:45Z,827,11,54,
2022-12-14T23:35:44Z,828,11,53,
2022-12-14T23:40:43Z,829,11,53,
2022-12-14T23:45:43Z,830,11,54,
2022-12-14T23:50:42Z,831,11,53,
2022-12-14T23:55:42Z,832,11,53,
2022-12-15T00:00:41Z,833,11,53,
2022-12-15T00:05:40Z,834,11,53,
2022-12-15T00:10:40Z,835,11,53,
2022-12-15T00:15:40Z,836,11,53,
2022-12-15T00:20:38Z,837,11,53,
2022-12-15T00:25:37Z,838,11,53,
2022-12-15T00:30:36Z,839,11,53,
2022-12-15T00:35:36Z,840,11,53,
2022-12-15T00:40:35Z,841,11,53,
2022-12-15T00:45:34Z,842,11,53,
2022-12-15T00:50:34Z,843,11,53,
2022-12-15T00:55:33Z,844,11,53,
2022-12-15T01:00:32Z,845,11,53,
2022-12-15T01:05:31Z,846,11,53,
2022-12-15T01:10:31Z,847,11,53,
2022-12-15T01:15:30Z,848,11,53,
2022-12-15T01:20:29Z,849,11,53,
2022-12-15T01:25:29Z,850,11,53,
2022-12-15T01:30:28Z,851,11,53,
2022-12-15T01:35:27Z,852,11,53,
2022-12-15T01:40:26Z,853,11,53,
2022-12-15T01:45:26Z,854,11,53,
2022-12-15T01:50:25Z,855,11,53,
2022-12-15T01:55:26Z,856,11,53,
2022-12-15T02:00:24Z,857,11,52,
2022-12-15T02:05:23Z,858,11,53,
2022-12-15T02:10:22Z,859,11,52,
2022-12-15T02:15:21Z,860,11,52,
2022-12-15T02:20:21Z,861,12,52,
2022-12-15T02:25:20Z,862,12,52,
2022-12-15T02:30:19Z,863,12,52,
2022-12-15T02:35:18Z,864,12,52,
2022-12-15T02:40:18Z,865,12,52,
2022-12-15T02:45:17Z,866,12,52,
2022-12-15T02:50:16Z,867,12,52,
2022-12-15T02:55:16Z,868,12,52,
2022-12-15T03:00:15Z,869,12,52,
2022-12-15T03:05:14Z,870,12,52,
2022-12-15T03:10:14Z,871,12,52,
2022-12-15T03:15:13Z,872,12,52,
2022-12-15T03:20:12Z,873,12,52,
2022-12-15T03:25:11Z,874,12,52,
2022-12-15T03:30:11Z,875,12,52,
2022-12-15T03:35:10Z,876,12,52,
2022-12-15T03:40:09Z,877,12,52,
2022-12-15T03:45:08Z,878,12,52,
2022-12-15T03:50:08Z,879,12,52,
2022-12-15T03:55:07Z,880,12,52,
2022-12-15T04:00:06Z,881,12,52,
2022-12-15T04:05:06Z,882,12,52,
2022-12-15T04:10:05Z,883,12,52,
2022-12-15T04:15:04Z,884,12,52,
2022-12-15T04:20:03Z,885,12,52,
2022-12-15T04:25:03Z,886,12,52,
2022-12-15T04:30:02Z,887,12,52,
2022-12-15T04:35:01Z,888,12,51,
2022-12-15T04:40:01Z,889,12,52,
2022-12-15T04:45:00Z,890,12,52,
2022-12-15T04:49:59Z,891,12,51,
2022-12-15T04:54:59Z,892,12,51,
2022-12-15T04:59:58Z,893,12,51,
2022-12-15T05:04:57Z,894,12,51,
2022-12-15T05:09:57Z,895,12,51,
2022-12-15T05:14:56Z,896,12,51,
2022-12-15T05:19:55Z,897,12,51,
2022-12-15T05:24:55Z,898,12,51,
2022-12-15T05:29:54Z,899,12,51,
2022-12-15T05:34:54Z,900,12,51,
2022-12-15T05:39:52Z,901,12,51,
2022-12-15T05:44:52Z,902,12,51,
2022-12-15T05:49:51Z,903,12,51,
2022-12-15T05:54:50Z,904,12,51,
2022-12-15T05:59:49Z,905,12,51,
2022-12-15T06:04:49Z,906,12,51,
2022-12-15T06:09:48Z,907,12,51,
2022-12-15T06:14:49Z,908,12,51,
2022-12-15T06:19:47Z,909,12,51,
2022-12-15T06:24:46Z,910,12,51,
2022-12-15T06:29:45Z,911,12,51,
2022-12-15T06:34:45Z,912,12,51,
2022-12-15T06:39:44Z,913,12,51,
2022-12-15T06:44:43Z,914,12,51,
2022-12-15T06:49:42Z,915,12,51,
2022-12-15T06:54:42Z,916,13,50,
2022-12-15T06:59:41Z,917,13,50,
2022-12-15T07:04:40Z,918,13,50,
2022-12-15T07:09:40Z,919,13,50,
2022-12-15T07:14:39Z,920,13,50,
2022-12-15T07:19:38Z,921,13,50,
2022-12-15T07:24:38Z,922,13,50,
2022-12-15T07:29:37Z,923,13,50,
2022-12-15T07:34:36Z,924,13,50,
2022-12-15T07:39:36Z,925,13,50,
2022-12-15T07:44:35Z,926,13,50,
2022-12-15T07:49:34Z,927,13,50,
2022-12-15T07:54:33Z,928,13,50,
2022-12-15T07:59:33Z,929,13,50,
2022-12-15T08:04:32Z,930,13,50,
2022-12-15T08:09:31Z,931,13,50,
2022-12-15T08:14:30Z,932,13,50,
2022-12-15T08:19:30Z,933,13,50,
2022-12-15T08:24:29Z,934,13,50,
2022-12-15T08:29:28Z,935,13,50,
2022-12-15T08:34:27Z,936,13,50,
2022-12-15T08:39:27Z,937,13,50,
2022-12-15T08:44:27Z,938,13,50,
2022-12-15T08:49:25Z,939,13,49,
2022-12-15T08:54:24Z,940,13,50,
2022-12-15T08:59:24Z,941,13,50,
2022-12-15T09:04:23Z,942,13,50,
2022-12-15T09:09:22Z,943,13,50,
2022-12-15T09:14:21Z,944,13,49,
2022-12-15T09:19:21Z,945,13,49,
2022-12-15T09:24:20Z,946,13,49,
2022-12-15T09:29:19Z,947,13,49,
2022-12-15T09:34:19Z,948,13,50,
2022-12-15T09:39:18Z,949,13,51,
2022-12-15T09:44:18Z,950,13,52,
2022-12-15T09:49:17Z,951,13,53,
2022-12-15T09:54:16Z,952,14,54,
2022-12-15T09:59:16Z,953,14,55,
2022-12-15T10:04:16Z,954,14,55,
2022-12-15T10:09:16Z,955,14,55,
2022-12-15T10:14:15Z,956,14,56,
2022-12-15T10:19:14Z,957,15,56,
2022-12-15T10:24:13Z,958,15,56,
2022-12-15T10:29:13Z,959,14,55,
2022-12-15T10:34:12Z,960,14,53,
2022-12-15T10:39:11Z,961,14,53,
2022-12-15T10:44:12Z,962,14,52,
2022-12-15T10:49:10Z,963,14,52,
2022-12-15T10:54:09Z,964,14,51,
2022-12-15T10:59:08Z,965,14,51,
2022-12-15T11:04:08Z,966,14,51,
2022-12-15T11:09:07Z,967,14,51,
2022-12-15T11:14:06Z,968,14,50,
2022-12-15T11:19:06Z,969,14,50,
2022-12-15T11:24:05Z,970,14,50,
2022-12-15T11:29:04Z,971,14,50,
2022-12-15T11:34:03Z,972,14,50,
2022-12-15T11:39:02Z,973,14,50,
2022-12-15T11:44:02Z,974,14,50,
2022-12-15T11:49:01Z,975,14,50,
2022-12-15T11:54:01Z,976,13,50,
2022-12-15T11:58:59Z,977,13,50,
2022-12-15T12:03:58Z,978,13,50,
2022-12-15T12:08:59Z,979,13,50,
2022-12-15T12:13:57Z,980,13,50,
2022-12-15T12:18:56Z,981,13,50,
2022-12-15T12:23:55Z,982,13,49,
2022-12-15T12:28:54Z,983,13,49,
2022-12-15T12:33:53Z,984,13,49,
2022-12-15T12:38:53Z,985,13,50,
2022-12-15T12:43:53Z,986,13,49,
2022-12-15T12:48:51Z,987,13,50,
2022-12-15T12:53:51Z,988,13,49,
2022-12-15T12:58:50Z,989,13,50,
2022-12-15T13:03:50Z,990,13,49,
2022-12-15T13:08:50Z,991,13,49,
2022-12-15T13:13:49Z,992,13,50,
2022-12-15T13:18:47Z,993,13,50,
2022-12-15T13:23:47Z,994,13,50,
2022-12-15T13:28:45Z,995,13,50,
2022-12-15T13:33:45Z,996,13,50,
2022-12-15T13:38:44Z,997,13,50,
2022-12-15T13:43:43Z,998,13,50,
2022-12-15T13:48:42Z,999,13,50,
2022-12-15T13:53:42Z,1000,13,50,
2022-12-15T13:58:41Z,1001,13,50,
2022-12-15T14:03:41Z,1002,13,50,
2022-12-15T14:08:40Z,1003,13,50,
2022-12-15T14:13:38Z,1004,12,50,
2022-12-15T14:18:37Z,1005,12,50,
2022-12-15T14:23:37Z,1006,12,50,
2022-12-15T14:28:36Z,1007,12,50,
2022-12-15T14:33:35Z,1008,12,50,
2022-12-15T14:38:35Z,1009,12,50,
2022-12-15T14:43:34Z,1010,12,50,
2022-12-15T14:48:33Z,1011,12,50,
2022-12-15T14:53:32Z,1012,12,50,
2022-12-15T14:58:31Z,1013,12,50,
2022-12-15T15:03:32Z,1014,12,50,
2022-12-15T15:08:30Z,1015,12,50,
2022-12-15T15:13:29Z,1016,12,50,
2022-12-15T15:18:28Z,1017,12,50,
2022-12-15T15:23:29Z,1018,12,50,
2022-12-15T15:28:27Z,1019,12,51,
2022-12-15T15:33:26Z,1020,12,50,
2022-12-15T15:38:25Z,1021,12,51,
2022-12-15T15:43:24Z,1022,12,51,
2022-12-15T15:48:24Z,1023,12,51,
2022-12-15T15:53:23Z,1024,11,51,
2022-12-15T15:58:22Z,1025,11,51,
2022-12-15T16:03:21Z,1026,11,51,
2022-12-15T16:08:21Z,1027,11,51,
2022-12-15T16:13:20Z,1028,11,51,
2022-12-15T16:18:19Z,1029,11,51,
2022-12-15T16:23:18Z,1030,11,51,
2022-12-15T16:28:18Z,1031,11,51,
2022-12-15T16:33:17Z,1032,11,51,
2022-12-15T16:38:16Z,1033,11,51,
2022-12-15T16:43:15Z,1034,11,51,
2022-12-15T16:48:14Z,1035,11,51,
2022-12-15T16:53:14Z,1036,11,51,
2022-12-15T16:58:13Z,1037,11,51,
2022-12-15T17:03:12Z,1038,11,51,
2022-12-15T17:08:13Z,1039,11,51,
2022-12-15T17:13:11Z,1040,11,51,
2022-12-15T17:18:10Z,1041,11,51,
2022-12-15T17:23:09Z,1042,11,51,
2022-12-15T17:28:08Z,1043,11,51,
2022-12-15T17:33:07Z,1044,11,51,
2022-12-15T17:38:07Z,1045,10,51,
2022-12-15T17:43:06Z,1046,10,51,
2022-12-15T17:48:07Z,1047,10,51,
2022-12-15T17:53:04Z,1048,10,51,
2022-12-15T17:58:05Z,1049,10,51,
2022-12-15T18:03:03Z,1050,10,52,
2022-12-15T18:08:04Z,1051,10,52,
2022-12-15T18:13:03Z,1052,10,52,
2022-12-15T18:18:00Z,1053,10,52,
2022-12-15T18:23:00Z,1054,10,52,
2022-12-15T18:27:59Z,1055,10,52,
2022-12-15T18:33:00Z,1056,10,52,
2022-12-15T18:42:59Z,1057,10,52,
2022-12-15T18:47:58Z,1058,10,52,
2022-12-15T18:52:57Z,1059,10,52,
2022-12-15T18:57:55Z,1060,10,52,
2022-12-15T19:02:54Z,1061,10,52,
2022-12-15T19:07:53Z,1062,10,52,
2022-12-15T19:12:53Z,1063,9,52,
2022-12-15T19:17:54Z,1064,9,52,
2022-12-15T19:22:53Z,1065,9,52,
2022-12-15T19:27:52Z,1066,9,52,
2022-12-15T19:32:50Z,1067,9,52,
2022-12-15T19:37:50Z,1068,9,53,
2022-12-15T19:42:51Z,1069,9,53,
2022-12-15T19:47:49Z,1070,9,53,
2022-12-15T19:52:47Z,1071,9,53,
2022-12-15T19:57:46Z,1072,9,53,
2022-12-15T20:02:47Z,1073,9,53,
2022-12-15T20:07:47Z,1074,9,53,
2022-12-15T20:12:46Z,1075,9,53,
2022-12-15T20:17:43Z,1076,9,53,
2022-12-15T20:22:43Z,1077,9,53,
2022-12-15T20:27:42Z,1078,9,53,
2022-12-15T20:32:43Z,1079,9,53,
2022-12-15T20:37:40Z,1080,9,53,
2022-12-15T20:42:39Z,1081,9,53,
2022-12-15T20:47:39Z,1082,9,53,
2022-12-15T20:52:40Z,1083,9,53,
2022-12-15T20:57:39Z,1084,9,53,
2022-12-15T21:02:36Z,1085,9,53,
2022-12-15T21:07:38Z,1086,8,53,
2022-12-15T21:12:37Z,1087,8,53,
2022-12-15T21:17:37Z,1088,8,53,
2022-12-15T21:22:34Z,1089,8,53,
2022-12-15T21:27:35Z,1090,8,54,
2022-12-15T21:32:32Z,1091,8,54,
2022-12-15T21:37:33Z,1092,8,54,
2022-12-15T21:42:32Z,1093,8,54,
2022-12-15T21:47:31Z,1094,8,54,
2022-12-15T21:52:31Z,1095,8,54,
2022-12-15T21:57:31Z,1096,8,54,
2022-12-15T22:02:27Z,1097,8,54,
2022-12-15T22:07:29Z,1098,8,54,
2022-12-15T22:12:28Z,1099,8,54,
2022-12-15T22:17:27Z,1100,8,54,
2022-12-15T22:22:26Z,1101,8,54,
2022-12-15T22:27:26Z,1102,8,54,
2022-12-15T22:32:25Z,1103,8,54,
2022-12-15T22:37:22Z,1104,8,54,
2022-12-15T22:42:21Z,1105,8,54,
2022-12-15T22:47:23Z,1106,8,54,
2022-12-15T22:52:20Z,1107,8,54,
2022-12-15T22:57:21Z,1108,8,54,
2022-12-15T23:02:18Z,1109,8,54,
2022-12-15T23:07:19Z,1110,8,54,
2022-12-15T23:12:18Z,1111,8,54,
2022-12-15T23:17:16Z,1112,7,54,
2022-12-15T23:22:17Z,1113,7,54,
2022-12-15T23:27:14Z,1114,7,54,
2022-12-15T23:32:15Z,1115,7,54,
2022-12-15T23:37:13Z,1116,7,55,
2022-12-15T23:42:12Z,1117,7,55,
2022-12-15T23:47:11Z,1118,7,55,
2022-12-15T23:52:14Z,1119,7,55,
2022-12-15T23:57:10Z,1120,7,55,
2022-12-16T00:02:09Z,1121,7,55,
2022-12-16T00:07:10Z,1122,7,55,
2022-12-16T00:12:09Z,1123,7,55,
2022-12-16T00:17:09Z,1124,7,55,
2022-12-16T00:22:06Z,1125,7,55,
2022-12-16T00:27:05Z,1126,7,55,
2022-12-16T00:32:04Z,1127,7,55,
2022-12-16T00:37:05Z,1128,7,55,
2022-12-16T00:42:03Z,1129,7,55,
2022-12-16T00:47:04Z,1130,7,55,
2022-12-16T00:52:03Z,1131,7,55,
2022-12-16T00:57:02Z,1132,7,55,
2022-12-16T01:01:59Z,1133,7,55,
2022-12-16T01:06:59Z,1134,7,55,
2022-12-16T01:12:00Z,1135,7,55,
2022-12-16T01:16:59Z,1136,7,55,
2022-12-16T01:21:59Z,1137,7,55,
2022-12-16T01:26:58Z,1138,7,55,
2022-12-16T01:31:55Z,1139,7,55,
2022-12-16T01:36:54Z,1140,6,55,
2022-12-16T01:41:56Z,1141,6,55,
2022-12-16T01:46:55Z,1142,6,56,
2022-12-16T01:51:52Z,1143,6,56,
2022-12-16T01:56:52Z,1144,6,56,
2022-12-16T02:01:53Z,1145,6,56,
2022-12-16T02:06:52Z,1146,6,56,
2022-12-16T02:11:51Z,1147,6,56,
2022-12-16T02:16:49Z,1148,6,56,
2022-12-16T02:21:48Z,1149,6,56,
2022-12-16T02:26:47Z,1150,6,56,
2022-12-16T02:31:46Z,1151,6,56,
2022-12-16T02:36:46Z,1152,6,56,
2022-12-16T02:41:47Z,1153,6,56,
2022-12-16T02:46:44Z,1154,6,56,
2022-12-16T02:51:45Z,1155,6,56,
2022-12-16T02:56:42Z,1156,6,56,
2022-12-16T03:01:44Z,1157,6,56,
2022-12-16T03:06:43Z,1158,6,56,
2022-12-16T03:11:43Z,1159,6,56,
2022-12-16T03:16:41Z,1160,6,56,
2022-12-16T03:21:41Z,1161,6,56,
2022-12-16T03:26:40Z,1162,6,56,
2022-12-16T03:31:38Z,1163,6,57,
2022-12-16T03:36:39Z,1164,6,57,
2022-12-16T03:41:38Z,1165,6,57,
2022-12-16T03:46:37Z,1166,6,57,
2022-12-16T03:51:37Z,1167,6,57,
2022-12-16T03:56:34Z,1168,6,57,
2022-12-16T04:01:34Z,1169,6,57,
2022-12-16T04:06:33Z,1170,6,57,
2022-12-16T04:11:34Z,1171,7,57,
2022-12-16T04:16:32Z,1172,7,57,
2022-12-16T04:21:33Z,1173,7,57,
2022-12-16T04:26:30Z,1174,7,57,
2022-12-16T04:31:32Z,1175,7,57,
2022-12-16T04:36:31Z,1176,7,57,
2022-12-16T04:41:30Z,1177,7,57,
2022-12-16T04:46:29Z,1178,7,57,
2022-12-16T04:51:27Z,1179,7,57,
2022-12-16T04:56:26Z,1180,7,57,
2022-12-16T05:01:25Z,1181,7,57,
2022-12-16T05:06:25Z,1182,7,57,
2022-12-16T05:11:25Z,1183,7,57,
2022-12-16T05:16:23Z,1184,7,57,
2022-12-16T05:21:23Z,1185,7,57,
2022-12-16T05:26:24Z,1186,7,57,
2022-12-16T05:31:21Z,1187,7,57,
2022-12-16T05:36:23Z,1188,7,57,
2022-12-16T05:41:22Z,1189,7,57,
2022-12-16T05:46:21Z,1190,7,57,
2022-12-16T05:51:19Z,1191,7,57,
2022-12-16T05:56:18Z,1192,7,57,
2022-12-16T06:01:17Z,1193,7,57,
2022-12-16T06:06:16Z,1194,7,57,
2022-12-16T06:11:17Z,1195,8,57,
2022-12-16T06:16:15Z,1196,7,57,
2022-12-16T06:21:16Z,1197,8,57,
2022-12-16T06:26:15Z,1198,8,57,
2022-12-16T06:31:14Z,1199,8,57,
2022-12-16T06:36:12Z,1200,8,57,
2022-12-16T06:41:11Z,1201,8,57,
2022-12-16T06:46:12Z,1202,8,57,
2022-12-16T06:51:10Z,1203,8,57,
2022-12-16T06:56:11Z,1204,8,57,
2022-12-16T07:01:10Z,1205,8,57,
2022-12-16T07:06:07Z,1206,8,57,
2022-12-16T07:11:09Z,1207,8,57,
2022-12-16T07:16:08Z,1208,7,57,
2022-12-16T07:21:07Z,1209,7,57,
2022-12-16T07:26:06Z,1210,7,57,
2022-12-16T07:31:03Z,1211,7,58,
2022-12-16T07:36:03Z,1212,7,58,
2022-12-16T07:41:04Z,1213,7,58,
2022-12-16T07:46:03Z,1214,7,58,
2022-12-16T07:51:03Z,1215,7,58,
2022-12-16T07:56:02Z,1216,7,58,
2022-12-16T08:00:59Z,1217,7,58,
2022-12-16T08:05:59Z,1218,7,58,
2022-12-16T08:11:00Z,1219,7,58,
2022-12-16T08:15:59Z,1220,7,58,
2022-12-16T08:20:58Z,1221,7,58,
2022-12-16T08:25:57Z,1222,7,58,
2022-12-16T08:30:55Z,1223,7,58,
2022-12-16T08:35:56Z,1224,7,58,
2022-12-16T08:40:53Z,1225,7,58,
2022-12-16T08:45:54Z,1226,7,58,
2022-12-16T08:50:52Z,1227,7,58,
2022-12-16T08:55:51Z,1228,7,58,
2022-12-16T09:00:52Z,1229,7,58,
2022-12-16T09:05:49Z,1230,7,58,
2022-12-16T09:10:51Z,1231,7,58,
2022-12-16T09:15:48Z,1232,7,58,
2022-12-16T09:20:47Z,1233,7,58,
2022-12-16T09:25:48Z,1234,7,58,
2022-12-16T09:30:48Z,1235,7,58,
2022-12-16T09:35:45Z,1236,7,58,
2022-12-16T09:40:44Z,1237,7,58,
2022-12-16T09:45:44Z,1238,7,58,
2022-12-16T09:50:45Z,1239,7,58,
2022-12-16T09:55:42Z,1240,7,58,
2022-12-16T10:00:44Z,1241,7,58,
2022-12-16T10:05:41Z,1242,7,58,
2022-12-16T10:10:42Z,1243,7,58,
2022-12-16T10:15:39Z,1244,7,58,
2022-12-16T10:20:40Z,1245,7,58,
2022-12-16T10:25:38Z,1246,7,58,
2022-12-16T10:30:37Z,1247,7,58,
2022-12-16T10:35:38Z,1248,7,58,
2022-12-16T10:40:38Z,1249,7,59,
2022-12-16T10:45:35Z,1250,7,59,
2022-12-16T10:50:36Z,1251,7,59,
2022-12-16T10:55:35Z,1252,7,59,
2022-12-16T11:00:32Z,1253,7,59,
2022-12-16T11:05:32Z,1254,7,59,
2022-12-16T11:10:31Z,1255,7,59,
2022-12-16T11:15:30Z,1256,7,59,
2022-12-16T11:20:31Z,1257,7,59,
2022-12-16T11:25:31Z,1258,7,59,
2022-12-16T11:30:28Z,1259,7,59,
2022-12-16T11:35:27Z,1260,7,59,
2022-12-16T11:40:28Z,1261,7,59,
2022-12-16T11:45:26Z,1262,7,59,
2022-12-16T11:50:25Z,1263,7,59,
2022-12-16T11:55:24Z,1264,7,59,
2022-12-16T12:00:24Z,1265,7,59,
2022-12-16T12:05:25Z,1266,7,59,
2022-12-16T12:10:22Z,1267,7,59,
2022-12-16T12:15:23Z,1268,7,59,
2022-12-16T12:20:22Z,1269,7,59,
2022-12-16T12:25:20Z,1270,7,59,
2022-12-16T12:30:23Z,1271,7,59,
2022-12-16T12:35:18Z,1272,7,59,
2022-12-16T12:40:19Z,1273,7,59,
2022-12-16T12:45:21Z,1274,7,59,
2022-12-16T12:50:18Z,1275,7,59,
2022-12-16T12:55:15Z,1276,7,59,
2022-12-16T13:00:17Z,1277,7,60,
2022-12-16T13:05:14Z,1278,7,60,
2022-12-16T13:10:13Z,1279,7,60,
2022-12-16T13:15:14Z,1280,7,60,
2022-12-16T13:20:12Z,1281,7,60,
2022-12-16T13:25:13Z,1282,7,60,
2022-12-16T13:30:12Z,1283,7,60,
2022-12-16T13:35:12Z,1284,7,60,
2022-12-16T13:40:09Z,1285,7,60,
2022-12-16T13:45:08Z,1286,7,60,
2022-12-16T13:50:07Z,1287,7,60,
2022-12-16T13:55:07Z,1288,7,60,
2022-12-16T14:00:06Z,1289,7,60,
2022-12-16T14:05:07Z,1290,7,60,
2022-12-16T14:10:06Z,1291,7,60,
2022-12-16T14:15:05Z,1292,7,60,
2022-12-16T14:20:05Z,1293,7,60,
2022-12-16T14:25:02Z,1294,7,61,
2022-12-16T14:30:03Z,1295,7,61,
2022-12-16T14:35:01Z,1296,7,61,
2022-12-16T14:40:02Z,1297,7,61,
2022-12-16T14:44:59Z,1298,7,61,
2022-12-16T14:50:00Z,1299,7,61,
2022-12-16T14:55:00Z,1300,7,61,
2022-12-16T14:59:59Z,1301,7,61,
2022-12-16T15:04:56Z,1302,7,61,
2022-12-16T15:09:56Z,1303,7,61,
2022-12-16T15:14:57Z,1304,7,61,
2022-12-16T15:19:54Z,1305,7,62,
2022-12-16T15:24:53Z,1306,7,62,
2022-12-16T15:29:55Z,1307,7,62,
2022-12-16T15:34:52Z,1308,7,62,
2022-12-16T15:39:54Z,1309,7,62,
2022-12-16T15:44:51Z,1310,7,62,
2022-12-16T15:49:50Z,1311,7,62,
2022-12-16T15:54:49Z,1312,7,62,
2022-12-16T15:59:51Z,1313,7,62,
2022-12-16T16:04:52Z,1314,7,62,
2022-12-16T16:09:50Z,1315,7,62,
2022-12-16T16:14:47Z,1316,7,62,
2022-12-16T16:19:47Z,1317,7,62,
2022-12-16T16:24:46Z,1318,7,62,
2022-12-16T16:29:46Z,1319,7,62,
2022-12-16T16:34:44Z,1320,7,62,
2022-12-16T16:39:44Z,1321,7,62,
2022-12-16T16:44:43Z,1322,7,62,
2022-12-16T16:49:43Z,1323,7,62,
2022-12-16T16:54:42Z,1324,7,62,
2022-12-16T16:59:41Z,1325,7,61,
2022-12-16T17:04:42Z,1326,7,61,
2022-12-16T17:09:40Z,1327,7,61,
2022-12-16T17:14:41Z,1328,7,61,
2022-12-16T17:19:41Z,1329,7,61,
2022-12-16T17:24:40Z,1330,7,61,
2022-12-16T17:29:39Z,1331,7,61,
2022-12-16T17:34:38Z,1332,7,61,
2022-12-16T17:39:38Z,1333,7,61,
2022-12-16T17:44:37Z,1334,7,61,
2022-12-16T17:49:34Z,1335,7,61,
2022-12-16T17:54:33Z,1336,7,61,
2022-12-16T17:59:35Z,1337,7,61,
2022-12-16T18:04:32Z,1338,7,61,
2022-12-16T18:09:33Z,1339,7,61,
2022-12-16T18:14:33Z,1340,7,61,
2022-12-16T18:19:32Z,1341,7,61,
2022-12-16T18:29:28Z,1342,7,61,
2022-12-16T18:34:28Z,1343,7,61,
2022-12-16T18:39:29Z,1344,7,61,
2022-12-16T18:44:28Z,1345,7,61,
2022-12-16T18:49:25Z,1346,7,61,
2022-12-16T18:54:25Z,1347,7,61,
2022-12-16T18:59:24Z,1348,7,61,
2022-12-16T19:04:25Z,1349,7,61,
2022-12-16T19:09:23Z,1350,7,61,
2022-12-16T19:14:22Z,1351,7,61,
2022-12-16T19:19:23Z,1352,7,61,
2022-12-16T19:24:21Z,1353,7,61,
2022-12-16T19:29:22Z,1354,7,62,
2022-12-16T19:34:21Z,1355,7,62,
2022-12-16T19:39:18Z,1356,7,62,
2022-12-16T19:44:20Z,1357,7,62,
2022-12-16T19:49:19Z,1358,7,62,
2022-12-16T19:54:16Z,1359,7,62,
2022-12-16T19:59:18Z,1360,7,62,
2022-12-16T20:04:15Z,1361,7,62,
2022-12-16T20:09:14Z,1362,7,62,
2022-12-16T20:14:13Z,1363,7,62,
2022-12-16T20:19:15Z,1364,7,62,
2022-12-16T20:24:12Z,1365,8,62,
2022-12-16T20:29:11Z,1366,8,62,
2022-12-16T20:34:13Z,1367,8,62,
2022-12-16T20:39:12Z,1368,8,62,
2022-12-16T20:44:11Z,1369,8,62,
2022-12-16T20:49:09Z,1370,8,62,
2022-12-16T20:54:08Z,1371,8,62,
2022-12-16T20:59:10Z,1372,8,62,
2022-12-16T21:04:07Z,1373,8,62,
2022-12-16T21:09:08Z,1374,8,62,
2022-12-16T21:14:06Z,1375,8,62,
2022-12-16T21:19:05Z,1376,8,62,
2022-12-16T21:24:06Z,1377,8,62,
2022-12-16T21:29:06Z,1378,8,62,
2022-12-16T21:34:03Z,1379,8,62,
2022-12-16T21:39:04Z,1380,9,62,
2022-12-16T21:44:04Z,1381,9,62,
2022-12-16T21:49:01Z,1382,9,62,
2022-12-16T21:54:03Z,1383,9,62,
2022-12-16T21:59:02Z,1384,9,62,
2022-12-16T22:04:01Z,1385,9,62,
2022-12-16T22:08:59Z,1386,9,61,
2022-12-16T22:13:58Z,1387,9,61,
2022-12-16T22:18:58Z,1388,9,61,
2022-12-16T22:23:59Z,1389,9,61,
2022-12-16T22:28:56Z,1390,9,61,
2022-12-16T22:33:56Z,1391,9,61,
2022-12-16T22:38:57Z,1392,9,61,
2022-12-16T22:43:58Z,1393,9,61,
2022-12-16T22:48:54Z,1394,9,61,
2022-12-16T22:53:55Z,1395,10,61,
2022-12-16T22:58:52Z,1396,10,61,
2022-12-16T23:03:52Z,1397,10,61,
2022-12-16T23:08:51Z,1398,10,60,
2022-12-16T23:13:52Z,1399,10,60,
2022-12-16T23:18:51Z,1400,10,60,
2022-12-16T23:23:51Z,1401,10,60,
2022-12-16T23:28:49Z,1402,10,60,
2022-12-16T23:33:50Z,1403,10,60,
2022-12-16T23:38:49Z,1404,10,60,
2022-12-16T23:43:49Z,1405,10,60,
2022-12-16T23:48:46Z,1406,10,60,
2022-12-16T23:53:45Z,1407,10,60,
2022-12-16T23:58:45Z,1408,10,60,
2022-12-17T00:03:46Z,1409,10,60,
2022-12-17T00:08:45Z,1410,10,60,
2022-12-17T00:13:45Z,1411,10,60,
2022-12-17T00:18:42Z,1412,10,60,
2022-12-17T00:23:44Z,1413,10,60,
2022-12-17T00:28:43Z,1414,10,59,
2022-12-17T00:33:40Z,1415,10,59,
2022-12-17T00:38:42Z,1416,10,59,
2022-12-17T00:43:41Z,1417,11,59,
2022-12-17T00:48:41Z,1418,11,59,
2022-12-17T00:53:40Z,1419,11,59,
2022-12-17T00:58:37Z,1420,11,59,
2022-12-17T01:03:39Z,1421,11,59,
2022-12-17T01:08:36Z,1422,11,59,
2022-12-17T01:13:35Z,1423,11,59,
2022-12-17T01:18:34Z,1424,11,59,
2022-12-17T01:23:36Z,1425,11,59,
2022-12-17T01:28:33Z,1426,11,59,
2022-12-17T01:33:34Z,1427,11,59,
2022-12-17T01:38:34Z,1428,11,59,
2022-12-17T01:43:31Z,1429,11,59,
2022-12-17T01:48:31Z,1430,11,59,
2022-12-17T01:53:32Z,1431,11,58,
2022-12-17T01:58:31Z,1432,11,59,
2022-12-17T02:03:31Z,1433,11,58,
2022-12-17T02:08:30Z,1434,11,58,
2022-12-17T02:13:29Z,1435,11,58,
2022-12-17T02:18:26Z,1436,11,58,
2022-12-17T02:23:26Z,1437,11,58,
2022-12-17T02:28:25Z,1438,11,58,
2022-12-17T02:33:25Z,1439,12,58,
2022-12-17T02:38:26Z,1440,12,58,
2022-12-17T02:43:23Z,1441,12,58,
2022-12-17T02:48:23Z,1442,12,58,
2022-12-17T02:53:22Z,1443,12,58,
2022-12-17T02:58:22Z,1444,12,58,
2022-12-17T03:03:23Z,1445,12,58,
2022-12-17T03:08:22Z,1446,12,58,
2022-12-17T03:13:21Z,1447,12,58,
2022-12-17T03:18:19Z,1448,12,58,
2022-12-17T03:23:18Z,1449,12,57,
2022-12-17T03:28:17Z,1450,12,57,
2022-12-17T03:33:17Z,1451,12,57,
2022-12-17T03:38:18Z,1452,12,57,
2022-12-17T03:43:17Z,1453,12,57,
2022-12-17T03:48:16Z,1454,12,57,
2022-12-17T03:53:16Z,1455,12,57,
2022-12-17T03:58:15Z,1456,12,57,
2022-12-17T04:03:15Z,1457,12,57,
2022-12-17T04:08:14Z,1458,12,57,
2022-12-17T04:13:11Z,1459,12,57,
2022-12-17T04:18:12Z,1460,12,57,
2022-12-17T04:23:10Z,1461,12,57,
2022-12-17T04:28:09Z,1462,12,57,
2022-12-17T04:33:09Z,1463,12,57,
2022-12-17T04:38:07Z,1464,12,57,
2022-12-17T04:43:08Z,1465,12,57,
2022-12-17T04:48:07Z,1466,12,57,
2022-12-17T04:53:04Z,1467,13,57,
2022-12-17T04:58:04Z,1468,13,57,
2022-12-17T05:03:05Z,1469,13,56,
2022-12-17T05:08:02Z,1470,13,56,
2022-12-17T05:13:04Z,1471,13,56,
2022-12-17T05:18:01Z,1472,13,56,
2022-12-17T05:23:00Z,1473,13,56,
2022-12-17T05:28:02Z,1474,13,56,
2022-12-17T05:32:59Z,1475,13,56,
2022-12-17T05:38:00Z,1476,13,56,
2022-12-17T05:42:57Z,1477,13,56,
2022-12-17T05:47:57Z,1478,13,56,
2022-12-17T05:52:58Z,1479,13,56,
2022-12-17T05:57:55Z,1480,13,56,
2022-12-17T06:02:57Z,1481,13,56,
2022-12-17T06:07:54Z,1482,13,56,
2022-12-17T06:12:53Z,1483,13,56,
2022-12-17T06:17:54Z,1484,13,56,
2022-12-17T06:22:53Z,1485,13,56,
2022-12-17T06:27:53Z,1486,13,56,
2022-12-17T06:32:52Z,1487,13,56,
2022-12-17T06:37:49Z,1488,13,56,
2022-12-17T06:42:50Z,1489,13,56,
2022-12-17T06:47:48Z,1490,13,56,
2022-12-17T06:52:49Z,1491,13,55,
2022-12-17T06:57:48Z,1492,13,55,
2022-12-17T07:02:46Z,1493,13,55,
2022-12-17T07:07:47Z,1494,13,55,
2022-12-17T07:12:47Z,1495,13,55,
2022-12-17T07:17:44Z,1496,13,55,
2022-12-17T07:22:45Z,1497,13,55,
2022-12-17T07:27:42Z,1498,13,55,
2022-12-17T07:32:43Z,1499,13,55,
2022-12-17T07:37:43Z,1500,13,55,
2022-12-17T07:42:40Z,1501,13,55,
2022-12-17T07:47:41Z,1502,13,55,
2022-12-17T07:52:39Z,1503,13,55,
2022-12-17T07:57:38Z,1504,13,55,
2022-12-17T08:02:39Z,1505,13,55,
2022-12-17T08:07:38Z,1506,13,55,
2022-12-17T08:12:36Z,1507,13,55,
2022-12-17T08:17:35Z,1508,13,55,
2022-12-17T08:22:37Z,1509,13,55,
2022-12-17T08:27:36Z,1510,13,55,
2022-12-17T08:32:35Z,1511,13,55,
2022-12-17T08:37:32Z,1512,13,55,
2022-12-17T08:42:34Z,1513,13,55,
2022-12-17T08:47:33Z,1514,14,55,
2022-12-17T08:52:30Z,1515,14,54,
2022-12-17T08:57:30Z,1516,14,54,
2022-12-17T09:02:31Z,1517,14,54,
2022-12-17T09:07:28Z,1518,14,54,
2022-12-17T09:12:29Z,1519,14,54,
2022-12-17T09:17:27Z,1520,14,54,
2022-12-17T09:22:28Z,1521,14,54,
2022-12-17T09:27:27Z,1522,13,53,
2022-12-17T09:32:24Z,1523,13,54,
2022-12-17T09:37:23Z,1524,14,54,
2022-12-17T09:42:23Z,1525,14,54,
2022-12-17T09:47:23Z,1526,14,54,
2022-12-17T09:52:22Z,1527,14,54,
2022-12-17T09:57:21Z,1528,14,54,
2022-12-17T10:02:20Z,1529,14,54,
2022-12-17T10:07:22Z,1530,14,54,
2022-12-17T10:12:19Z,1531,14,54,
2022-12-17T10:17:19Z,1532,14,54,
2022-12-17T10:22:20Z,1533,14,54,
2022-12-17T10:27:17Z,1534,14,54,
2022-12-17T10:32:16Z,1535,14,54,
2022-12-17T10:37:18Z,1536,14,54,
2022-12-17T10:42:15Z,1537,14,54,
2022-12-17T10:47:14Z,1538,14,54,
2022-12-17T10:52:16Z,1539,14,54,
2022-12-17T10:57:13Z,1540,14,54,
2022-12-17T11:02:14Z,1541,14,54,
2022-12-17T11:07:13Z,1542,14,54,
2022-12-17T11:12:11Z,1543,14,54,
2022-12-17T11:17:10Z,1544,14,54,
2022-12-17T11:22:11Z,1545,14,54,
2022-12-17T11:27:09Z,1546,15,54,
2022-12-17T11:32:10Z,1547,15,54,
2022-12-17T11:37:07Z,1548,15,53,
2022-12-17T11:42:09Z,1549,15,53,
2022-12-17T11:47:08Z,1550,15,53,
2022-12-17T11:52:07Z,1551,15,53,
2022-12-17T11:57:04Z,1552,15,53,
2022-12-17T12:02:06Z,1553,15,53,
2022-12-17T12:07:05Z,1554,15,53,
2022-12-17T12:12:02Z,1555,15,53,
2022-12-17T12:17:01Z,1556,15,53,
2022-12-17T12:22:05Z,1557,15,53,
2022-12-17T12:27:02Z,1558,15,53,
2022-12-17T12:32:02Z,1559,14,53,
2022-12-17T12:36:59Z,1560,14,53,
2022-12-17T12:42:00Z,1561,14,53,
2022-12-17T12:46:58Z,1562,14,53,
2022-12-17T12:51:59Z,1563,14,53,
2022-12-17T12:56:58Z,1564,14,53,
2022-12-17T13:01:57Z,1565,14,53,
2022-12-17T13:06:56Z,1566,14,53,
2022-12-17T13:11:54Z,1567,14,53,
2022-12-17T13:16:55Z,1568,14,53,
2022-12-17T13:21:52Z,1569,14,53,
2022-12-17T13:26:51Z,1570,14,53,
2022-12-17T13:31:52Z,1571,14,53,
2022-12-17T13:36:52Z,1572,14,53,
2022-12-17T13:41:51Z,1573,14,53,
2022-12-17T13:46:50Z,1574,14,53,
2022-12-17T13:51:47Z,1575,14,53,
2022-12-17T13:56:49Z,1576,14,53,
2022-12-17T14:01:46Z,1577,14,54,
2022-12-17T14:06:47Z,1578,14,53,
2022-12-17T14:11:44Z,1579,14,54,
2022-12-17T14:16:46Z,1580,14,54,
2022-12-17T14:21:43Z,1581,14,54,
2022-12-17T14:26:44Z,1582,14,54,
2022-12-17T14:31:43Z,1583,14,54,
2022-12-17T14:36:41Z,1584,14,54,
2022-12-17T14:41:40Z,1585,14,54,
2022-12-17T14:46:39Z,1586,14,54,
2022-12-17T14:51:40Z,1587,13,54,
2022-12-17T14:56:38Z,1588,13,54,
2022-12-17T15:01:39Z,1589,13,54,
2022-12-17T15:06:36Z,1590,13,54,
2022-12-17T15:11:37Z,1591,13,54,
2022-12-17T15:16:34Z,1592,13,54,
2022-12-17T15:21:34Z,1593,13,54,
2022-12-17T15:26:35Z,1594,13,54,
2022-12-17T15:31:34Z,1595,13,54,
2022-12-17T15:36:33Z,1596,13,54,
2022-12-17T15:41:31Z,1597,13,54,
2022-12-17T15:46:30Z,1598,13,54,
2022-12-17T15:51:29Z,1599,13,54,
2022-12-17T15:56:30Z,1600,13,55,
2022-12-17T16:01:30Z,1601,13,55,
2022-12-17T16:06:29Z,1602,13,55,
2022-12-17T16:11:28Z,1603,13,55,
2022-12-17T16:16:25Z,1604,13,55,
2022-12-17T16:21:24Z,1605,13,55,
2022-12-17T16:26:24Z,1606,13,55,
2022-12-17T16:31:23Z,1607,13,55,
2022-12-17T16:36:22Z,1608,13,55,
2022-12-17T16:41:23Z,1609,13,55,
2022-12-17T16:46:23Z,1610,12,55,
2022-12-17T16:51:22Z,1611,12,55,
2022-12-17T16:56:19Z,1612,12,55,
2022-12-17T17:01:18Z,1613,12,55,
2022-12-17T17:06:20Z,1614,12,55,
2022-12-17T17:11:17Z,1615,12,55,
2022-12-17T17:16:18Z,1616,12,55,
2022-12-17T17:21:15Z,1617,12,55,
2022-12-17T17:26:17Z,1618,12,55,
2022-12-17T17:31:14Z,1619,12,55,
2022-12-17T17:36:15Z,1620,12,55,
2022-12-17T17:41:12Z,1621,12,56,
2022-12-17T17:46:13Z,1622,12,56,
2022-12-17T17:51:12Z,1623,12,56,
2022-12-17T17:56:12Z,1624,12,56,
2022-12-17T18:01:11Z,1625,12,56,
2022-12-17T18:06:10Z,1626,12,56,
2022-12-17T18:11:09Z,1627,12,56,
2022-12-17T18:16:06Z,1628,12,56,
2022-12-17T18:21:07Z,1629,12,56,
2022-12-17T18:26:07Z,1630,12,56,
2022-12-17T18:31:06Z,1631,12,56,
2022-12-17T18:36:03Z,1632,12,56,
2022-12-17T18:41:05Z,1633,11,56,
2022-12-17T18:46:04Z,1634,11,56,
2022-12-17T18:51:03Z,1635,11,56,
2022-12-17T18:56:01Z,1636,11,56,
2022-12-17T19:01:02Z,1637,11,56,
2022-12-17T19:05:59Z,1638,11,57,
2022-12-17T19:11:00Z,1639,11,57,
2022-12-17T19:16:00Z,1640,11,57,
2022-12-17T19:21:01Z,1641,11,57,
2022-12-17T19:25:58Z,1642,11,57,
2022-12-17T19:30:57Z,1643,11,57,
2022-12-17T19:35:54Z,1644,11,57,
2022-12-17T19:40:54Z,1645,11,57,
2022-12-17T19:45:53Z,1646,11,57,
2022-12-17T19:50:52Z,1647,11,57,
2022-12-17T19:55:54Z,1648,11,57,
2022-12-17T20:00:51Z,1649,11,57,
2022-12-17T20:05:50Z,1650,11,57,
2022-12-17T20:10:49Z,1651,11,57,
2022-12-17T20:15:49Z,1652,11,57,
2022-12-17T20:20:50Z,1653,11,57,
2022-12-17T20:25:47Z,1654,11,57,
2022-12-17T20:30:46Z,1655,11,57,
2022-12-17T20:35:48Z,1656,11,58,
2022-12-17T20:40:47Z,1657,11,58,
2022-12-17T20:45:44Z,1658,10,58,
2022-12-17T20:50:45Z,1659,10,58,
2022-12-17T20:55:43Z,1660,10,58,
2022-12-17T21:00:43Z,1661,10,58,
2022-12-17T21:05:43Z,1662,10,58,
2022-12-17T21:10:42Z,1663,10,58,
2022-12-17T21:15:42Z,1664,10,58,
2022-12-17T21:20:41Z,1665,10,58,
2022-12-17T21:25:38Z,1666,10,58,
2022-12-17T21:30:37Z,1667,10,58,
2022-12-17T21:35:38Z,1668,10,58,
2022-12-17T21:40:38Z,1669,10,58,
2022-12-17T21:45:35Z,1670,10,58,
2022-12-17T21:50:34Z,1671,10,58,
2022-12-17T22:00:35Z,1672,10,58,
2022-12-17T22:05:34Z,1673,10,58,
2022-12-17T22:10:31Z,1674,10,58,
2022-12-17T22:15:32Z,1675,10,58,
2022-12-17T22:20:30Z,1676,10,58,
2022-12-17T22:25:31Z,1677,10,58,
2022-12-17T22:30:30Z,1678,10,58,
2022-12-17T22:35:27Z,1679,10,58,
2022-12-17T22:40:29Z,1680,10,58,
2022-12-17T22:45:26Z,1681,10,58,
2022-12-17T22:50:25Z,1682,10,58,
2022-12-17T22:55:26Z,1683,10,58,
2022-12-17T23:00:26Z,1684,10,59,
2022-12-17T23:05:25Z,1685,10,59,
2022-12-17T23:10:24Z,1686,9,59,
2022-12-17T23:15:22Z,1687,9,59,
2022-12-17T23:20:23Z,1688,9,59,
2022-12-17T23:25:20Z,1689,9,59,
2022-12-17T23:30:22Z,1690,9,59,
2022-12-17T23:35:21Z,1691,9,59,
2022-12-17T23:40:20Z,1692,9,59,
2022-12-17T23:45:19Z,1693,9,59,
2022-12-17T23:50:19Z,1694,9,59,
2022-12-17T23:55:18Z,1695,9,59,
2022-12-18T00:00:17Z,1696,9,59,
2022-12-18T00:05:14Z,1697,9,59,
2022-12-18T00:10:14Z,1698,9,59,
2022-12-18T00:15:13Z,1699,9,59,
2022-12-18T00:20:14Z,1700,9,59,
2022-12-18T00:25:12Z,1701,9,59,
2022-12-18T00:30:13Z,1702,9,59,
2022-12-18T00:35:12Z,1703,10,59,
2022-12-18T00:40:10Z,1704,10,59,
2022-12-18T00:45:11Z,1705,10,59,
2022-12-18T00:50:08Z,1706,10,59,
2022-12-18T00:55:10Z,1707,10,59,
2022-12-18T01:00:07Z,1708,10,59,
2022-12-18T01:05:06Z,1709,10,59,
2022-12-18T01:10:08Z,1710,10,59,
2022-12-18T01:15:05Z,1711,10,59,
2022-12-18T01:20:04Z,1712,10,59,
2022-12-18T01:25:06Z,1713,10,59,
2022-12-18T01:30:03Z,1714,10,59,
2022-12-18T01:35:03Z,1715,10,58,
2022-12-18T01:40:02Z,1716,10,58,
2022-12-18T01:45:01Z,1717,10,58,
2022-12-18T01:50:01Z,1718,10,58,
2022-12-18T01:55:00Z,1719,11,58,
2022-12-18T02:00:00Z,1720,11,58,
2022-12-18T02:05:01Z,1721,11,58,
2022-12-18T02:09:58Z,1722,11,58,
2022-12-18T02:14:58Z,1723,11,58,
2022-12-18T02:19:57Z,1724,11,58,
2022-12-18T02:24:56Z,1725,11,58,
2022-12-18T02:29:56Z,1726,11,57,
2022-12-18T02:34:57Z,1727,11,57,
2022-12-18T02:39:56Z,1728,11,57,
2022-12-18T02:44:54Z,1729,11,57,
2022-12-18T02:49:55Z,1730,11,57,
2022-12-18T02:54:52Z,1731,11,57,
2022-12-18T02:59:54Z,1732,12,57,
2022-12-18T03:04:51Z,1733,12,57,
2022-12-18T03:09:53Z,1734,12,56,
2022-12-18T03:14:50Z,1735,12,56,
2022-12-18T03:19:49Z,1736,12,56,
2022-12-18T03:24:48Z,1737,12,56,
2022-12-18T03:29:47Z,1738,12,56,
2022-12-18T03:34:47Z,1739,12,56,
2022-12-18T03:39:47Z,1740,12,56,
2022-12-18T03:44:46Z,1741,12,56,
2022-12-18T03:49:45Z,1742,12,56,
2022-12-18T03:54:45Z,1743,12,55,
2022-12-18T03:59:44Z,1744,12,55,
2022-12-18T04:04:45Z,1745,12,55,
2022-12-18T04:09:45Z,1746,12,55,
2022-12-18T04:14:42Z,1747,12,55,
2022-12-18T04:19:42Z,1748,12,55,
2022-12-18T04:24:41Z,1749,12,55,
2022-12-18T04:29:42Z,1750,13,55,
2022-12-18T04:34:42Z,1751,13,55,
2022-12-18T04:39:41Z,1752,13,55,
2022-12-18T04:44:40Z,1753,13,55,
2022-12-18T04:49:37Z,1754,13,55,
2022-12-18T04:54:39Z,1755,13,55,
2022-12-18T04:59:36Z,1756,13,54,
2022-12-18T05:04:35Z,1757,13,54,
2022-12-18T05:09:36Z,1758,13,54,
2022-12-18T05:14:36Z,1759,13,54,
2022-12-18T05:19:35Z,1760,13,54,
2022-12-18T05:24:34Z,1761,13,54,
2022-12-18T05:29:32Z,1762,13,54,
2022-12-18T05:34:33Z,1763,13,54,
2022-12-18T05:39:33Z,1764,13,54,
2022-12-18T05:44:30Z,1765,13,54,
2022-12-18T05:49:31Z,1766,13,54,
2022-12-18T05:54:30Z,1767,13,54,
2022-12-18T05:59:30Z,1768,13,54,
2022-12-18T06:04:27Z,1769,13,54,
2022-12-18T06:09:27Z,1770,13,54,
2022-12-18T06:14:26Z,1771,13,54,
2022-12-18T06:19:25Z,1772,13,54,
2022-12-18T06:24:27Z,1773,13,54,
2022-12-18T06:29:26Z,1774,13,54,
2022-12-18T06:34:24Z,1775,13,54,
2022-12-18T06:39:25Z,1776,13,53,
2022-12-18T06:44:23Z,1777,13,53,
2022-12-18T06:49:22Z,1778,13,53,
2022-12-18T06:54:23Z,1779,14,53,
2022-12-18T06:59:20Z,1780,14,53,
2022-12-18T07:04:20Z,1781,14,53,
2022-12-18T07:09:19Z,1782,14,53,
2022-12-18T07:14:18Z,1783,14,53,
2022-12-18T07:19:17Z,1784,14,53,
2022-12-18T07:24:21Z,1785,14,53,
2022-12-18T07:29:18Z,1786,14,53,
2022-12-18T07:34:15Z,1787,14,53,
2022-12-18T07:39:15Z,1788,14,53,
2022-12-18T07:44:16Z,1789,14,53,
2022-12-18T07:49:13Z,1790,14,53,
2022-12-18T07:54:14Z,1791,14,53,
2022-12-18T07:59:14Z,1792,14,53,
2022-12-18T08:04:13Z,1793,14,53,
2022-12-18T08:09:12Z,1794,14,53,
2022-12-18T08:14:10Z,1795,14,52,
2022-12-18T08:19:11Z,1796,14,53,
2022-12-18T08:24:10Z,1797,14,53,
2022-12-18T08:29:07Z,1798,14,53,
2022-12-18T08:34:06Z,1799,14,52,
2022-12-18T08:39:06Z,1800,14,52,
2022-12-18T08:44:05Z,1801,14,52,
2022-12-18T08:49:06Z,1802,14,52,
2022-12-18T08:54:05Z,1803,14,53,
2022-12-18T08:59:03Z,1804,14,52,
2022-12-18T09:04:04Z,1805,14,52,
2022-12-18T09:09:01Z,1806,14,52,
2022-12-18T09:14:01Z,1807,14,52,
2022-12-18T09:19:00Z,1808,14,52,
2022-12-18T09:23:59Z,1809,14,52,
2022-12-18T09:28:59Z,1810,14,52,
2022-12-18T09:33:58Z,1811,14,52,
2022-12-18T09:38:59Z,1812,14,52,
2022-12-18T09:44:00Z,1813,14,52,
2022-12-18T09:48:57Z,1814,14,52,
2022-12-18T09:53:56Z,1815,14,52,
2022-12-18T09:58:56Z,1816,14,52,
2022-12-18T10:03:55Z,1817,14,52,
2022-12-18T10:08:54Z,1818,14,52,
2022-12-18T10:13:54Z,1819,14,52,
2022-12-18T10:18:53Z,1820,14,52,
2022-12-18T10:23:50Z,1821,14,52,
2022-12-18T10:28:51Z,1822,15,52,
2022-12-18T10:33:51Z,1823,14,52,
2022-12-18T10:38:50Z,1824,14,52,
2022-12-18T10:43:47Z,1825,14,52,
2022-12-18T10:48:48Z,1826,14,52,
2022-12-18T10:53:46Z,1827,14,52,
2022-12-18T10:58:47Z,1828,14,53,
2022-12-18T11:03:44Z,1829,14,53,
2022-12-18T11:08:44Z,1830,15,54,
2022-12-18T11:13:45Z,1831,15,54,
2022-12-18T11:18:45Z,1832,15,54,
2022-12-18T11:23:44Z,1833,15,55,
2022-12-18T11:28:43Z,1834,15,55,
2022-12-18T11:33:42Z,1835,15,55,
2022-12-18T11:38:42Z,1836,15,55,
2022-12-18T11:43:39Z,1837,15,55,
2022-12-18T11:48:40Z,1838,15,55,
2022-12-18T11:53:40Z,1839,15,55,
2022-12-18T11:58:39Z,1840,15,55,
2022-12-18T12:03:36Z,1841,15,54,
2022-12-18T12:08:35Z,1842,15,54,
2022-12-18T12:13:35Z,1843,15,54,
2022-12-18T12:18:36Z,1844,15,53,
2022-12-18T12:23:33Z,1845,15,53,
2022-12-18T12:28:35Z,1846,15,53,
2022-12-18T12:33:33Z,1847,15,53,
2022-12-18T12:38:33Z,1848,15,53,
2022-12-18T12:43:33Z,1849,15,52,
2022-12-18T12:48:34Z,1850,15,52,
2022-12-18T12:53:29Z,1851,15,52,
2022-12-18T12:58:31Z,1852,15,52,
2022-12-18T13:03:28Z,1853,15,52,
2022-12-18T13:08:27Z,1854,15,52,
2022-12-18T13:13:28Z,1855,15,52,
2022-12-18T13:18:27Z,1856,15,52,
2022-12-18T13:28:25Z,1857,15,52,
2022-12-18T13:43:21Z,1858,15,52,
2022-12-18T13:48:20Z,1859,15,52,
2022-12-18T13:58:19Z,1860,15,52,
2022-12-18T14:03:20Z,1861,15,52,
2022-12-18T14:18:15Z,1862,14,52,
2022-12-18T14:23:17Z,1863,14,52,
2022-12-18T14:28:14Z,1864,14,52,
2022-12-18T14:33:15Z,1865,14,52,
2022-12-18T14:48:11Z,1866,14,52,
2022-12-18T14:53:12Z,1867,14,52,
2022-12-18T14:58:12Z,1868,14,52,
2022-12-18T15:03:11Z,1869,14,52,
2022-12-18T15:08:10Z,1870,14,52,
2022-12-18T15:18:06Z,1871,14,52,
2022-12-18T15:33:04Z,1872,14,52,
2022-12-18T15:38:03Z,1873,14,52,
2022-12-18T15:43:04Z,1874,14,52,
2022-12-18T15:48:02Z,1875,13,52,
2022-12-18T15:53:01Z,1876,13,52,
2022-12-18T15:58:02Z,1877,13,52,
2022-12-18T16:08:01Z,1878,13,52,
2022-12-18T16:12:58Z,1879,13,52,
2022-12-18T16:17:57Z,1880,13,52,
2022-12-18T16:22:56Z,1881,13,52,
2022-12-18T16:32:55Z,1882,13,52,
2022-12-18T16:37:56Z,1883,13,52,
2022-12-18T16:42:55Z,1884,13,52,
2022-12-18T16:47:54Z,1885,13,52,
2022-12-18T16:57:53Z,1886,13,52,
2022-12-18T17:02:50Z,1887,13,53,
2022-12-18T17:07:52Z,1888,13,53,
2022-12-18T17:17:48Z,1889,13,53,
2022-12-18T17:22:49Z,1890,13,53,
2022-12-18T17:32:48Z,1891,13,53,
2022-12-18T17:37:47Z,1892,13,53,
2022-12-18T17:42:44Z,1893,13,53,
2022-12-18T17:47:44Z,1894,13,53,
2022-12-18T17:57:44Z,1895,13,53,
2022-12-18T18:07:43Z,1896,13,54,
2022-12-18T18:12:42Z,1897,13,54,
2022-12-18T18:17:40Z,1898,13,55,
2022-12-18T18:22:39Z,1899,14,55,
2022-12-18T18:27:41Z,1900,14,55,
2022-12-18T18:32:40Z,1901,14,55,
2022-12-18T18:37:39Z,1902,14,55,
2022-12-18T18:42:39Z,1903,14,55,
2022-12-18T18:47:37Z,1904,14,55,
2022-12-18T18:52:38Z,1905,14,55,
2022-12-18T18:57:35Z,1906,15,55,
2022-12-18T19:02:35Z,1907,15,56,
2022-12-18T19:07:36Z,1908,15,56,
2022-12-18T19:12:33Z,1909,15,55,
2022-12-18T19:22:34Z,1910,14,52,
2022-12-18T19:27:31Z,1911,14,55,
2022-12-18T19:32:30Z,1912,14,54,
2022-12-18T19:42:29Z,1913,14,53,
2022-12-18T19:47:30Z,1914,14,53,
2022-12-18T19:52:28Z,1915,14,53,
2022-12-18T19:57:27Z,1916,14,53,
2022-12-18T20:02:26Z,1917,14,53,
2022-12-18T20:07:27Z,1918,14,53,
2022-12-18T20:12:27Z,1919,14,53,
2022-12-18T20:17:24Z,1920,14,53,
2022-12-18T20:22:25Z,1921,14,53,
2022-12-18T20:27:22Z,1922,14,53,
2022-12-18T20:32:22Z,1923,14,53,
2022-12-18T20:37:21Z,1924,14,52,
2022-12-18T20:42:20Z,1925,14,52,
2022-12-18T20:47:21Z,1926,14,53,
2022-12-18T20:52:21Z,1927,14,52,
2022-12-18T20:57:20Z,1928,14,53,
2022-12-18T21:02:19Z,1929,14,52,
2022-12-18T21:12:18Z,1930,14,52,
2022-12-18T21:17:15Z,1931,14,52,
2022-12-18T21:22:16Z,1932,14,53,
2022-12-18T21:27:16Z,1933,14,53,
2022-12-18T21:32:13Z,1934,14,53,
2022-12-18T21:37:12Z,1935,14,53,
2022-12-18T21:42:12Z,1936,14,53,
2022-12-18T21:47:11Z,1937,14,53,
2022-12-18T21:52:10Z,1938,14,53,
2022-12-18T21:57:09Z,1939,14,53,
2022-12-18T22:02:11Z,1940,14,53,
2022-12-18T22:07:10Z,1941,14,53,
2022-12-18T22:12:09Z,1942,14,53,
2022-12-18T22:17:07Z,1943,14,53,
2022-12-18T22:22:06Z,1944,14,53,
2022-12-18T22:27:07Z,1945,14,53,
2022-12-18T22:32:04Z,1946,14,53,
2022-12-18T22:37:06Z,1947,14,53,
2022-12-18T22:42:05Z,1948,14,53,
2022-12-18T22:47:02Z,1949,13,53,
2022-12-18T22:52:03Z,1950,13,53,
2022-12-18T22:57:03Z,1951,13,53,
2022-12-18T23:02:02Z,1952,13,53,
2022-12-18T23:12:03Z,1953,13,53,
2022-12-18T23:16:58Z,1954,13,53,
2022-12-18T23:21:57Z,1955,13,54,
2022-12-18T23:26:58Z,1956,13,54,
2022-12-18T23:31:55Z,1957,13,54,
2022-12-18T23:36:57Z,1958,13,54,
2022-12-18T23:41:54Z,1959,13,54,
2022-12-18T23:51:53Z,1960,13,54,
2022-12-18T23:56:52Z,1961,13,54,
2022-12-19T00:01:53Z,1962,13,54,
2022-12-19T00:06:52Z,1963,13,54,
2022-12-19T00:11:52Z,1964,13,54,
2022-12-19T00:16:51Z,1965,13,54,
2022-12-19T00:21:48Z,1966,13,54,
2022-12-19T00:26:49Z,1967,13,54,
2022-12-19T00:31:47Z,1968,13,54,
2022-12-19T00:36:46Z,1969,13,54,
2022-12-19T00:41:47Z,1970,13,54,
2022-12-19T00:46:44Z,1971,13,54,
2022-12-19T00:51:44Z,1972,13,54,
2022-12-19T00:56:43Z,1973,12,54,
2022-12-19T01:01:42Z,1974,12,55,
2022-12-19T01:06:43Z,1975,12,55,
2022-12-19T01:11:41Z,1976,12,55,
2022-12-19T01:16:42Z,1977,12,55,
2022-12-19T01:21:39Z,1978,12,55,
2022-12-19T01:26:40Z,1979,12,55,
2022-12-19T01:31:37Z,1980,12,55,
2022-12-19T01:36:39Z,1981,12,55,
2022-12-19T01:41:38Z,1982,12,55,
2022-12-19T01:46:37Z,1983,12,55,
2022-12-19T01:51:35Z,1984,12,55,
2022-12-19T01:56:36Z,1985,12,55,
2022-12-19T02:01:35Z,1986,12,55,
2022-12-19T02:11:32Z,1987,12,55,
2022-12-19T02:16:32Z,1988,12,55,
2022-12-19T02:21:31Z,1989,12,55,
2022-12-19T02:26:30Z,1990,12,56,
2022-12-19T02:31:31Z,1991,12,56,
2022-12-19T02:36:28Z,1992,12,56,
2022-12-19T02:41:27Z,1993,12,56,
2022-12-19T02:46:28Z,1994,12,56,
2022-12-19T02:51:27Z,1995,12,56,
2022-12-19T02:56:27Z,1996,12,56,
2022-12-19T03:01:26Z,1997,12,56,
2022-12-19T03:11:23Z,1998,12,56,
2022-12-19T03:16:24Z,1999,11,56,
2022-12-19T03:21:21Z,2000,11,56,
2022-12-19T03:26:20Z,2001,11,56,
2022-12-19T03:31:19Z,2002,11,56,
2022-12-19T03:41:18Z,2003,11,56,
2022-12-19T03:46:19Z,2004,11,56,
2022-12-19T03:51:16Z,2005,11,57,
2022-12-19T03:56:16Z,2006,11,57,
2022-12-19T04:01:15Z,2007,11,57,
2022-12-19T04:11:13Z,2008,11,57,
2022-12-19T04:16:14Z,2009,11,57,
2022-12-19T04:21:12Z,2010,11,57,
2022-12-19T04:26:13Z,2011,11,57,
2022-12-19T04:31:13Z,2012,11,57,
2022-12-19T04:41:10Z,2013,11,57,
2022-12-19T04:46:08Z,2014,11,57,
2022-12-19T04:51:09Z,2015,11,57,
2022-12-19T04:56:07Z,2016,11,57,
2022-12-19T05:01:05Z,2017,11,57,
2022-12-19T05:11:04Z,2018,11,57,
2022-12-19T05:16:03Z,2019,11,57,
2022-12-19T05:21:04Z,2020,11,57,
2022-12-19T05:26:04Z,2021,11,58,
2022-12-19T05:31:01Z,2022,11,58,
2022-12-19T05:36:02Z,2023,11,58,
2022-12-19T05:41:01Z,2024,11,58,
2022-12-19T05:45:59Z,2025,11,58,
2022-12-19T05:50:58Z,2026,11,58,
2022-12-19T05:55:58Z,2027,11,58,
2022-12-19T06:00:58Z,2028,11,58,
2022-12-19T06:05:58Z,2029,11,58,
2022-12-19T06:10:57Z,2030,11,58,
2022-12-19T06:15:54Z,2031,10,58,
2022-12-19T06:20:54Z,2032,10,58,
2022-12-19T06:25:53Z,2033,10,58,
2022-12-19T06:30:52Z,2034,10,58,
2022-12-19T06:40:51Z,2035,10,58,
2022-12-19T06:45:52Z,2036,10,58,
2022-12-19T06:50:50Z,2037,10,58,
2022-12-19T07:00:48Z,2038,10,58,
2022-12-19T07:10:48Z,2039,10,58,
2022-12-19T07:15:48Z,2040,10,59,
2022-12-19T07:20:47Z,2041,10,59,
2022-12-19T07:25:44Z,2042,10,59,
2022-12-19T07:35:42Z,2043,10,59,
2022-12-19T07:40:42Z,2044,10,59,
2022-12-19T07:45:43Z,2045,10,59,
2022-12-19T07:50:42Z,2046,10,59,
2022-12-19T07:55:39Z,2047,10,59,
2022-12-19T08:00:39Z,2048,10,59,
2022-12-19T08:05:38Z,2049,10,59,
2022-12-19T08:10:39Z,2050,10,60,
2022-12-19T08:15:37Z,2051,10,60,
2022-12-19T08:20:36Z,2052,10,60,
2022-12-19T08:25:35Z,2053,10,60,
2022-12-19T08:30:34Z,2054,10,60,
2022-12-19T08:40:35Z,2055,10,60,
2022-12-19T08:50:31Z,2056,10,60,
2022-12-19T08:55:31Z,2057,10,60,
2022-12-19T09:00:32Z,2058,10,60,
2022-12-19T09:05:31Z,2059,10,61,
2022-12-19T09:10:30Z,2060,10,61,
2022-12-19T09:20:29Z,2061,10,61,
2022-12-19T09:25:28Z,2062,10,61,
2022-12-19T09:30:26Z,2063,10,61,
2022-12-19T09:35:25Z,2064,10,61,
2022-12-19T09:45:25Z,2065,10,61,
2022-12-19T09:50:24Z,2066,10,61,
2022-12-19T09:55:22Z,2067,10,61,
2022-12-19T10:00:21Z,2068,10,61,
2022-12-19T10:05:22Z,2069,10,61,
2022-12-19T10:15:20Z,2070,10,61,
2022-12-19T10:30:18Z,2071,10,62,
2022-12-19T10:35:18Z,2072,10,62,
2022-12-19T10:40:17Z,2073,10,62,
2022-12-19T10:45:16Z,2074,10,62,
2022-12-19T10:50:14Z,2075,10,62,
2022-12-19T10:55:13Z,2076,10,62,
2022-12-19T11:00:12Z,2077,10,62,
2022-12-19T11:15:12Z,2078,10,63,
2022-12-19T11:20:09Z,2079,10,63,
2022-12-19T11:25:10Z,2080,10,63,
2022-12-19T11:30:08Z,2081,10,64,
2022-12-19T11:35:09Z,2082,10,64,
2022-12-19T11:40:06Z,2083,10,64,
2022-12-19T11:45:05Z,2084,10,64,
2022-12-19T11:50:05Z,2085,10,64,
2022-12-19T11:55:06Z,2086,10,64,
2022-12-19T12:00:05Z,2087,10,64,
2022-12-19T12:05:05Z,2088,10,64,
2022-12-19T12:10:02Z,2089,10,64,
2022-12-19T12:15:03Z,2090,10,64,
2022-12-19T12:20:03Z,2091,10,64,
2022-12-19T12:25:00Z,2092,10,64,
2022-12-19T12:29:59Z,2093,10,64,
2022-12-19T12:44:59Z,2094,10,64,
2022-12-19T12:49:58Z,2095,10,64,
2022-12-19T12:54:55Z,2096,10,64,
2022-12-19T12:59:55Z,2097,10,64,
2022-12-19T13:04:56Z,2098,10,64,
2022-12-19T13:09:55Z,2099,10,64,
2022-12-19T13:14:54Z,2100,10,64,
2022-12-19T13:19:54Z,2101,10,64,
2022-12-19T13:24:53Z,2102,10,63,
2022-12-19T13:29:51Z,2103,10,63,
2022-12-19T13:34:52Z,2104,10,63,
2022-12-19T13:39:51Z,2105,10,64,
2022-12-19T13:44:49Z,2106,10,64,
2022-12-19T13:54:47Z,2107,10,64,
2022-12-19T13:59:49Z,2108,10,64,
2022-12-19T14:04:46Z,2109,10,64,
2022-12-19T14:09:46Z,2110,10,64,
2022-12-19T14:14:45Z,2111,10,63,
2022-12-19T14:19:44Z,2112,10,63,
2022-12-19T14:24:43Z,2113,10,63,
2022-12-19T14:29:45Z,2114,10,63,
2022-12-19T14:34:44Z,2115,10,64,
2022-12-19T14:39:43Z,2116,10,64,
2022-12-19T14:44:41Z,2117,10,64,
2022-12-19T14:49:40Z,2118,10,64,
2022-12-19T14:54:41Z,2119,10,65,
2022-12-19T14:59:38Z,2120,10,65,
2022-12-19T15:09:39Z,2121,10,65,
2022-12-19T15:14:37Z,2122,10,65,
2022-12-19T15:19:36Z,2123,10,65,
2022-12-19T15:24:35Z,2124,10,65,
2022-12-19T15:34:34Z,2125,10,66,
2022-12-19T15:39:33Z,2126,10,66,
2022-12-19T15:44:33Z,2127,10,66,
2022-12-19T15:49:32Z,2128,10,67,
2022-12-19T15:59:31Z,2129,10,67,
2022-12-19T16:04:32Z,2130,10,67,
2022-12-19T16:14:30Z,2131,10,67,
2022-12-19T16:19:30Z,2132,10,67,
2022-12-19T16:24:29Z,2133,10,67,
2022-12-19T16:29:26Z,2134,10,67,
2022-12-19T16:34:27Z,2135,10,67,
2022-12-19T16:39:25Z,2136,10,67,
2022-12-19T16:44:24Z,2137,10,67,
2022-12-19T16:54:22Z,2138,10,66,
2022-12-19T16:59:22Z,2139,10,67,
2022-12-19T17:04:24Z,2140,10,66,
2022-12-19T17:09:20Z,2141,10,66,
2022-12-19T17:14:22Z,2142,10,66,
2022-12-19T17:19:21Z,2143,10,67,
2022-12-19T17:24:18Z,2144,10,66,
2022-12-19T17:29:19Z,2145,10,67,
2022-12-19T17:34:17Z,2146,10,67,
2022-12-19T17:39:18Z,2147,10,66,
2022-12-19T17:49:16Z,2148,10,66,
2022-12-19T17:54:14Z,2149,10,66,
2022-12-19T17:59:13Z,2150,10,66,
2022-12-19T18:04:14Z,2151,10,66,
2022-12-19T18:09:12Z,2152,10,66,
2022-12-19T18:14:13Z,2153,10,66,
2022-12-19T18:19:13Z,2154,10,66,
2022-12-19T18:29:11Z,2155,10,67,
2022-12-19T18:34:09Z,2156,10,67,
2022-12-19T18:39:10Z,2157,10,67,
2022-12-19T18:49:08Z,2158,10,67,
2022-12-19T18:54:08Z,2159,10,67,
2022-12-19T18:59:05Z,2160,10,67,
2022-12-19T19:04:06Z,2161,10,67,
2022-12-19T19:09:05Z,2162,10,67,
2022-12-19T19:19:02Z,2163,10,67,
2022-12-19T19:34:02Z,2164,10,67,
2022-12-19T19:44:00Z,2165,10,67,
2022-12-19T19:49:00Z,2166,10,66,
2022-12-19T19:53:57Z,2167,10,66,
2022-12-19T19:58:56Z,2168,10,66,
2022-12-19T20:03:56Z,2169,10,66,
2022-12-19T20:08:55Z,2170,10,66,
2022-12-19T20:13:54Z,2171,10,66,
2022-12-19T20:23:54Z,2172,10,66,
2022-12-19T20:28:53Z,2173,10,66,
2022-12-19T20:33:50Z,2174,10,66,
2022-12-19T20:43:51Z,2175,10,66,
2022-12-19T20:48:50Z,2176,10,66,
2022-12-19T20:53:47Z,2177,10,66,
2022-12-19T20:58:46Z,2178,10,66,
2022-12-19T21:03:45Z,2179,10,66,
2022-12-19T21:08:47Z,2180,10,66,
2022-12-19T21:13:46Z,2181,10,66,
2022-12-19T21:18:45Z,2182,10,66,
2022-12-19T21:23:43Z,2183,10,66,
