timestamp,temperature,rh,original-timestamp,location
2023-02-08T09:22:00Z,14,49,08/02/2023 09:22,meeting_room_large
2023-02-08T09:27:00Z,14,49,08/02/2023 09:27,
2023-02-08T09:32:00Z,15,47,08/02/2023 09:32,
2023-02-08T09:37:00Z,14,47,08/02/2023 09:37,
2023-02-08T09:42:00Z,14,47,08/02/2023 09:42,
2023-02-08T09:47:00Z,14,47,08/02/2023 09:47,
2023-02-08T09:52:00Z,14,47,08/02/2023 09:52,
2023-02-08T09:57:00Z,14,47,08/02/2023 09:57,
2023-02-08T10:02:00Z,14,47,08/02/2023 10:02,
2023-02-08T10:07:00Z,14,47,08/02/2023 10:07,
2023-02-08T10:12:00Z,14,47,08/02/2023 10:12,
2023-02-08T10:17:00Z,14,47,08/02/2023 10:17,
2023-02-08T10:22:00Z,14,47,08/02/2023 10:22,
2023-02-08T10:27:00Z,14,47,08/02/2023 10:27,
2023-02-08T10:32:00Z,14,47,08/02/2023 10:32,
2023-02-08T10:37:00Z,15,47,08/02/2023 10:37,
2023-02-08T10:42:00Z,14,47,08/02/2023 10:42,
2023-02-08T10:47:00Z,14,47,08/02/2023 10:47,
2023-02-08T10:52:00Z,14,47,08/02/2023 10:52,
2023-02-08T10:57:00Z,15,47,08/02/2023 10:57,
2023-02-08T11:02:00Z,15,47,08/02/2023 11:02,
2023-02-08T11:07:00Z,15,47,08/02/2023 11:07,
2023-02-08T11:12:00Z,15,48,08/02/2023 11:12,
2023-02-08T11:17:00Z,15,48,08/02/2023 11:17,
2023-02-08T11:22:00Z,15,48,08/02/2023 11:22,
2023-02-08T11:27:00Z,15,48,08/02/2023 11:27,
2023-02-08T11:32:00Z,15,48,08/02/2023 11:32,
2023-02-08T11:37:00Z,15,48,08/02/2023 11:37,
2023-02-08T11:42:00Z,15,48,08/02/2023 11:42,
2023-02-08T11:47:00Z,15,48,08/02/2023 11:47,
2023-02-08T11:52:00Z,15,49,08/02/2023 11:52,
2023-02-08T11:57:00Z,15,49,08/02/2023 11:57,
2023-02-08T12:02:00Z,15,48,08/02/2023 12:02,
2023-02-08T12:07:00Z,15,48,08/02/2023 12:07,
2023-02-08T12:12:00Z,15,48,08/02/2023 12:12,
2023-02-08T12:17:00Z,15,48,08/02/2023 12:17,
2023-02-08T12:22:00Z,15,47,08/02/2023 12:22,
2023-02-08T12:27:00Z,15,47,08/02/2023 12:27,
2023-02-08T12:32:00Z,15,47,08/02/2023 12:32,
2023-02-08T12:37:00Z,15,48,08/02/2023 12:37,
2023-02-08T12:42:00Z,15,48,08/02/2023 12:42,
2023-02-08T12:47:00Z,15,49,08/02/2023 12:47,
2023-02-08T12:52:00Z,16,49,08/02/2023 12:52,
2023-02-08T12:57:00Z,16,49,08/02/2023 12:57,
2023-02-08T13:02:00Z,16,50,08/02/2023 13:02,
2023-02-08T13:07:00Z,16,49,08/02/2023 13:07,
2023-02-08T13:12:00Z,16,49,08/02/2023 13:12,
2023-02-08T13:17:00Z,15,49,08/02/2023 13:17,
2023-02-08T13:22:00Z,15,48,08/02/2023 13:22,
2023-02-08T13:27:00Z,15,48,08/02/2023 13:27,
2023-02-08T13:32:00Z,15,48,08/02/2023 13:32,
2023-02-08T13:37:00Z,15,48,08/02/2023 13:37,
2023-02-08T13:42:00Z,15,48,08/02/2023 13:42,
2023-02-08T13:47:00Z,15,48,08/02/2023 13:47,
2023-02-08T13:52:00Z,15,48,08/02/2023 13:52,
2023-02-08T13:57:00Z,15,48,08/02/2023 13:57,
2023-02-08T14:02:00Z,15,48,08/02/2023 14:02,
2023-02-08T14:07:00Z,15,48,08/02/2023 14:07,
2023-02-08T14:12:00Z,15,49,08/02/2023 14:12,
2023-02-08T14:17:00Z,15,48,08/02/2023 14:17,
2023-02-08T14:22:00Z,15,48,08/02/2023 14:22,
2023-02-08T14:27:00Z,15,48,08/02/2023 14:27,
2023-02-08T14:32:00Z,15,48,08/02/2023 14:32,
2023-02-08T14:37:00Z,16,48,08/02/2023 14:37,
2023-02-08T14:42:00Z,16,48,08/02/2023 14:42,
2023-02-08T14:47:00Z,16,48,08/02/2023 14:47,
2023-02-08T14:52:00Z,15,48,08/02/2023 14:52,
2023-02-08T14:57:00Z,15,48,08/02/2023 14:57,
2023-02-08T15:02:00Z,15,48,08/02/2023 15:02,
2023-02-08T15:07:00Z,15,48,08/02/2023 15:07,
2023-02-08T15:12:00Z,15,48,08/02/2023 15:12,
2023-02-08T15:17:00Z,15,48,08/02/2023 15:17,
2023-02-08T15:22:00Z,15,48,08/02/2023 15:22,
2023-02-08T15:27:00Z,15,48,08/02/2023 15:27,
2023-02-08T15:32:00Z,15,48,08/02/2023 15:32,
2023-02-08T15:37:00Z,15,48,08/02/2023 15:37,
2023-02-08T15:42:00Z,15,47,08/02/2023 15:42,
2023-02-08T15:47:00Z,15,47,08/02/2023 15:47,
2023-02-08T15:52:00Z,15,47,08/02/2023 15:52,
2023-02-08T15:57:00Z,15,47,08/02/2023 15:57,
2023-02-08T16:02:00Z,15,47,08/02/2023 16:02,
2023-02-08T16:07:00Z,15,47,08/02/2023 16:07,
2023-02-08T16:12:00Z,15,47,08/02/2023 16:12,
2023-02-08T16:17:00Z,15,47,08/02/2023 16:17,
2023-02-08T16:22:00Z,15,47,08/02/2023 16:22,
2023-02-08T16:27:00Z,15,47,08/02/2023 16:27,
2023-02-08T16:32:00Z,15,47,08/02/2023 16:32,
2023-02-08T16:37:00Z,15,47,08/02/2023 16:37,
2023-02-08T16:42:00Z,15,47,08/02/2023 16:42,
2023-02-08T16:47:00Z,15,47,08/02/2023 16:47,
2023-02-08T16:52:00Z,15,47,08/02/2023 16:52,
2023-02-08T16:57:00Z,15,47,08/02/2023 16:57,
2023-02-08T17:02:00Z,15,47,08/02/2023 17:02,
2023-02-08T17:07:00Z,15,47,08/02/2023 17:07,
2023-02-08T17:12:00Z,15,47,08/02/2023 17:12,
2023-02-08T17:17:00Z,15,47,08/02/2023 17:17,
2023-02-08T17:22:00Z,15,47,08/02/2023 17:22,
2023-02-08T17:27:00Z,15,47,08/02/2023 17:27,
2023-02-08T17:32:00Z,15,47,08/02/2023 17:32,
2023-02-08T17:37:00Z,15,47,08/02/2023 17:37,
2023-02-08T17:42:00Z,15,47,08/02/2023 17:42,
2023-02-08T17:47:00Z,15,47,08/02/2023 17:47,
2023-02-08T17:52:00Z,15,47,08/02/2023 17:52,
2023-02-08T17:57:00Z,15,47,08/02/2023 17:57,
2023-02-08T18:02:00Z,15,47,08/02/2023 18:02,
2023-02-08T18:07:00Z,15,47,08/02/2023 18:07,
2023-02-08T18:12:00Z,15,47,08/02/2023 18:12,
2023-02-08T18:17:00Z,15,47,08/02/2023 18:17,
2023-02-08T18:22:00Z,15,47,08/02/2023 18:22,
2023-02-08T18:27:00Z,15,47,08/02/2023 18:27,
2023-02-08T18:32:00Z,15,47,08/02/2023 18:32,
2023-02-08T18:37:00Z,15,47,08/02/2023 18:37,
2023-02-08T18:42:00Z,15,47,08/02/2023 18:42,
2023-02-08T18:47:00Z,15,47,08/02/2023 18:47,
2023-02-08T18:52:00Z,15,47,08/02/2023 18:52,
2023-02-08T18:57:00Z,15,47,08/02/2023 18:57,
2023-02-08T19:02:00Z,14,47,08/02/2023 19:02,
2023-02-08T19:07:00Z,14,47,08/02/2023 19:07,
2023-02-24T10:45:23Z,37,,,1
2023-02-24T10:47:04Z,38,,,1
2023-02-24T10:48:41Z,39,,,1
2023-02-24T11:20:20Z,40,,,1
2023-02-24T11:30:21Z,41,20,48,29
2023-02-24T11:34:58Z,42,20,48,
2023-02-24T11:39:56Z,43,19,50,
2023-02-24T11:44:55Z,44,18,51,
2023-02-24T11:49:55Z,45,18,52,
2023-02-24T11:54:54Z,46,18,52,
2023-02-24T11:59:53Z,47,17,52,
2023-02-24T12:04:53Z,48,17,52,
2023-02-24T12:09:53Z,49,17,53,
2023-02-24T12:14:52Z,50,17,53,
2023-02-24T12:19:52Z,51,17,53,
2023-02-24T12:24:52Z,52,17,53,
2023-02-26T12:22:43Z,53,,,1
2023-02-26T12:26:03Z,54,9,62,
2023-02-26T12:31:02Z,55,10,61,
2023-02-26T12:36:01Z,56,9,62,
2023-02-26T12:41:01Z,57,9,63,
2023-02-26T12:46:00Z,58,9,62,
2023-02-26T12:51:18Z,59,16,38,34
2023-02-26T13:01:11Z,60,12,33,
2023-02-26T13:06:10Z,61,11,37,
2023-02-26T13:11:11Z,62,10,38,
2023-02-26T13:16:10Z,63,11,38,
2023-02-26T13:26:08Z,64,9,42,
2023-02-26T13:31:06Z,65,9,43,
2023-02-26T13:41:06Z,66,8,47,
2023-03-09T13:23:54Z,67,,,1
2023-03-09T13:25:16Z,68,17,40,31
2023-03-09T13:25:21Z,69,,,1
2023-03-16T16:09:15Z,70,,,1
2023-03-16T16:09:58Z,71,20,42,
2023-03-16T16:14:56Z,72,19,62,
2023-03-16T16:25:23Z,73,19,48,33
2023-03-16T16:30:20Z,74,19,48,
2023-03-16T16:35:18Z,75,18,50,
2023-03-16T16:40:16Z,76,18,52,33
2023-03-16T16:45:15Z,77,18,52,32
2023-03-16T16:50:13Z,78,17,52,32
2023-03-16T16:55:12Z,79,17,52,
2023-03-16T17:00:11Z,80,17,52,
2023-03-16T17:05:09Z,81,17,52,
2023-03-16T17:10:09Z,82,17,53,
2023-03-16T17:15:59Z,83,,,1
2023-03-16T17:17:13Z,84,,,1
2023-03-16T17:17:31Z,85,,,1
2023-03-16T17:25:05Z,86,17,52,36
2023-03-16T17:30:03Z,87,17,52,35
2023-03-16T17:35:02Z,88,17,52,
2023-03-16T17:40:01Z,89,17,52,
2023-03-16T17:45:00Z,90,17,52,
2023-03-16T17:49:59Z,91,17,52,
2023-03-16T17:54:57Z,92,17,52,
2023-03-16T17:59:56Z,93,17,52,
2023-03-16T18:04:55Z,94,17,53,
2023-03-16T18:09:53Z,95,17,53,
2023-03-16T18:14:52Z,96,17,53,
2023-03-16T18:24:50Z,97,17,56,35
2023-03-16T18:29:48Z,98,17,53,
2023-03-16T18:34:47Z,99,17,54,
2023-03-16T18:39:46Z,100,17,55,
2023-03-16T18:44:44Z,101,17,57,
2023-03-16T18:49:44Z,102,17,57,
2023-03-16T18:54:42Z,103,17,57,
2023-03-16T18:59:41Z,104,17,58,
2023-03-16T19:04:40Z,105,18,58,
2023-03-16T19:09:38Z,106,18,57,
2023-03-16T19:14:37Z,107,18,57,
2023-03-16T19:24:34Z,108,18,56,34
2023-03-16T19:29:33Z,109,18,55,
2023-03-16T19:34:32Z,110,18,56,
2023-03-16T19:39:31Z,111,18,56,
2023-03-16T19:44:30Z,112,18,55,
2023-03-16T19:49:28Z,113,18,55,
2023-03-16T19:54:27Z,114,18,57,
2023-03-16T19:59:26Z,115,18,57,
2023-03-16T20:04:25Z,116,18,56,
2023-03-16T20:09:23Z,117,18,56,
2023-03-16T20:14:22Z,118,17,56,
2023-03-16T20:24:20Z,119,17,56,33
2023-03-16T20:29:18Z,120,17,56,
2023-03-16T20:34:17Z,121,17,55,
2023-03-16T20:39:16Z,122,17,55,
2023-03-16T20:44:15Z,123,17,55,
2023-03-16T20:49:14Z,124,17,55,
2023-03-16T20:54:12Z,125,17,55,
2023-03-16T20:59:11Z,126,17,55,
2023-03-16T21:04:10Z,127,17,55,
2023-03-16T21:09:09Z,128,17,57,
2023-03-16T21:14:08Z,129,17,58,
2023-03-16T21:24:06Z,130,17,57,32
2023-03-16T21:29:05Z,131,17,56,
2023-03-16T21:34:03Z,132,17,56,
2023-03-16T21:39:02Z,133,17,56,
2023-03-16T21:44:01Z,134,17,56,
2023-03-16T22:14:36Z,135,,,1
2023-03-16T22:14:39Z,136,-2,99,
2023-03-16T22:14:47Z,137,-2,99,
2023-03-16T22:14:56Z,138,-2,99,
2023-03-16T22:15:04Z,139,-2,99,
2023-03-16T22:15:12Z,140,-2,99,
2023-03-16T22:15:20Z,141,-2,99,
2023-03-16T22:15:29Z,142,-2,99,
2023-03-16T22:15:37Z,143,-2,99,
2023-03-16T22:15:45Z,144,-2,99,
2023-03-16T22:15:53Z,145,-2,99,
2023-03-16T22:16:02Z,146,-2,99,
2023-03-16T22:16:10Z,147,-2,99,
2023-03-16T22:16:15Z,148,-2,99,
2023-03-16T22:30:25Z,149,-2,99,
2023-03-16T22:30:34Z,150,-2,99,
2023-03-16T22:30:42Z,151,-2,99,
2023-03-16T22:30:50Z,152,-2,99,
2023-03-16T22:31:06Z,153,-2,99,34
2023-03-16T22:35:40Z,154,-2,99,
2023-03-16T22:40:38Z,155,-2,99,
2023-03-16T22:45:36Z,156,-2,99,
2023-03-16T22:50:34Z,157,-2,99,
2023-03-16T22:55:33Z,158,19,50,
2023-03-16T23:00:32Z,159,19,52,
2023-03-16T23:05:30Z,160,18,53,
2023-03-16T23:10:28Z,161,18,53,
2023-03-16T23:15:27Z,162,18,53,
2023-03-16T23:20:25Z,163,18,53,
2023-03-16T23:30:21Z,164,18,53,
2023-03-16T23:35:20Z,165,17,53,
2023-03-16T23:40:18Z,166,17,53,
2023-03-16T23:45:16Z,167,17,53,
2023-03-16T23:50:15Z,168,17,53,
2023-03-16T23:55:13Z,169,17,53,
2023-03-17T00:05:11Z,170,17,53,37
2023-03-17T00:10:09Z,171,17,53,
2023-03-17T00:15:07Z,172,17,53,
2023-03-17T00:20:06Z,173,17,53,
2023-03-17T00:25:04Z,174,17,53,
2023-03-17T00:30:03Z,175,17,53,
2023-03-17T00:35:01Z,176,17,54,
2023-03-17T00:39:59Z,177,17,54,
2023-03-17T00:44:58Z,178,17,54,
2023-03-17T00:49:56Z,179,17,54,
2023-03-17T00:54:55Z,180,17,54,
2023-03-17T01:04:52Z,181,17,54,37
2023-03-17T01:09:50Z,182,17,54,
2023-03-17T01:14:49Z,183,17,54,
2023-03-17T01:19:47Z,184,17,54,
2023-03-17T01:24:45Z,185,17,54,
2023-03-17T01:29:44Z,186,17,54,
2023-03-17T01:34:43Z,187,17,54,
2023-03-17T01:39:41Z,188,17,54,
2023-03-17T01:44:40Z,189,17,54,
2023-03-17T01:49:38Z,190,17,54,
2023-03-17T01:54:36Z,191,17,54,
2023-03-17T02:04:33Z,192,17,54,37
2023-03-17T02:09:32Z,193,17,54,
2023-03-17T02:14:30Z,194,17,54,
2023-03-17T02:19:29Z,195,17,54,
2023-03-17T02:24:27Z,196,17,54,
2023-03-17T02:29:26Z,197,17,54,
2023-03-17T02:34:24Z,198,17,54,
2023-03-17T02:39:23Z,199,17,54,
2023-03-17T02:44:21Z,200,17,54,
2023-03-17T02:49:20Z,201,17,54,
2023-03-17T02:54:18Z,202,17,54,
2023-03-17T03:04:15Z,203,17,54,37
2023-03-17T03:09:14Z,204,17,54,
2023-03-17T03:14:12Z,205,17,54,
2023-03-17T03:19:11Z,206,17,54,
2023-03-17T03:24:09Z,207,17,54,
2023-03-17T03:29:07Z,208,17,54,
2023-03-17T03:34:06Z,209,17,54,
2023-03-17T03:39:04Z,210,17,54,
2023-03-17T03:44:03Z,211,16,54,
2023-03-17T03:49:01Z,212,16,54,
2023-03-17T03:54:00Z,213,16,54,
2023-03-17T04:03:57Z,214,16,54,37
2023-03-17T04:08:55Z,215,16,54,
2023-03-17T04:13:54Z,216,16,54,
2023-03-17T04:18:52Z,217,16,54,
2023-03-17T04:23:51Z,218,16,54,
2023-03-17T04:28:49Z,219,16,54,
2023-03-17T04:33:48Z,220,16,54,
2023-03-17T04:38:46Z,221,16,54,
2023-03-17T04:43:45Z,222,16,54,
2023-03-17T04:48:43Z,223,16,54,
2023-03-17T04:53:42Z,224,16,54,
2023-03-17T05:03:39Z,225,16,54,37
2023-03-17T05:08:37Z,226,16,54,
2023-03-17T05:13:36Z,227,16,54,
2023-03-17T05:18:34Z,228,16,54,
2023-03-17T05:23:33Z,229,16,54,
2023-03-17T05:28:31Z,230,16,53,
2023-03-17T05:33:30Z,231,16,54,
2023-03-17T05:38:28Z,232,16,54,
2023-03-17T05:43:26Z,233,16,53,
2023-03-17T05:48:25Z,234,16,54,
2023-03-17T05:53:23Z,235,16,53,
2023-03-17T06:03:20Z,236,16,53,37
2023-03-17T06:08:19Z,237,16,53,
2023-03-17T06:13:17Z,238,16,53,
2023-03-17T06:18:16Z,239,16,53,
2023-03-17T06:23:14Z,240,16,53,
2023-03-17T06:28:12Z,241,16,53,
2023-03-17T06:33:11Z,242,16,53,
2023-03-17T06:38:09Z,243,16,53,
2023-03-17T06:43:08Z,244,16,53,
2023-03-17T06:48:07Z,245,16,53,
2023-03-17T06:53:05Z,246,16,53,
2023-03-17T06:58:03Z,247,16,53,
2023-03-17T07:03:02Z,248,16,53,
2023-03-17T07:08:00Z,249,16,53,
2023-03-17T07:12:59Z,250,16,53,
2023-03-17T07:17:57Z,251,16,53,
2023-03-17T07:22:56Z,252,16,53,
2023-03-17T07:27:54Z,253,16,53,
2023-03-17T07:32:52Z,254,16,53,
2023-03-17T07:37:51Z,255,16,53,
2023-03-17T07:42:49Z,256,16,53,
2023-03-17T07:47:48Z,257,16,53,
2023-03-17T07:52:46Z,258,16,53,
2023-03-17T07:57:45Z,259,16,53,
2023-03-17T08:02:43Z,260,16,53,
2023-03-17T08:07:42Z,261,16,53,
2023-03-17T08:12:40Z,262,16,53,
2023-03-17T08:17:39Z,263,16,53,
2023-03-17T08:22:37Z,264,16,53,
2023-03-17T08:27:36Z,265,16,53,
2023-03-17T08:32:34Z,266,16,53,
2023-03-17T08:37:33Z,267,16,53,
2023-03-17T08:42:31Z,268,16,54,
2023-03-17T08:47:30Z,269,16,54,
2023-03-17T08:52:28Z,270,16,54,
2023-03-17T08:57:27Z,271,16,54,
2023-03-17T09:02:25Z,272,16,54,
2023-03-17T09:07:24Z,273,16,54,
2023-03-17T09:12:22Z,274,16,54,
2023-03-17T09:17:21Z,275,16,54,
2023-03-17T09:22:20Z,276,16,54,
2023-03-17T09:27:18Z,277,16,54,
2023-03-17T09:32:16Z,278,16,54,
2023-03-17T09:37:15Z,279,16,54,
2023-03-17T09:44:10Z,280,18,51,35
2023-03-17T09:49:08Z,281,18,50,
2023-03-17T09:54:06Z,282,18,51,
2023-03-17T09:59:04Z,283,18,51,
2023-03-17T10:04:03Z,284,19,51,
2023-03-17T10:09:02Z,285,19,50,
2023-03-17T10:14:00Z,286,19,51,
2023-03-17T10:18:58Z,287,19,51,
2023-03-17T10:23:57Z,288,19,51,
2023-03-17T10:28:56Z,289,19,51,
2023-03-17T10:33:55Z,290,19,51,
2023-03-17T10:38:53Z,291,19,47,
2023-03-17T10:43:51Z,292,18,49,
2023-03-17T10:48:49Z,293,17,50,
2023-03-17T10:53:47Z,294,17,50,
2023-03-17T10:58:47Z,295,17,50,
2023-03-17T11:03:48Z,296,19,48,
2023-03-17T11:11:06Z,297,,,1
2023-03-17T11:21:58Z,298,,,1
2023-03-17T11:26:26Z,299,,,1
2023-03-17T11:28:17Z,300,,,1
2023-03-17T11:28:41Z,301,18,47,
2023-03-17T11:33:38Z,302,19,45,
2023-03-17T11:38:35Z,303,18,47,
2023-03-17T11:43:35Z,304,17,51,
2023-03-17T11:48:07Z,305,,,1
2023-03-17T11:48:33Z,306,17,48,
2023-03-17T11:53:32Z,307,17,49,
2023-03-17T11:58:32Z,308,18,48,
2023-03-17T12:03:29Z,309,18,47,
2023-03-17T12:08:28Z,310,18,48,
2023-03-17T12:13:28Z,311,18,48,
2023-03-17T12:18:26Z,312,19,46,
2023-03-17T12:23:24Z,313,19,46,
2023-03-17T12:28:22Z,314,18,48,
2023-03-17T12:33:20Z,315,18,48,
2023-03-17T12:38:18Z,316,18,47,
2023-03-17T12:57:19Z,317,,,1
2023-03-17T12:59:25Z,318,17,54,
2023-03-17T13:04:22Z,319,18,47,
2023-03-17T13:09:21Z,320,18,54,
2023-03-17T13:14:20Z,321,19,53,
2023-03-17T13:19:18Z,322,19,52,
2023-03-17T13:24:16Z,323,19,52,
2023-03-17T13:29:15Z,324,18,52,
2023-03-17T13:34:13Z,325,18,52,
2023-03-17T13:39:12Z,326,18,54,
2023-03-17T13:44:11Z,327,18,54,
2023-03-17T13:49:09Z,328,18,55,
2023-03-17T13:54:07Z,329,18,54,
2023-03-17T13:59:05Z,330,18,53,
2023-03-17T14:04:04Z,331,18,53,
2023-03-17T14:09:02Z,332,18,53,
2023-03-17T14:14:01Z,333,18,53,
2023-03-17T14:18:59Z,334,18,54,
2023-03-17T14:32:33Z,335,,,1
2023-03-17T14:33:16Z,336,,,1
2023-03-17T14:33:56Z,337,,,1
2023-03-17T15:00:05Z,338,,,1
2023-03-17T15:02:25Z,339,19,48,
2023-03-17T15:07:22Z,340,19,45,
2023-03-19T19:25:26Z,341,,,1
2023-03-19T19:27:34Z,342,18,53,
2023-03-19T19:32:32Z,343,18,54,
2023-03-19T19:37:31Z,344,18,54,
2023-03-19T19:42:30Z,345,18,54,
2023-03-19T19:47:28Z,346,18,54,
2023-03-19T19:52:26Z,347,18,54,
2023-03-19T19:57:25Z,348,18,54,
2023-03-19T20:02:23Z,349,18,55,
2023-03-19T20:07:22Z,350,18,55,
2023-03-19T20:17:19Z,351,18,56,38
2023-03-19T20:22:17Z,352,18,56,
2023-03-19T20:27:16Z,353,18,56,
2023-03-19T20:32:15Z,354,19,56,
2023-03-19T20:37:13Z,355,19,55,
2023-03-19T20:42:12Z,356,19,55,
2023-03-19T20:47:11Z,357,19,55,
2023-03-19T20:52:09Z,358,19,54,
2023-03-19T20:57:08Z,359,19,54,
2023-03-19T21:02:06Z,360,19,54,
2023-03-19T21:07:05Z,361,19,54,
2023-03-19T21:17:02Z,362,19,55,39
2023-03-19T21:22:00Z,363,19,55,
2023-03-19T21:26:59Z,364,19,55,
2023-03-19T21:31:57Z,365,19,55,
2023-03-19T21:36:56Z,366,19,56,
2023-03-19T21:41:54Z,367,19,56,
2023-03-19T21:46:52Z,368,19,57,
2023-03-19T21:51:51Z,369,19,57,
2023-03-19T21:56:49Z,370,19,57,
2023-03-19T22:01:48Z,371,19,57,
2023-03-19T22:06:46Z,372,19,57,
2023-03-19T22:16:43Z,373,18,58,39
2023-03-19T22:21:42Z,374,18,58,
2023-03-19T22:26:40Z,375,18,58,
2023-03-19T22:31:38Z,376,18,58,
2023-03-19T22:36:37Z,377,18,58,
2023-03-19T22:41:35Z,378,18,58,
2023-03-19T22:46:34Z,379,18,58,
2023-03-19T22:51:32Z,380,18,58,
2023-03-19T22:56:31Z,381,18,58,
2023-03-19T23:01:29Z,382,18,58,
2023-03-19T23:06:28Z,383,18,58,
2023-03-19T23:16:25Z,384,18,57,39
2023-03-19T23:21:23Z,385,18,58,
2023-03-19T23:26:22Z,386,18,58,
2023-03-19T23:31:20Z,387,18,58,
2023-03-19T23:36:18Z,388,18,58,
2023-03-19T23:41:17Z,389,18,58,
2023-03-19T23:46:15Z,390,18,58,
2023-03-19T23:51:14Z,391,18,58,
2023-03-19T23:56:12Z,392,18,57,
2023-03-20T00:01:11Z,393,18,57,
2023-03-20T00:06:09Z,394,18,57,
2023-03-20T00:16:06Z,395,18,57,39
2023-03-20T00:21:04Z,396,18,57,
2023-03-20T00:26:03Z,397,18,57,
2023-03-20T00:31:01Z,398,18,57,
2023-03-20T00:36:00Z,399,18,57,
2023-03-20T00:40:58Z,400,18,57,
2023-03-20T00:45:57Z,401,18,57,
2023-03-20T00:50:55Z,402,18,57,
2023-03-20T00:55:53Z,403,18,57,
2023-03-20T01:00:52Z,404,18,57,
2023-03-20T01:05:50Z,405,18,57,
2023-03-20T01:15:47Z,406,18,57,39
2023-03-20T01:20:45Z,407,18,57,
2023-03-20T01:25:44Z,408,18,58,
2023-03-20T01:30:43Z,409,18,58,
2023-03-20T01:35:41Z,410,18,58,
2023-03-20T01:40:40Z,411,18,60,
2023-03-20T01:45:38Z,412,18,61,
2023-03-20T01:50:36Z,413,18,61,
2023-03-20T01:55:35Z,414,18,60,
2023-03-20T02:05:32Z,415,18,59,
2023-03-20T02:10:30Z,416,18,59,
2023-03-20T02:15:29Z,417,18,59,
2023-03-20T02:20:27Z,418,17,59,
2023-03-20T02:25:25Z,419,17,59,
2023-03-20T02:30:23Z,420,17,59,
2023-03-20T02:35:22Z,421,17,59,
2023-03-20T02:40:20Z,422,17,59,
2023-03-20T02:45:19Z,423,17,59,
2023-03-20T02:50:17Z,424,17,59,
2023-03-20T02:55:16Z,425,17,59,
2023-03-20T03:00:14Z,426,17,58,
2023-03-20T03:05:12Z,427,17,58,
2023-03-20T03:10:11Z,428,17,58,
2023-03-20T03:15:09Z,429,17,58,
2023-03-20T03:20:07Z,430,17,58,
2023-03-20T03:30:04Z,431,17,58,
2023-03-20T03:35:03Z,432,17,58,
2023-03-20T03:40:02Z,433,17,58,
2023-03-20T03:45:00Z,434,17,58,
2023-03-20T03:49:58Z,435,17,58,
2023-03-20T03:54:57Z,436,17,58,
2023-03-20T03:59:56Z,437,17,58,
2023-03-20T04:04:54Z,438,17,58,
2023-03-20T04:09:52Z,439,17,58,
2023-03-20T04:14:51Z,440,17,58,
2023-03-20T04:19:49Z,441,17,58,
2023-03-20T04:24:48Z,442,17,58,
2023-03-20T04:29:46Z,443,17,57,
2023-03-20T04:34:45Z,444,17,57,
2023-03-20T04:39:43Z,445,17,57,
2023-03-20T04:44:42Z,446,17,57,
2023-03-20T04:49:40Z,447,17,57,
2023-03-20T04:54:39Z,448,17,57,
2023-03-20T04:59:37Z,449,17,57,
2023-03-20T05:04:36Z,450,17,57,
2023-03-20T05:09:34Z,451,17,57,
2023-03-20T05:14:33Z,452,17,57,
2023-03-20T05:19:31Z,453,17,57,
2023-03-20T05:24:30Z,454,17,57,
2023-03-20T05:29:28Z,455,17,57,
2023-03-20T05:34:27Z,456,17,57,
2023-03-20T05:39:25Z,457,17,57,
2023-03-20T05:44:24Z,458,17,57,
2023-03-20T05:49:22Z,459,17,57,
2023-03-20T05:54:20Z,460,17,57,
2023-03-20T05:59:19Z,461,17,57,
2023-03-20T06:04:17Z,462,17,57,
2023-03-20T06:09:16Z,463,17,57,
2023-03-20T06:14:14Z,464,17,57,
2023-03-20T06:19:13Z,465,17,57,
2023-03-20T06:24:11Z,466,17,57,
2023-03-20T06:29:09Z,467,17,57,
2023-03-20T06:34:08Z,468,17,57,
2023-03-20T06:39:06Z,469,17,57,
2023-03-20T06:44:05Z,470,17,57,
2023-03-20T06:49:03Z,471,17,57,
2023-03-20T06:54:02Z,472,17,57,
2023-03-20T06:59:00Z,473,17,57,
2023-03-20T07:03:59Z,474,17,57,
2023-03-20T07:08:57Z,475,17,57,
2023-03-20T07:13:56Z,476,17,57,
2023-03-20T07:18:54Z,477,17,57,
2023-03-20T07:23:53Z,478,17,56,
2023-03-20T07:28:52Z,479,17,56,
2023-03-20T07:33:50Z,480,17,56,
2023-03-20T07:38:49Z,481,17,56,
2023-03-20T07:43:47Z,482,17,56,
2023-03-20T07:48:46Z,483,17,56,
2023-03-20T07:53:44Z,484,17,56,
2023-03-20T07:58:43Z,485,17,56,
2023-03-20T08:03:41Z,486,17,56,
2023-03-20T08:08:39Z,487,17,56,
2023-03-20T08:13:38Z,488,17,56,
2023-03-20T08:18:37Z,489,17,56,
2023-03-20T08:23:35Z,490,17,56,
2023-03-20T08:28:33Z,491,17,56,
2023-03-20T08:33:32Z,492,17,56,
2023-03-20T08:38:30Z,493,17,56,
2023-03-20T08:43:29Z,494,17,57,
2023-03-20T08:48:27Z,495,17,57,
2023-03-20T08:53:26Z,496,17,57,
2023-03-20T08:58:24Z,497,17,57,
2023-03-20T09:03:23Z,498,17,57,
2023-03-20T09:08:21Z,499,17,57,
2023-03-20T09:13:20Z,500,17,57,
2023-03-20T09:18:18Z,501,17,57,
2023-03-20T09:23:16Z,502,17,57,
2023-03-20T09:28:15Z,503,17,57,
2023-03-20T09:33:13Z,504,17,57,
2023-03-20T09:38:11Z,505,17,57,
2023-03-20T09:43:10Z,506,17,57,
2023-03-20T09:48:08Z,507,17,57,
2023-03-20T09:53:07Z,508,17,57,
2023-03-20T09:58:06Z,509,17,57,
2023-03-20T10:03:04Z,510,17,58,
2023-03-20T10:08:02Z,511,17,58,
2023-03-20T10:13:01Z,512,17,59,
2023-03-20T10:18:00Z,513,17,59,
2023-03-20T10:22:58Z,514,17,59,
2023-03-20T10:27:57Z,515,17,58,
2023-03-20T10:32:55Z,516,17,58,
2023-03-20T10:37:54Z,517,17,58,
2023-03-20T10:42:52Z,518,17,57,
2023-03-20T10:47:51Z,519,17,57,
2023-03-20T10:52:49Z,520,17,57,
2023-03-20T10:57:48Z,521,17,57,
2023-03-20T11:02:46Z,522,17,57,
2023-03-20T11:12:44Z,523,17,57,
2023-03-20T11:17:42Z,524,17,57,
2023-03-20T11:22:41Z,525,17,57,
2023-03-20T11:27:39Z,526,17,57,
2023-03-20T11:32:38Z,527,17,57,
2023-03-20T11:37:36Z,528,17,57,
2023-03-20T11:42:35Z,529,17,57,
2023-03-20T11:47:33Z,530,17,57,
2023-03-20T11:52:32Z,531,17,57,
2023-03-20T11:57:30Z,532,17,57,
2023-03-20T12:02:28Z,533,17,57,
2023-03-20T12:07:27Z,534,17,57,
2023-03-20T12:12:25Z,535,17,57,
2023-03-20T12:17:24Z,536,17,57,
2023-03-20T12:22:22Z,537,17,57,
2023-03-20T12:27:21Z,538,17,57,
2023-03-20T12:32:19Z,539,17,57,
2023-03-20T12:37:17Z,540,17,57,
2023-03-20T12:42:15Z,541,17,57,
2023-03-20T12:47:14Z,542,17,58,
2023-03-20T12:52:13Z,543,17,58,
2023-03-20T12:57:11Z,544,17,58,
2023-03-20T13:02:09Z,545,17,58,
2023-03-20T13:07:08Z,546,17,58,
2023-03-20T13:12:07Z,547,17,58,
2023-03-20T13:17:05Z,548,17,58,
2023-03-20T13:22:04Z,549,17,58,
2023-03-20T13:27:02Z,550,17,58,
2023-03-20T13:32:01Z,551,17,59,
2023-03-20T13:36:59Z,552,17,59,
2023-03-20T13:41:58Z,553,17,59,
2023-03-20T13:46:56Z,554,17,59,
2023-03-20T13:48:04Z,555,,,1
2023-03-20T13:51:54Z,556,17,59,
2023-03-20T13:56:53Z,557,17,59,
2023-03-20T14:01:51Z,558,17,59,
2023-03-20T14:06:49Z,559,17,59,
2023-03-20T14:11:48Z,560,17,59,
2023-03-20T14:16:46Z,561,17,59,
2023-03-20T14:21:45Z,562,17,59,
2023-03-20T14:26:43Z,563,17,59,
2023-03-20T14:31:42Z,564,17,59,
2023-03-20T14:36:40Z,565,17,59,
2023-03-20T14:41:39Z,566,17,59,
2023-03-20T14:46:37Z,567,17,59,
2023-03-20T14:51:36Z,568,17,59,
2023-03-20T14:56:35Z,569,17,59,
2023-03-20T15:01:33Z,570,17,59,
2023-03-20T15:06:31Z,571,17,59,
2023-03-20T15:11:30Z,572,17,59,
2023-03-20T15:16:28Z,573,17,59,
2023-03-20T15:21:27Z,574,17,59,
2023-03-20T15:26:26Z,575,17,59,
2023-03-20T15:31:24Z,576,17,59,
2023-03-20T15:36:23Z,577,17,59,
2023-03-20T15:41:21Z,578,17,59,
2023-03-20T15:46:19Z,579,17,59,
2023-03-20T15:51:18Z,580,17,59,
2023-03-20T15:56:16Z,581,17,59,
2023-03-20T16:01:15Z,582,17,59,
2023-03-20T16:06:13Z,583,17,59,
2023-03-20T16:11:11Z,584,17,59,
2023-03-20T16:16:10Z,585,17,59,
2023-03-20T16:21:08Z,586,17,59,
2023-03-20T16:26:07Z,587,17,59,
2023-03-20T16:31:05Z,588,17,59,
2023-03-20T16:36:04Z,589,17,59,
2023-03-20T16:41:02Z,590,17,59,
2023-03-20T16:46:01Z,591,17,59,
2023-03-20T16:50:59Z,592,17,59,
2023-03-20T16:55:57Z,593,17,59,
2023-03-20T17:00:56Z,594,17,59,
2023-03-20T17:05:54Z,595,17,59,
2023-03-20T17:10:53Z,596,17,59,
2023-03-20T17:15:51Z,597,17,59,
2023-03-20T17:20:49Z,598,17,59,
2023-03-20T17:25:48Z,599,17,59,
2023-03-20T17:30:46Z,600,17,58,
2023-03-20T17:35:45Z,601,17,58,
2023-03-20T17:40:43Z,602,17,58,
2023-03-20T17:45:41Z,603,17,59,
2023-03-20T17:50:40Z,604,17,59,
2023-03-20T17:55:39Z,605,17,59,
2023-03-20T18:00:37Z,606,17,58,
2023-03-20T18:05:36Z,607,17,58,
2023-03-20T18:10:34Z,608,17,57,
2023-03-20T18:15:33Z,609,17,57,
2023-03-20T18:20:31Z,610,17,58,
2023-03-20T18:25:30Z,611,17,58,
2023-03-20T18:30:28Z,612,17,59,
2023-03-20T18:35:26Z,613,17,59,
2023-03-20T18:40:25Z,614,17,59,
2023-03-20T18:45:23Z,615,17,59,
2023-03-20T18:50:22Z,616,17,59,
2023-03-20T18:55:20Z,617,17,59,
2023-03-20T19:00:19Z,618,17,59,
2023-03-20T19:05:17Z,619,17,59,
2023-03-20T19:10:16Z,620,17,59,
2023-03-20T19:15:14Z,621,17,59,
2023-03-20T19:20:13Z,622,17,59,
2023-03-20T19:25:11Z,623,17,59,
2023-03-20T19:30:10Z,624,17,59,
2023-03-20T19:35:08Z,625,17,59,
2023-03-20T19:40:06Z,626,17,59,
2023-03-20T19:45:05Z,627,17,59,
2023-03-20T19:50:03Z,628,17,59,
2023-03-20T19:55:02Z,629,17,59,
2023-03-20T20:00:00Z,630,17,59,
2023-03-20T20:04:58Z,631,17,59,
2023-03-20T20:09:57Z,632,17,59,
2023-03-20T20:14:55Z,633,17,59,
2023-03-20T20:19:53Z,634,17,59,
2023-03-20T20:24:52Z,635,17,59,
2023-03-20T20:29:50Z,636,17,59,
2023-03-20T20:34:49Z,637,17,59,
2023-03-20T20:39:47Z,638,17,59,
2023-03-20T20:44:46Z,639,17,59,
2023-03-20T20:49:44Z,640,17,59,
2023-03-20T20:54:42Z,641,17,59,
2023-03-20T20:59:41Z,642,17,59,
2023-03-20T21:04:39Z,643,17,59,
2023-03-20T21:09:38Z,644,17,59,
2023-03-20T21:14:36Z,645,17,59,
2023-03-20T21:19:35Z,646,17,59,
2023-03-20T21:24:33Z,647,17,59,
2023-03-20T21:29:32Z,648,17,59,
2023-03-20T21:34:30Z,649,17,59,
2023-03-20T21:39:28Z,650,17,59,
2023-03-20T21:44:27Z,651,17,59,
2023-03-20T21:49:25Z,652,17,59,
2023-03-20T21:54:24Z,653,17,59,
2023-03-20T21:59:23Z,654,17,60,
2023-03-20T22:04:21Z,655,17,60,
2023-03-20T22:09:20Z,656,17,61,
2023-03-20T22:14:18Z,657,17,61,
2023-03-20T22:19:17Z,658,17,61,
2023-03-20T22:24:15Z,659,17,61,
2023-03-20T22:29:14Z,660,17,61,
2023-03-20T22:34:12Z,661,17,61,
2023-03-20T22:39:11Z,662,17,61,
2023-03-20T22:44:09Z,663,17,61,
2023-03-20T22:49:08Z,664,17,61,
2023-03-20T22:54:06Z,665,17,61,
2023-03-20T22:59:05Z,666,17,61,
2023-03-20T23:04:03Z,667,17,61,
2023-03-20T23:09:02Z,668,17,61,
2023-03-20T23:14:00Z,669,17,60,
2023-03-20T23:18:59Z,670,17,60,
2023-03-20T23:23:57Z,671,17,61,
2023-03-20T23:28:56Z,672,17,61,
2023-03-20T23:33:54Z,673,17,61,
2023-03-20T23:43:51Z,674,17,61,
2023-03-20T23:48:49Z,675,17,61,
2023-03-20T23:53:48Z,676,17,61,
2023-03-20T23:58:46Z,677,17,60,
2023-03-21T00:03:45Z,678,17,60,
2023-03-21T00:08:43Z,679,17,60,
2023-03-21T00:13:42Z,680,17,60,
2023-03-21T00:18:40Z,681,17,60,
2023-03-21T00:23:39Z,682,17,60,
2023-03-21T00:28:37Z,683,17,59,
2023-03-21T00:33:35Z,684,17,59,
2023-03-21T00:38:34Z,685,17,59,
2023-03-21T00:43:32Z,686,17,59,
2023-03-21T00:48:30Z,687,17,59,
2023-03-21T00:53:29Z,688,17,59,
2023-03-21T00:58:27Z,689,17,59,
2023-03-21T01:03:26Z,690,17,59,
2023-03-21T01:08:25Z,691,17,59,
2023-03-21T01:13:23Z,692,17,59,
2023-03-21T01:18:21Z,693,17,59,
2023-03-21T01:23:20Z,694,17,59,
2023-03-21T01:28:18Z,695,17,59,
2023-03-21T01:33:17Z,696,17,59,
2023-03-21T01:38:15Z,697,17,59,
2023-03-21T01:43:14Z,698,17,59,
2023-03-21T01:48:12Z,699,17,59,
2023-03-21T01:53:11Z,700,17,59,
2023-03-21T01:58:09Z,701,17,59,
2023-03-21T02:03:08Z,702,17,59,
2023-03-21T02:08:06Z,703,17,59,
2023-03-21T02:13:05Z,704,17,59,
2023-03-21T02:18:03Z,705,17,59,
2023-03-21T02:23:02Z,706,17,59,
2023-03-21T02:28:00Z,707,17,59,
2023-03-21T02:32:58Z,708,17,59,
2023-03-21T02:37:57Z,709,17,59,
2023-03-21T02:42:55Z,710,17,59,
2023-03-21T02:47:54Z,711,17,59,
2023-03-21T02:52:52Z,712,17,59,
2023-03-21T02:57:51Z,713,17,59,
2023-03-21T03:02:49Z,714,17,59,
2023-03-21T03:07:48Z,715,17,59,
2023-03-21T03:12:46Z,716,17,59,
2023-03-21T03:17:44Z,717,17,59,
2023-03-21T03:22:43Z,718,17,59,
2023-03-21T03:27:41Z,719,17,59,
2023-03-21T03:32:40Z,720,17,59,
2023-03-21T03:37:38Z,721,17,59,
2023-03-21T03:42:36Z,722,17,59,
2023-03-21T03:47:35Z,723,17,59,
2023-03-21T03:52:33Z,724,16,59,
2023-03-21T03:57:32Z,725,16,59,
2023-03-21T04:02:30Z,726,16,59,
2023-03-21T04:07:29Z,727,16,59,
2023-03-21T04:12:27Z,728,16,59,
2023-03-21T04:17:26Z,729,16,59,
2023-03-21T04:22:24Z,730,16,59,
2023-03-21T04:27:23Z,731,16,59,
2023-03-21T04:32:21Z,732,16,59,
2023-03-21T04:37:20Z,733,16,59,
2023-03-21T04:42:18Z,734,16,59,
2023-03-21T04:47:16Z,735,16,59,
2023-03-21T04:52:15Z,736,16,59,
2023-03-21T04:57:13Z,737,16,59,
2023-03-21T05:02:12Z,738,16,59,
2023-03-21T05:07:10Z,739,16,59,
2023-03-21T05:12:08Z,740,16,59,
2023-03-21T05:17:07Z,741,16,59,
2023-03-21T05:22:06Z,742,16,59,
2023-03-21T05:27:04Z,743,16,59,
2023-03-21T05:32:03Z,744,16,59,
2023-03-21T05:37:01Z,745,16,59,
2023-03-21T05:41:59Z,746,16,59,
2023-03-21T05:46:58Z,747,16,59,
2023-03-21T05:51:56Z,748,16,59,
2023-03-21T05:56:55Z,749,16,59,
2023-03-21T06:01:54Z,750,16,59,
2023-03-21T06:06:52Z,751,16,59,
2023-03-21T06:11:51Z,752,16,59,
2023-03-21T06:16:49Z,753,16,59,
2023-03-21T06:21:48Z,754,16,59,
2023-03-21T06:26:46Z,755,16,59,
2023-03-21T06:31:45Z,756,16,59,
2023-03-21T06:36:43Z,757,16,59,
2023-03-21T06:41:42Z,758,16,59,
2023-03-21T06:46:40Z,759,16,59,
2023-03-21T06:51:39Z,760,16,59,
2023-03-21T06:56:37Z,761,16,59,
2023-03-21T07:01:36Z,762,17,59,
2023-03-21T07:06:34Z,763,17,58,
2023-03-21T07:11:33Z,764,17,58,
2023-03-21T07:16:32Z,765,17,58,
2023-03-21T07:21:30Z,766,17,58,
2023-03-21T07:26:28Z,767,17,58,
2023-03-21T07:31:27Z,768,17,58,
2023-03-21T07:36:26Z,769,17,58,
2023-03-21T07:41:24Z,770,17,58,
2023-03-21T07:46:22Z,771,17,58,
2023-03-21T07:51:21Z,772,17,58,
2023-03-21T07:56:19Z,773,17,58,
2023-03-21T08:01:18Z,774,17,58,
2023-03-21T08:06:16Z,775,17,58,
2023-03-21T08:11:15Z,776,17,58,
2023-03-21T08:16:13Z,777,17,58,
2023-03-21T08:21:12Z,778,17,58,
2023-03-21T08:26:10Z,779,17,58,
2023-03-21T08:31:09Z,780,17,58,
2023-03-21T08:36:07Z,781,17,58,
2023-03-21T08:41:05Z,782,17,58,
2023-03-21T08:46:04Z,783,17,58,
2023-03-21T08:51:02Z,784,17,58,
2023-03-21T08:56:01Z,785,17,58,
2023-03-21T09:00:59Z,786,17,58,
2023-03-21T09:05:58Z,787,17,58,
2023-03-21T09:10:57Z,788,17,58,
2023-03-21T09:15:55Z,789,17,58,
2023-03-21T09:20:54Z,790,17,58,
2023-03-21T09:25:52Z,791,17,58,
2023-03-21T09:30:51Z,792,17,58,
2023-03-21T09:35:49Z,793,17,58,
2023-03-21T09:40:48Z,794,17,58,
2023-03-21T09:45:46Z,795,17,58,
2023-03-21T09:50:45Z,796,17,58,
2023-03-21T09:55:43Z,797,17,58,
2023-03-21T10:00:42Z,798,17,58,
2023-03-21T10:05:40Z,799,17,58,
2023-03-21T10:10:39Z,800,17,58,
2023-03-21T10:15:37Z,801,17,58,
2023-03-21T10:20:35Z,802,17,58,
2023-03-21T10:25:34Z,803,17,58,
2023-03-21T10:30:32Z,804,17,58,
2023-03-21T10:35:31Z,805,17,58,
2023-03-21T10:40:29Z,806,17,58,
2023-03-21T10:45:28Z,807,17,58,
2023-03-21T10:50:26Z,808,17,58,
2023-03-21T10:55:25Z,809,17,58,
2023-03-21T11:00:23Z,810,17,59,
2023-03-21T11:05:22Z,811,17,59,
2023-03-21T11:10:21Z,812,17,59,
2023-03-21T11:15:19Z,813,17,59,
2023-03-21T11:20:17Z,814,17,58,
2023-03-21T11:25:16Z,815,17,58,
2023-03-21T11:30:15Z,816,17,58,
2023-03-21T11:35:13Z,817,17,58,
2023-03-21T11:40:12Z,818,17,58,
2023-03-21T11:45:10Z,819,17,58,
2023-03-21T11:50:09Z,820,17,58,
2023-03-21T11:55:08Z,821,17,58,
2023-03-21T12:00:06Z,822,17,58,
2023-03-21T12:05:05Z,823,17,58,
2023-03-21T12:10:03Z,824,17,58,
2023-03-21T12:15:01Z,825,17,58,
2023-03-21T12:20:00Z,826,17,58,
2023-03-21T12:24:58Z,827,17,58,
2023-03-21T12:29:57Z,828,17,58,
2023-03-21T12:34:55Z,829,17,58,
2023-03-21T12:39:54Z,830,17,58,
2023-03-21T12:44:52Z,831,17,58,
2023-03-21T12:49:50Z,832,17,58,
2023-03-21T12:54:49Z,833,17,58,
2023-03-21T12:59:47Z,834,17,58,
2023-03-21T13:04:46Z,835,17,58,
2023-03-21T13:09:44Z,836,17,58,
2023-03-21T13:14:43Z,837,17,58,
2023-03-21T13:19:41Z,838,17,58,
2023-03-21T13:24:40Z,839,17,58,
2023-03-21T13:29:38Z,840,17,58,
2023-03-21T13:34:36Z,841,17,58,
2023-03-21T13:39:35Z,842,17,58,
2023-03-21T13:44:33Z,843,17,57,
2023-03-21T13:49:32Z,844,17,57,
2023-03-21T13:54:30Z,845,17,58,
2023-03-21T13:59:29Z,846,17,58,
2023-03-21T14:04:27Z,847,17,59,
2023-03-21T14:09:25Z,848,17,59,
2023-03-21T14:14:24Z,849,17,59,
2023-03-21T14:19:23Z,850,17,59,
2023-03-21T14:24:22Z,851,17,58,
2023-03-21T14:29:20Z,852,17,58,
2023-03-21T14:34:18Z,853,17,58,
2023-03-21T14:39:17Z,854,17,58,
2023-03-21T14:44:15Z,855,17,58,
2023-03-21T14:49:14Z,856,17,58,
2023-03-21T14:54:12Z,857,17,58,
2023-03-21T14:59:11Z,858,17,58,
2023-03-21T15:04:09Z,859,17,58,
2023-03-21T15:09:08Z,860,18,57,
2023-03-21T15:14:07Z,861,18,58,
2023-03-21T15:19:05Z,862,18,57,
2023-03-21T15:24:03Z,863,17,57,
2023-03-21T15:29:02Z,864,17,57,
2023-03-21T15:34:00Z,865,17,57,
2023-03-21T15:38:58Z,866,17,58,
2023-03-21T15:43:57Z,867,17,58,
2023-03-21T15:48:55Z,868,17,58,
2023-03-21T15:53:54Z,869,17,58,
2023-03-21T15:58:52Z,870,17,58,
2023-03-21T16:03:51Z,871,17,57,
2023-03-21T16:08:50Z,872,17,57,
2023-03-21T16:13:48Z,873,17,58,
2023-03-21T16:18:47Z,874,17,57,
2023-03-21T16:23:45Z,875,17,58,
2023-03-21T16:28:44Z,876,17,59,
2023-03-21T16:33:42Z,877,18,59,
2023-03-21T16:38:41Z,878,18,59,
2023-03-21T16:43:39Z,879,18,59,
2023-03-21T16:48:38Z,880,18,59,
2023-03-21T16:53:36Z,881,18,59,
2023-03-21T16:58:34Z,882,18,58,
2023-03-21T17:03:33Z,883,17,58,
2023-03-21T17:08:31Z,884,17,59,
2023-03-21T17:13:30Z,885,17,58,
2023-03-21T17:18:28Z,886,17,58,
2023-03-21T17:23:27Z,887,17,59,
2023-03-21T17:28:25Z,888,17,58,
2023-03-21T17:33:24Z,889,17,59,
2023-03-21T17:38:22Z,890,17,59,
2023-03-21T17:43:20Z,891,17,59,
2023-03-21T17:48:19Z,892,17,59,
2023-03-21T17:53:17Z,893,17,59,
2023-03-21T17:58:16Z,894,17,59,
2023-03-21T18:03:14Z,895,17,59,
2023-03-21T18:08:13Z,896,17,59,
2023-03-21T18:13:11Z,897,17,60,
2023-03-21T18:18:10Z,898,17,60,
2023-03-21T18:23:08Z,899,17,60,
2023-03-21T18:28:06Z,900,17,60,
2023-03-21T18:33:05Z,901,17,60,
2023-03-21T18:38:03Z,902,17,60,
2023-03-21T18:43:02Z,903,17,60,
2023-03-21T18:48:00Z,904,17,60,
2023-03-21T18:52:58Z,905,17,60,
2023-03-21T18:57:57Z,906,17,60,
2023-03-21T19:02:55Z,907,17,60,
2023-03-21T19:07:54Z,908,17,60,
2023-03-21T19:12:52Z,909,17,60,
2023-03-21T19:17:51Z,910,17,60,
2023-03-21T19:22:49Z,911,17,60,
2023-03-21T19:27:48Z,912,17,59,
2023-03-21T19:32:46Z,913,17,59,
2023-03-21T19:37:45Z,914,17,59,
2023-03-21T19:42:43Z,915,17,59,
2023-03-21T19:47:42Z,916,17,59,
2023-03-21T19:52:40Z,917,17,59,
2023-03-21T19:57:39Z,918,17,61,
2023-03-21T20:02:37Z,919,17,63,
2023-03-21T20:07:36Z,920,17,64,
2023-03-21T20:12:34Z,921,17,66,
2023-03-21T20:17:32Z,922,17,65,
2023-03-21T20:22:31Z,923,18,64,
2023-03-21T20:27:29Z,924,18,64,
2023-03-21T20:32:28Z,925,18,64,
2023-03-21T20:37:26Z,926,18,63,
2023-03-21T20:42:25Z,927,18,63,
2023-03-21T20:47:24Z,928,18,62,
2023-03-21T20:52:22Z,929,18,62,
2023-03-21T20:57:21Z,930,18,62,
2023-03-21T21:02:19Z,931,18,62,
2023-03-21T21:07:18Z,932,18,61,
2023-03-21T21:12:16Z,933,18,61,
2023-03-21T21:17:15Z,934,18,61,
2023-03-21T21:22:13Z,935,18,61,
2023-03-21T21:27:12Z,936,18,61,
2023-03-21T21:32:10Z,937,18,60,
2023-03-21T21:37:09Z,938,18,60,
2023-03-21T21:42:07Z,939,18,60,
2023-03-21T21:47:06Z,940,18,60,
2023-03-21T21:52:04Z,941,18,60,
2023-03-21T21:57:02Z,942,18,60,
2023-03-21T22:02:01Z,943,18,60,
2023-03-21T22:06:59Z,944,18,61,
2023-03-21T22:11:58Z,945,18,61,
2023-03-21T22:16:57Z,946,18,61,
2023-03-21T22:21:55Z,947,18,61,
2023-03-21T22:26:53Z,948,18,61,
2023-03-21T22:31:52Z,949,18,62,
2023-03-21T22:36:50Z,950,18,62,
2023-03-21T22:41:49Z,951,18,63,
2023-03-21T22:46:47Z,952,18,62,
2023-03-21T22:51:46Z,953,18,64,
2023-03-21T22:56:44Z,954,17,64,
2023-03-21T23:01:42Z,955,17,63,
2023-03-21T23:06:41Z,956,17,63,
2023-03-21T23:11:39Z,957,17,62,
2023-03-21T23:16:37Z,958,17,62,
2023-03-21T23:21:36Z,959,17,62,
2023-03-21T23:26:34Z,960,17,62,
2023-03-21T23:31:33Z,961,17,61,
2023-03-21T23:36:31Z,962,17,62,
2023-03-21T23:41:30Z,963,17,61,
2023-03-21T23:46:28Z,964,17,61,
2023-03-21T23:51:27Z,965,17,61,
2023-03-21T23:56:25Z,966,17,61,
2023-03-22T00:01:24Z,967,17,61,
2023-03-22T00:06:23Z,968,17,61,
2023-03-22T00:11:21Z,969,17,62,
2023-03-22T00:16:19Z,970,17,61,
2023-03-22T00:21:18Z,971,17,61,
2023-03-22T00:26:16Z,972,17,61,
2023-03-22T00:31:15Z,973,17,61,
2023-03-22T00:36:13Z,974,17,61,
2023-03-22T00:46:10Z,975,17,61,
2023-03-22T00:51:08Z,976,17,61,
2023-03-22T00:56:07Z,977,17,61,
2023-03-22T01:01:05Z,978,17,60,
2023-03-22T01:06:04Z,979,17,60,
2023-03-22T01:11:02Z,980,17,60,
2023-03-22T01:16:00Z,981,17,60,
2023-03-22T01:20:59Z,982,17,60,
2023-03-22T01:25:57Z,983,17,60,
2023-03-22T01:30:56Z,984,17,60,
2023-03-22T01:35:54Z,985,17,60,
2023-03-22T01:40:53Z,986,17,60,
2023-03-22T01:45:51Z,987,17,60,
2023-03-22T01:50:50Z,988,17,60,
2023-03-22T01:55:48Z,989,17,60,
2023-03-22T02:00:46Z,990,17,60,
2023-03-22T02:05:45Z,991,17,60,
2023-03-22T02:10:43Z,992,17,60,
2023-03-22T02:15:42Z,993,17,60,
2023-03-22T02:20:40Z,994,17,60,
2023-03-22T02:25:38Z,995,17,60,
2023-03-22T02:30:37Z,996,17,60,
2023-03-22T02:35:35Z,997,16,60,
2023-03-22T02:40:34Z,998,16,60,
2023-03-22T02:45:32Z,999,16,60,
2023-03-22T02:50:30Z,1000,16,60,
2023-03-22T02:55:28Z,1001,16,60,
2023-03-22T03:00:27Z,1002,16,60,
2023-03-22T03:05:25Z,1003,16,60,
2023-03-22T03:10:24Z,1004,16,60,
2023-03-22T03:15:22Z,1005,16,60,
2023-03-22T03:20:21Z,1006,16,60,
2023-03-22T03:25:19Z,1007,16,60,
2023-03-22T03:30:18Z,1008,16,60,
2023-03-22T03:35:16Z,1009,16,60,
2023-03-22T03:40:15Z,1010,16,60,
2023-03-22T03:45:13Z,1011,16,60,
2023-03-22T03:55:10Z,1012,16,60,
2023-03-22T04:00:09Z,1013,16,60,
2023-03-22T04:05:07Z,1014,16,60,
2023-03-22T04:10:05Z,1015,16,60,
2023-03-22T04:15:04Z,1016,16,60,
2023-03-22T04:20:03Z,1017,16,60,
2023-03-22T04:25:01Z,1018,16,60,
2023-03-22T04:29:59Z,1019,16,60,
2023-03-22T04:34:58Z,1020,16,60,
2023-03-22T04:39:56Z,1021,16,60,
2023-03-22T04:44:55Z,1022,16,60,
2023-03-22T04:49:53Z,1023,16,60,
2023-03-22T04:54:51Z,1024,16,60,
2023-03-22T04:59:50Z,1025,16,60,
2023-03-22T05:04:48Z,1026,16,60,
2023-03-22T05:09:47Z,1027,16,60,
2023-03-22T05:14:45Z,1028,16,60,
2023-03-22T05:19:44Z,1029,16,60,
2023-03-22T05:24:42Z,1030,16,60,
2023-03-22T05:29:40Z,1031,16,60,
2023-03-22T05:34:39Z,1032,16,60,
2023-03-22T05:39:38Z,1033,16,60,
2023-03-22T05:44:36Z,1034,16,60,
2023-03-22T05:49:34Z,1035,16,60,
2023-03-22T05:54:33Z,1036,16,60,
2023-03-22T05:59:31Z,1037,16,60,
2023-03-22T06:04:30Z,1038,16,60,
2023-03-22T06:09:28Z,1039,16,60,
2023-03-22T06:14:27Z,1040,16,60,
2023-03-22T06:19:25Z,1041,16,60,
2023-03-22T06:24:24Z,1042,16,60,
2023-03-22T06:29:22Z,1043,16,60,
2023-03-22T06:34:20Z,1044,16,60,
2023-03-22T06:39:19Z,1045,16,60,
2023-03-22T06:44:17Z,1046,16,60,
2023-03-22T06:49:15Z,1047,16,60,
2023-03-22T06:54:14Z,1048,16,60,
2023-03-22T06:59:12Z,1049,16,60,
2023-03-22T07:04:11Z,1050,16,60,
2023-03-22T07:09:09Z,1051,16,60,
2023-03-22T07:14:07Z,1052,16,60,
2023-03-22T07:19:06Z,1053,16,60,
2023-03-22T07:24:04Z,1054,16,60,
2023-03-22T07:29:03Z,1055,16,60,
2023-03-22T07:34:01Z,1056,16,60,
2023-03-22T07:39:00Z,1057,16,60,
2023-03-22T07:43:58Z,1058,16,60,
2023-03-22T07:48:56Z,1059,16,60,
2023-03-22T07:53:55Z,1060,16,60,
2023-03-22T07:58:53Z,1061,16,60,
2023-03-22T08:08:50Z,1062,16,60,
2023-03-22T08:13:49Z,1063,16,60,
2023-03-22T08:18:47Z,1064,16,60,
2023-03-22T08:23:46Z,1065,16,60,
2023-03-22T08:28:44Z,1066,16,60,
2023-03-22T08:33:42Z,1067,16,60,
2023-03-22T08:38:41Z,1068,16,60,
2023-03-22T08:43:39Z,1069,16,60,
2023-03-22T08:48:38Z,1070,16,60,
2023-03-22T08:53:36Z,1071,16,60,
2023-03-22T08:58:35Z,1072,16,60,
2023-03-22T09:03:33Z,1073,16,60,
2023-03-22T09:08:31Z,1074,16,60,
2023-03-22T09:13:30Z,1075,16,60,
2023-03-22T09:18:28Z,1076,16,60,
2023-03-22T09:23:27Z,1077,16,60,
2023-03-22T09:28:25Z,1078,16,60,
2023-03-22T09:33:24Z,1079,16,60,
2023-03-22T09:38:22Z,1080,16,60,
2023-03-22T09:43:20Z,1081,16,60,
2023-03-22T09:48:19Z,1082,16,60,
2023-03-22T09:53:17Z,1083,16,60,
2023-03-22T09:58:15Z,1084,16,60,
2023-03-22T10:03:14Z,1085,16,60,
2023-03-22T10:08:12Z,1086,16,60,
2023-03-22T10:13:10Z,1087,16,60,
2023-03-22T10:18:09Z,1088,16,60,
2023-03-22T10:23:07Z,1089,16,60,
2023-03-22T10:28:06Z,1090,16,60,
2023-03-22T10:33:04Z,1091,16,60,
2023-03-22T10:38:03Z,1092,16,60,
2023-03-22T10:43:01Z,1093,16,60,
2023-03-22T10:47:59Z,1094,16,60,
2023-03-22T10:52:58Z,1095,16,60,
2023-03-22T10:57:56Z,1096,16,60,
2023-03-22T11:02:55Z,1097,16,60,
2023-03-22T11:07:53Z,1098,16,60,
2023-03-22T11:12:52Z,1099,16,60,
2023-03-22T11:17:50Z,1100,16,60,
2023-03-22T11:22:49Z,1101,16,60,
2023-03-22T11:27:47Z,1102,16,61,
2023-03-22T11:32:46Z,1103,16,61,
2023-03-22T11:37:44Z,1104,16,60,
2023-03-22T11:42:43Z,1105,16,59,
2023-03-22T11:47:41Z,1106,16,59,
2023-03-22T11:52:40Z,1107,16,57,
2023-03-22T11:57:38Z,1108,16,56,
2023-03-22T12:02:36Z,1109,16,56,
2023-03-22T12:07:35Z,1110,16,54,
2023-03-22T12:12:33Z,1111,16,55,
2023-03-22T12:17:32Z,1112,16,56,
2023-03-22T12:22:30Z,1113,16,55,
2023-03-22T12:27:29Z,1114,16,56,
2023-03-22T12:32:27Z,1115,16,56,
2023-03-22T12:37:26Z,1116,16,56,
2023-03-22T12:42:25Z,1117,16,56,
2023-03-22T12:47:23Z,1118,16,56,
2023-03-22T12:52:21Z,1119,16,57,
2023-03-22T13:02:18Z,1120,16,56,
2023-03-22T13:07:17Z,1121,17,56,
2023-03-22T13:12:16Z,1122,17,56,
2023-03-22T13:17:14Z,1123,17,56,
2023-03-22T13:22:13Z,1124,17,56,
2023-03-22T13:27:11Z,1125,17,56,
2023-03-22T13:32:09Z,1126,17,56,
2023-03-22T13:37:08Z,1127,17,56,
2023-03-22T13:42:06Z,1128,17,56,
2023-03-22T13:47:05Z,1129,16,55,
2023-03-22T13:52:03Z,1130,16,55,
2023-03-22T13:57:01Z,1131,16,54,
2023-03-22T14:02:00Z,1132,16,55,
2023-03-22T14:06:58Z,1133,16,55,
2023-03-22T14:11:57Z,1134,16,55,
2023-03-22T14:16:55Z,1135,16,55,
2023-03-22T14:21:53Z,1136,16,56,
2023-03-22T14:26:52Z,1137,16,56,
2023-03-22T14:31:50Z,1138,16,56,
2023-03-22T14:36:49Z,1139,16,56,
2023-03-22T14:41:47Z,1140,16,56,
2023-03-22T14:46:46Z,1141,16,56,
2023-03-22T14:51:45Z,1142,16,56,
2023-03-22T14:56:43Z,1143,16,56,
2023-03-22T15:01:41Z,1144,16,56,
2023-03-22T15:06:40Z,1145,17,56,
2023-03-22T15:11:38Z,1146,17,56,
2023-03-22T15:16:37Z,1147,17,56,
2023-03-22T15:21:35Z,1148,17,56,
2023-03-22T15:31:32Z,1149,17,56,
2023-03-22T15:36:30Z,1150,16,57,
2023-03-22T15:41:29Z,1151,16,57,
2023-03-22T15:46:27Z,1152,16,57,
2023-03-22T15:51:26Z,1153,16,57,
2023-03-22T15:56:24Z,1154,17,57,
2023-03-22T16:01:23Z,1155,17,58,
2023-03-22T16:06:21Z,1156,17,57,
2023-03-22T16:11:20Z,1157,17,57,
2023-03-22T16:16:19Z,1158,16,57,
2023-03-22T16:21:17Z,1159,17,57,
2023-03-22T16:26:16Z,1160,17,57,
2023-03-22T16:31:14Z,1161,17,57,
2023-03-22T16:36:12Z,1162,17,57,
2023-03-22T16:41:11Z,1163,17,57,
2023-03-22T16:46:09Z,1164,17,57,
2023-03-22T16:51:08Z,1165,17,57,
2023-03-22T16:56:06Z,1166,17,58,
2023-03-22T17:01:05Z,1167,17,57,
2023-03-22T17:06:03Z,1168,17,57,
2023-03-22T17:11:02Z,1169,16,58,
2023-03-22T17:16:00Z,1170,16,58,
2023-03-22T17:20:58Z,1171,16,58,
2023-03-22T17:25:57Z,1172,16,58,
2023-03-22T17:30:56Z,1173,16,58,
2023-03-22T17:35:54Z,1174,16,58,
2023-03-22T17:40:52Z,1175,16,58,
2023-03-22T17:45:51Z,1176,16,58,
2023-03-22T17:50:49Z,1177,16,58,
2023-03-22T17:55:48Z,1178,16,58,
2023-03-22T18:00:47Z,1179,16,58,
2023-03-22T18:05:45Z,1180,16,58,
2023-03-22T18:10:44Z,1181,16,58,
2023-03-22T18:20:40Z,1182,16,59,
2023-03-22T18:25:39Z,1183,16,58,
2023-03-22T18:30:37Z,1184,16,59,
2023-03-22T18:35:36Z,1185,16,59,
2023-03-22T18:40:34Z,1186,16,59,
2023-03-22T18:45:33Z,1187,16,60,
2023-03-22T18:50:31Z,1188,16,60,
2023-03-22T18:55:30Z,1189,16,60,
2023-03-22T19:00:28Z,1190,16,60,
2023-03-22T19:05:27Z,1191,16,59,
2023-03-22T19:10:25Z,1192,16,59,
2023-03-22T19:15:24Z,1193,16,59,
2023-03-22T19:20:22Z,1194,16,59,
2023-03-22T19:25:21Z,1195,16,60,
2023-03-22T19:30:19Z,1196,16,60,
2023-03-22T19:35:18Z,1197,16,60,
2023-03-22T19:40:16Z,1198,16,60,
2023-03-22T19:45:15Z,1199,16,60,
2023-03-22T19:50:13Z,1200,17,62,
2023-03-22T19:55:12Z,1201,17,63,
2023-03-22T20:00:11Z,1202,17,63,
2023-03-22T20:05:09Z,1203,17,64,
2023-03-22T20:10:08Z,1204,17,66,
2023-03-22T20:15:06Z,1205,17,65,
2023-03-22T20:20:05Z,1206,17,65,
2023-03-22T20:25:03Z,1207,17,65,
2023-03-22T20:30:02Z,1208,17,64,
2023-03-22T20:35:00Z,1209,17,65,
2023-03-22T20:39:59Z,1210,17,65,
2023-03-22T20:44:57Z,1211,17,67,
2023-03-22T20:49:56Z,1212,17,67,
2023-03-22T20:54:54Z,1213,17,67,
2023-03-22T20:59:52Z,1214,17,67,
2023-03-22T21:04:51Z,1215,17,65,
2023-03-22T21:09:50Z,1216,17,66,
2023-03-22T21:14:48Z,1217,17,66,
2023-03-22T21:19:46Z,1218,17,65,
2023-03-22T21:24:45Z,1219,17,65,
2023-03-22T21:29:43Z,1220,17,65,
2023-03-22T21:34:42Z,1221,17,64,
2023-03-22T21:39:41Z,1222,17,64,
2023-03-22T21:49:37Z,1223,17,64,
2023-03-22T21:54:36Z,1224,17,63,
2023-03-22T21:59:34Z,1225,17,63,
2023-03-22T22:04:33Z,1226,17,63,
2023-03-22T22:09:31Z,1227,17,62,
2023-03-22T22:14:30Z,1228,17,63,
2023-03-22T22:19:28Z,1229,17,63,
2023-03-22T22:24:27Z,1230,17,64,
2023-03-22T22:29:25Z,1231,17,64,
2023-03-22T22:34:24Z,1232,17,64,
2023-03-22T22:39:22Z,1233,17,64,
2023-03-22T22:44:20Z,1234,17,64,
2023-03-22T22:49:19Z,1235,17,64,
2023-03-22T22:54:17Z,1236,17,64,
2023-03-22T22:59:16Z,1237,17,64,
2023-03-22T23:04:14Z,1238,17,65,
2023-03-22T23:09:13Z,1239,17,64,
2023-03-22T23:14:11Z,1240,17,64,
2023-03-22T23:19:10Z,1241,17,64,
2023-03-22T23:24:08Z,1242,17,64,
2023-03-22T23:29:06Z,1243,17,63,
2023-03-22T23:34:05Z,1244,17,63,
2023-03-22T23:39:03Z,1245,17,62,
2023-03-22T23:44:02Z,1246,17,62,
2023-03-22T23:49:00Z,1247,17,62,
2023-03-22T23:53:58Z,1248,17,62,
2023-03-23T00:08:54Z,1249,17,62,
2023-03-23T00:13:52Z,1250,17,62,
2023-03-23T00:23:49Z,1251,17,62,
2023-03-23T00:38:44Z,1252,17,62,
2023-03-23T00:43:42Z,1253,17,62,
2023-03-23T00:48:41Z,1254,17,62,
2023-03-23T00:53:39Z,1255,17,62,
2023-03-23T00:58:38Z,1256,17,62,
2023-03-23T01:03:36Z,1257,17,62,
2023-03-23T01:08:35Z,1258,17,63,
2023-03-23T01:13:33Z,1259,17,63,
2023-03-23T01:18:31Z,1260,17,63,
2023-03-23T01:23:30Z,1261,17,63,
2023-03-23T01:28:29Z,1262,17,63,
2023-03-23T01:33:27Z,1263,17,63,
2023-03-23T01:38:26Z,1264,17,63,
2023-03-23T01:43:24Z,1265,17,63,
2023-03-23T01:48:23Z,1266,17,63,
2023-03-23T01:53:21Z,1267,17,63,
2023-03-23T01:58:19Z,1268,17,63,
2023-03-23T02:03:18Z,1269,17,63,
2023-03-23T02:08:16Z,1270,16,63,
2023-03-23T02:13:15Z,1271,16,63,
2023-03-23T02:18:13Z,1272,16,63,
2023-03-23T02:23:11Z,1273,16,63,
2023-03-23T02:28:10Z,1274,16,63,
2023-03-23T02:33:08Z,1275,16,62,
2023-03-23T02:38:06Z,1276,16,63,
2023-03-23T02:43:05Z,1277,16,62,
2023-03-23T02:48:03Z,1278,16,62,
2023-03-23T02:53:01Z,1279,16,62,
2023-03-23T02:58:00Z,1280,16,62,
2023-03-23T03:02:58Z,1281,16,62,
2023-03-23T03:07:57Z,1282,16,62,
2023-03-23T03:12:55Z,1283,16,62,
2023-03-23T03:17:54Z,1284,16,62,
2023-03-23T03:22:52Z,1285,16,61,
2023-03-23T03:27:51Z,1286,16,61,
2023-03-23T03:32:49Z,1287,16,61,
2023-03-23T03:37:48Z,1288,16,61,
2023-03-23T03:42:46Z,1289,16,61,
2023-03-23T03:47:44Z,1290,16,61,
2023-03-23T03:52:43Z,1291,16,61,
2023-03-23T03:57:42Z,1292,16,61,
2023-03-23T04:02:40Z,1293,16,62,
2023-03-23T04:07:39Z,1294,16,61,
2023-03-23T04:12:37Z,1295,16,61,
2023-03-23T04:17:36Z,1296,16,61,
2023-03-23T04:22:34Z,1297,16,61,
2023-03-23T04:27:33Z,1298,16,61,
2023-03-23T04:32:31Z,1299,16,61,
2023-03-23T04:37:30Z,1300,16,61,
2023-03-23T04:42:28Z,1301,16,61,
2023-03-23T04:47:26Z,1302,16,61,
2023-03-23T04:52:25Z,1303,16,61,
2023-03-23T04:57:23Z,1304,16,61,
2023-03-23T05:02:22Z,1305,16,61,
2023-03-23T05:07:20Z,1306,16,61,
2023-03-23T05:12:18Z,1307,16,61,
2023-03-23T05:17:17Z,1308,16,61,
2023-03-23T05:22:15Z,1309,16,61,
2023-03-23T05:27:14Z,1310,16,61,
2023-03-23T05:32:12Z,1311,16,61,
2023-03-23T05:37:11Z,1312,16,61,
2023-03-23T05:42:09Z,1313,16,61,
2023-03-23T05:47:07Z,1314,16,62,
2023-03-23T05:52:06Z,1315,16,61,
2023-03-23T05:57:04Z,1316,16,61,
2023-03-23T06:02:03Z,1317,16,61,
2023-03-23T06:07:01Z,1318,16,62,
2023-03-23T06:12:00Z,1319,16,61,
2023-03-23T06:16:59Z,1320,16,61,
2023-03-23T06:21:57Z,1321,16,61,
2023-03-23T06:26:55Z,1322,16,61,
2023-03-23T06:36:52Z,1323,16,61,
2023-03-23T06:41:51Z,1324,16,61,
2023-03-23T06:46:49Z,1325,16,61,
2023-03-23T06:51:48Z,1326,16,61,
2023-03-23T06:56:46Z,1327,16,61,
2023-03-23T07:01:45Z,1328,16,61,
2023-03-23T07:06:43Z,1329,16,61,
2023-03-23T07:11:42Z,1330,16,61,
2023-03-23T07:16:40Z,1331,16,61,
2023-03-23T07:21:39Z,1332,16,61,
2023-03-23T07:26:37Z,1333,16,61,
2023-03-23T07:31:36Z,1334,16,61,
2023-03-23T07:36:34Z,1335,16,61,
2023-03-23T07:41:32Z,1336,16,61,
2023-03-23T07:46:31Z,1337,16,61,
2023-03-23T07:51:29Z,1338,16,61,
2023-03-23T07:56:28Z,1339,16,61,
2023-03-23T08:01:26Z,1340,16,61,
2023-03-23T08:06:25Z,1341,16,61,
2023-03-23T08:11:23Z,1342,16,61,
2023-03-23T08:16:22Z,1343,16,61,
2023-03-23T08:21:20Z,1344,16,61,
2023-03-23T08:26:19Z,1345,16,61,
2023-03-23T08:31:17Z,1346,16,61,
2023-03-23T08:36:16Z,1347,16,61,
2023-03-23T08:41:14Z,1348,16,61,
2023-03-23T08:46:12Z,1349,16,61,
2023-03-23T08:51:11Z,1350,16,61,
2023-03-23T08:56:09Z,1351,16,60,
2023-03-23T09:01:08Z,1352,16,61,
2023-03-23T09:11:05Z,1353,16,60,
2023-03-23T09:16:03Z,1354,16,60,
2023-03-23T09:21:02Z,1355,16,60,
2023-03-23T09:30:59Z,1356,16,59,
2023-03-23T09:35:57Z,1357,16,59,
2023-03-23T09:40:55Z,1358,16,59,
2023-03-23T09:45:54Z,1359,16,59,
2023-03-23T09:50:53Z,1360,16,59,
2023-03-23T09:55:51Z,1361,16,59,
2023-03-23T10:00:50Z,1362,16,59,
2023-03-23T10:05:48Z,1363,16,59,
2023-03-23T10:10:46Z,1364,16,59,
2023-03-23T10:15:45Z,1365,16,59,
2023-03-23T10:20:43Z,1366,16,59,
2023-03-23T10:25:42Z,1367,16,59,
2023-03-23T10:30:40Z,1368,16,59,
2023-03-23T10:35:39Z,1369,16,59,
2023-03-23T10:40:37Z,1370,16,59,
2023-03-23T10:45:36Z,1371,16,59,
2023-03-23T10:50:34Z,1372,16,59,
2023-03-23T10:55:33Z,1373,16,60,
2023-03-23T11:00:31Z,1374,16,60,
2023-03-23T11:10:28Z,1375,16,60,
2023-03-23T11:15:27Z,1376,16,59,
2023-03-23T11:20:26Z,1377,16,59,
2023-03-23T11:25:24Z,1378,17,59,
2023-03-23T11:30:22Z,1379,17,59,
2023-03-23T11:35:21Z,1380,17,59,
2023-03-23T11:40:19Z,1381,17,59,
2023-03-23T11:45:18Z,1382,17,59,
2023-03-23T11:50:16Z,1383,17,59,
2023-03-23T11:55:15Z,1384,17,59,
2023-03-23T12:00:14Z,1385,17,58,
2023-03-23T12:05:12Z,1386,17,58,
2023-03-23T12:10:10Z,1387,17,58,
2023-03-23T12:15:09Z,1388,17,58,
2023-03-23T12:20:07Z,1389,17,58,
2023-03-23T12:25:06Z,1390,17,58,
2023-03-23T12:30:04Z,1391,17,58,
2023-03-23T12:35:03Z,1392,17,58,
2023-03-23T12:40:01Z,1393,17,58,
2023-03-23T12:45:00Z,1394,17,58,
2023-03-23T12:49:58Z,1395,17,58,
2023-03-23T12:54:57Z,1396,17,58,
2023-03-23T12:59:55Z,1397,17,58,
2023-03-23T13:04:54Z,1398,17,57,
2023-03-23T13:09:53Z,1399,17,57,
2023-03-23T13:14:51Z,1400,17,58,
2023-03-23T13:19:50Z,1401,17,57,
2023-03-23T13:24:48Z,1402,17,58,
2023-03-23T13:29:47Z,1403,17,57,
2023-03-23T13:34:46Z,1404,17,57,
2023-03-23T13:39:44Z,1405,17,57,
2023-03-23T13:44:42Z,1406,17,57,
2023-03-23T13:54:40Z,1407,17,56,
2023-03-23T13:59:38Z,1408,17,57,
2023-03-23T14:04:37Z,1409,17,56,
2023-03-23T14:09:35Z,1410,17,56,
2023-03-23T14:14:33Z,1411,17,56,
2023-03-23T14:19:32Z,1412,17,56,
2023-03-23T14:24:30Z,1413,17,56,
2023-03-23T14:29:29Z,1414,17,56,
2023-03-23T14:34:27Z,1415,17,56,
2023-03-23T14:39:25Z,1416,17,57,
2023-03-23T14:44:24Z,1417,17,56,
2023-03-23T14:49:22Z,1418,17,56,
2023-03-23T14:54:21Z,1419,17,56,
2023-03-23T14:59:19Z,1420,17,56,
2023-03-23T15:04:17Z,1421,17,57,
2023-03-23T15:09:16Z,1422,17,57,
2023-03-23T15:14:14Z,1423,17,57,
2023-03-23T15:19:13Z,1424,17,57,
2023-03-23T15:24:11Z,1425,17,57,
2023-03-23T15:29:10Z,1426,17,57,
2023-03-23T15:34:08Z,1427,17,57,
2023-03-23T15:39:07Z,1428,17,57,
2023-03-23T15:44:05Z,1429,17,58,
2023-03-23T15:49:03Z,1430,17,57,
2023-03-23T15:54:02Z,1431,17,57,
2023-03-23T15:59:00Z,1432,17,57,
2023-03-23T16:03:59Z,1433,17,58,
2023-03-23T16:08:57Z,1434,17,57,
2023-03-23T16:13:55Z,1435,17,58,
2023-03-23T16:18:54Z,1436,17,58,
2023-03-23T16:23:52Z,1437,17,58,
2023-03-23T16:28:51Z,1438,17,58,
2023-03-23T16:33:49Z,1439,17,58,
2023-03-23T16:38:48Z,1440,17,58,
2023-03-23T16:43:46Z,1441,17,58,
2023-03-23T16:48:45Z,1442,17,58,
2023-03-23T16:53:43Z,1443,17,58,
2023-03-23T16:58:42Z,1444,17,58,
2023-03-23T17:03:40Z,1445,17,58,
2023-03-23T17:08:39Z,1446,17,58,
2023-03-23T17:13:37Z,1447,17,58,
2023-03-23T17:18:35Z,1448,16,59,
2023-03-23T17:23:34Z,1449,16,58,
2023-03-23T17:28:32Z,1450,16,59,
2023-03-23T17:33:31Z,1451,16,59,
2023-03-23T17:38:29Z,1452,16,59,
2023-03-23T17:43:28Z,1453,16,59,
2023-03-23T17:48:26Z,1454,16,59,
2023-03-23T17:53:25Z,1455,16,59,
2023-03-23T17:58:23Z,1456,16,59,
2023-03-23T18:03:22Z,1457,16,59,
2023-03-23T18:08:20Z,1458,16,59,
2023-03-23T18:13:18Z,1459,16,59,
2023-03-23T18:18:17Z,1460,16,59,
2023-03-23T18:23:15Z,1461,16,59,
2023-03-23T18:28:14Z,1462,16,59,
2023-03-23T18:33:12Z,1463,17,59,
2023-03-23T18:38:11Z,1464,17,59,
2023-03-23T18:43:09Z,1465,17,60,
2023-03-23T18:48:08Z,1466,17,60,
2023-03-23T18:53:06Z,1467,17,60,
2023-03-23T18:58:05Z,1468,17,60,
2023-03-23T19:03:03Z,1469,17,61,
2023-03-23T19:08:01Z,1470,17,62,
2023-03-23T19:13:00Z,1471,17,62,
2023-03-23T19:17:59Z,1472,17,64,
2023-03-23T19:22:57Z,1473,17,63,
2023-03-23T19:27:55Z,1474,17,63,
2023-03-23T19:32:53Z,1475,17,63,
2023-03-23T19:37:52Z,1476,17,62,
2023-03-23T19:42:50Z,1477,17,61,
2023-03-23T19:47:49Z,1478,17,62,
2023-03-23T19:52:47Z,1479,17,62,
2023-03-23T19:57:45Z,1480,17,62,
2023-03-23T20:02:44Z,1481,17,62,
2023-03-23T20:07:42Z,1482,17,61,
2023-03-23T20:12:41Z,1483,17,61,
2023-03-23T20:17:39Z,1484,17,61,
2023-03-23T20:22:37Z,1485,17,61,
2023-03-23T20:27:36Z,1486,17,61,
2023-03-23T20:32:34Z,1487,16,61,
2023-03-23T20:37:32Z,1488,16,61,
2023-03-23T20:42:31Z,1489,16,61,
2023-03-23T20:47:29Z,1490,16,61,
2023-03-23T20:52:28Z,1491,16,61,
2023-03-23T20:57:26Z,1492,16,61,
2023-03-23T21:02:25Z,1493,16,61,
2023-03-23T21:07:23Z,1494,16,61,
2023-03-23T21:12:21Z,1495,16,61,
2023-03-23T21:17:20Z,1496,16,61,
2023-03-23T21:22:18Z,1497,16,61,
2023-03-23T21:27:17Z,1498,16,61,
2023-03-23T21:32:15Z,1499,16,61,
2023-03-23T21:37:13Z,1500,16,61,
2023-03-23T21:42:12Z,1501,16,61,
2023-03-23T21:47:10Z,1502,16,61,
2023-03-23T21:52:09Z,1503,16,61,
2023-03-23T21:57:07Z,1504,16,61,
2023-03-23T22:02:06Z,1505,16,61,
2023-03-23T22:07:07Z,1506,16,61,
2023-03-23T22:12:03Z,1507,16,61,
2023-03-23T22:17:01Z,1508,16,61,
2023-03-23T22:22:00Z,1509,16,60,
2023-03-23T22:26:58Z,1510,16,61,
2023-03-23T22:31:56Z,1511,16,60,
2023-03-23T22:36:55Z,1512,16,61,
2023-03-23T22:41:53Z,1513,16,60,
2023-03-23T22:46:52Z,1514,16,61,
2023-03-23T22:51:50Z,1515,16,60,
2023-03-23T22:56:49Z,1516,17,61,
2023-03-23T23:01:47Z,1517,17,60,
2023-03-23T23:06:46Z,1518,17,61,
2023-03-23T23:11:44Z,1519,17,61,
2023-03-23T23:16:43Z,1520,17,61,
2023-03-23T23:21:41Z,1521,17,61,
2023-03-23T23:26:40Z,1522,17,61,
2023-03-23T23:31:38Z,1523,17,62,
2023-03-23T23:36:37Z,1524,17,62,
2023-03-23T23:41:35Z,1525,17,62,
2023-03-23T23:46:33Z,1526,17,62,
2023-03-23T23:51:32Z,1527,17,62,
2023-03-23T23:56:30Z,1528,17,62,
2023-03-24T00:01:29Z,1529,17,62,
2023-03-24T00:06:27Z,1530,17,62,
2023-03-24T00:11:25Z,1531,17,59,
2023-03-24T00:16:24Z,1532,17,62,
2023-03-24T00:21:22Z,1533,17,62,
2023-03-24T00:26:20Z,1534,17,62,
2023-03-24T00:31:19Z,1535,17,62,
2023-03-24T00:36:17Z,1536,17,62,
2023-03-24T00:41:16Z,1537,17,62,
2023-03-24T00:46:14Z,1538,17,62,
2023-03-24T00:51:12Z,1539,16,62,
2023-03-24T00:56:10Z,1540,16,62,
2023-03-24T01:01:09Z,1541,16,62,
2023-03-24T01:06:07Z,1542,16,62,
2023-03-24T01:11:06Z,1543,16,62,
2023-03-24T01:16:04Z,1544,16,62,
2023-03-24T01:21:02Z,1545,16,62,
2023-03-24T01:26:01Z,1546,16,61,
2023-03-24T01:30:59Z,1547,16,61,
2023-03-24T01:35:58Z,1548,16,61,
2023-03-24T01:40:56Z,1549,16,61,
2023-03-24T01:45:55Z,1550,16,61,
2023-03-24T01:50:53Z,1551,16,61,
2023-03-24T01:55:52Z,1552,16,61,
2023-03-24T02:00:50Z,1553,16,61,
2023-03-24T02:05:49Z,1554,16,61,
2023-03-24T02:10:47Z,1555,16,61,
2023-03-24T02:20:44Z,1556,16,61,
2023-03-24T02:25:42Z,1557,16,61,
2023-03-24T02:30:41Z,1558,16,61,
2023-03-24T02:35:39Z,1559,16,61,
2023-03-24T02:45:36Z,1560,16,61,
2023-03-24T02:50:35Z,1561,16,61,
2023-03-24T02:55:33Z,1562,16,61,
2023-03-24T03:00:32Z,1563,16,61,
2023-03-24T03:05:30Z,1564,16,61,
2023-03-24T03:10:28Z,1565,16,61,
2023-03-24T03:15:27Z,1566,16,61,
2023-03-24T03:20:25Z,1567,16,61,
2023-03-24T03:25:24Z,1568,16,61,
2023-03-24T03:30:22Z,1569,16,61,
2023-03-24T03:35:21Z,1570,16,61,
2023-03-24T03:40:19Z,1571,16,61,
2023-03-24T03:45:18Z,1572,16,61,
2023-03-24T03:50:16Z,1573,16,61,
2023-03-24T03:55:15Z,1574,16,61,
2023-03-24T04:00:13Z,1575,16,61,
2023-03-24T04:05:12Z,1576,16,61,
2023-03-24T04:10:10Z,1577,16,61,
2023-03-24T04:15:09Z,1578,16,61,
2023-03-24T04:20:07Z,1579,16,61,
2023-03-24T04:25:06Z,1580,16,61,
2023-03-24T04:30:04Z,1581,16,61,
2023-03-24T04:35:02Z,1582,16,61,
2023-03-24T04:40:01Z,1583,16,61,
2023-03-24T04:44:59Z,1584,16,61,
2023-03-24T04:49:58Z,1585,16,61,
2023-03-24T04:54:56Z,1586,16,61,
2023-03-24T04:59:54Z,1587,16,61,
2023-03-24T05:04:53Z,1588,16,61,
2023-03-24T05:09:51Z,1589,16,61,
2023-03-24T05:14:50Z,1590,16,61,
2023-03-24T05:19:48Z,1591,16,61,
2023-03-24T05:24:46Z,1592,16,61,
