timestamp,entry_id,temperature,rh,awake_time
2023-09-14T19:18:13Z,433,17,70,0.0
2023-09-14T19:22:41Z,434,16,71,11456.0
2023-09-14T19:27:33Z,435,16,74,552.0
2023-09-15T01:25:52Z,507,17,70,1252.0
2023-09-15T07:24:15Z,579,16,72,5.0
2023-09-15T08:23:48Z,591,16,72,7.0
2023-09-15T14:22:09Z,663,17,71,76.0
2023-09-15T15:21:38Z,675,17,71,7.0
2023-09-15T16:21:09Z,687,17,71,43.0
2023-09-15T17:20:38Z,699,16,72,51.0
2023-09-15T23:19:04Z,771,16,73,51.0
2023-09-16T05:17:27Z,843,15,74,8.0
2023-09-16T06:16:56Z,855,15,74,8.0
2023-09-16T07:16:24Z,867,15,74,47.0
2023-09-16T08:15:52Z,879,15,74,51.0
2023-09-16T09:15:24Z,891,15,74,43.0
2023-09-16T15:13:47Z,963,16,73,60.0
2023-09-16T16:13:21Z,975,16,73,8.0
2023-09-16T22:11:44Z,1047,15,74,88.0
2023-09-17T04:10:05Z,1119,15,75,13.0
2023-09-17T10:08:27Z,1191,17,74,7.0
2023-09-17T11:07:56Z,1203,16,75,8.0
2023-09-17T17:06:16Z,1275,15,75,60.0
2023-09-17T23:04:41Z,1347,15,76,5.0
2023-09-18T05:03:04Z,1419,15,76,7.0
2023-09-18T06:02:34Z,1431,15,76,9.0
2023-09-18T07:02:02Z,1443,15,76,55.0
2023-09-18T08:01:31Z,1455,15,76,43.0
2023-09-18T09:01:04Z,1467,15,77,43.0
2023-09-18T14:59:28Z,1539,16,76,80.0
2023-09-18T15:58:58Z,1551,16,75,8.0
2023-09-18T16:58:29Z,1563,16,74,55.0
2023-09-18T22:56:51Z,1635,15,74,60.0
2023-09-19T04:55:18Z,1707,14,75,7.0
2023-09-19T10:53:42Z,1779,14,76,13.0
2023-09-19T16:52:04Z,1851,14,75,15.0
2023-09-19T17:51:36Z,1863,14,75,9.0
2023-09-19T23:49:58Z,1935,15,77,80.0
2023-09-20T05:48:20Z,2007,15,77,10.0
2023-09-20T06:47:53Z,2019,15,78,9.0
2023-09-20T12:46:17Z,2091,16,78,80.0
2023-09-20T18:44:39Z,2163,16,77,12.0
2023-09-21T00:43:01Z,2235,15,77,8.0
2023-09-21T06:41:22Z,2307,14,77,7.0
2023-09-21T07:40:50Z,2319,14,77,8.0
2023-09-21T08:40:26Z,2331,14,77,47.0
2023-09-21T14:38:48Z,2403,16,75,106.0
2023-09-21T15:38:16Z,2415,16,74,8.0
2023-09-21T16:37:54Z,2427,16,74,43.0
2023-09-21T22:36:13Z,2499,15,74,113.0
2023-09-22T04:34:34Z,2571,14,76,7.0
2023-09-22T10:32:56Z,2643,14,77,8.0
2023-09-22T11:32:26Z,2655,14,77,8.0
2023-09-22T12:31:55Z,2667,14,76,55.0
2023-09-22T13:31:25Z,2679,14,76,51.0
2023-09-22T14:30:53Z,2691,15,76,55.0
2023-09-22T15:30:23Z,2703,15,76,43.0
2023-09-22T16:29:55Z,2715,15,76,52.0
2023-09-22T22:28:17Z,2787,14,77,76.0
2023-09-23T04:26:40Z,2859,14,78,8.0
2023-09-23T10:25:02Z,2931,13,76,9.0
2023-09-23T11:24:32Z,2943,14,74,8.0
2023-09-23T12:24:01Z,2955,14,74,51.0
2023-09-23T13:23:30Z,2967,14,75,43.0
2023-09-23T14:23:03Z,2979,14,74,51.0
2023-09-23T20:21:24Z,3051,14,75,88.0
2023-09-24T02:19:46Z,3123,14,76,8.0
2023-09-24T08:18:12Z,3195,14,77,6.0
2023-09-24T09:17:41Z,3207,14,80,8.0
2023-09-24T10:17:12Z,3219,15,80,43.0
2023-09-24T11:16:41Z,3231,15,79,43.0
2023-09-24T12:16:11Z,3243,15,79,43.0
2023-09-24T13:15:41Z,3255,16,79,43.0
2023-09-24T14:15:11Z,3267,16,79,47.0
2023-09-24T15:14:44Z,3279,16,80,51.0
2023-09-24T21:13:04Z,3351,16,81,80.0
2023-09-25T03:11:29Z,3423,15,80,7.0
2023-09-25T09:09:54Z,3495,15,80,8.0
2023-09-25T15:08:20Z,3567,16,78,14.0
2023-09-25T21:06:40Z,3639,16,78,13.0
2023-09-26T03:05:04Z,3711,15,78,7.0
2023-09-26T09:03:33Z,3783,15,78,13.0
2023-09-26T15:01:52Z,3855,16,78,19.0
2023-09-26T16:01:21Z,3867,16,78,8.0
2023-09-26T17:00:52Z,3879,16,77,43.0
2023-09-26T22:59:16Z,3951,16,78,51.0
2023-09-27T04:57:37Z,4023,14,79,9.0
2023-09-27T10:55:59Z,4095,14,80,9.0
2023-09-27T11:55:30Z,4107,14,79,8.0
2023-09-27T17:53:51Z,4179,14,79,77.0
2023-09-27T23:52:15Z,4251,15,81,9.0
2023-09-28T05:50:37Z,4323,15,82,7.0
2023-09-28T06:50:06Z,4335,15,82,7.0
2023-09-28T07:49:35Z,4347,15,81,43.0
2023-09-28T08:49:06Z,4359,14,81,43.0
2023-09-28T09:48:34Z,4371,14,81,55.0
2023-09-28T10:48:04Z,4383,14,81,43.0
2023-09-28T11:47:33Z,4395,15,80,51.0
2023-09-28T12:47:05Z,4407,15,80,52.0
2023-09-28T18:45:27Z,4479,15,79,76.0
2023-09-29T00:43:49Z,4551,15,79,8.0
2023-09-29T06:42:16Z,4623,14,79,8.0
2023-09-29T12:40:36Z,4695,15,79,13.0
2023-09-29T13:40:06Z,4707,15,79,8.0
2023-09-29T14:39:38Z,4719,15,78,52.0
2023-09-29T20:38:05Z,4791,15,77,76.0
2023-09-30T02:36:25Z,4863,14,78,13.0
2023-09-30T08:34:46Z,4935,14,79,8.0
2023-09-30T09:34:19Z,4947,14,79,7.0
2023-09-30T15:32:44Z,5019,15,78,76.0
2023-09-30T21:31:04Z,5091,15,78,14.0
2023-10-01T03:29:32Z,5163,14,79,7.0
2023-10-01T09:27:54Z,5235,16,80,13.0
2023-10-01T10:27:23Z,5247,17,78,8.0
2023-10-01T11:26:51Z,5259,17,78,51.0
2023-10-01T12:26:21Z,5271,17,78,43.0
2023-10-01T13:25:51Z,5283,17,78,43.0
2023-10-01T14:25:20Z,5295,17,77,43.0
2023-10-01T15:24:49Z,5307,17,77,43.0
2023-10-01T16:24:19Z,5319,17,77,43.0
2023-10-01T17:23:52Z,5331,17,77,43.0
2023-10-01T23:22:10Z,5403,16,78,77.0
2023-10-02T05:20:31Z,5475,15,77,7.0
2023-10-02T06:20:00Z,5487,15,77,9.0
2023-10-02T07:19:32Z,5499,15,77,43.0
2023-10-02T13:18:05Z,5571,16,77,76.0
2023-10-02T19:16:27Z,5643,16,77,24.0
2023-10-03T01:14:48Z,5715,15,77,13.0
2023-10-03T07:13:09Z,5787,14,78,9.0
2023-10-03T08:12:42Z,5799,14,78,7.0
2023-10-03T14:11:09Z,5871,15,78,76.0
2023-10-03T20:09:28Z,5943,15,76,13.0
2023-10-04T02:07:48Z,6015,14,77,8.0
2023-10-04T08:06:09Z,6087,14,78,7.0
2023-10-04T09:05:39Z,6099,14,78,8.0
2023-10-04T10:05:16Z,6111,14,78,43.0
2023-10-04T16:03:36Z,6183,15,79,106.0
2023-10-04T17:03:08Z,6195,15,79,8.0
2023-10-04T23:01:29Z,6267,14,80,80.0
2023-10-05T04:59:53Z,6339,13,80,7.0
2023-10-05T10:58:15Z,6411,13,80,10.0
2023-10-05T11:57:46Z,6423,13,80,9.0
2023-10-05T17:56:08Z,6495,14,81,63.0
2023-10-05T23:54:29Z,6567,14,81,7.0
2023-10-06T05:52:53Z,6639,14,82,7.0
2023-10-06T06:52:22Z,6651,14,82,7.0
2023-10-06T07:51:51Z,6663,14,82,47.0
2023-10-06T08:51:19Z,6675,14,82,43.0
2023-10-06T09:50:50Z,6687,14,82,43.0
2023-10-06T10:50:19Z,6699,15,82,43.0
2023-10-06T11:49:48Z,6711,15,82,43.0
2023-10-06T12:49:21Z,6723,15,82,43.0
2023-10-06T18:47:38Z,6795,15,82,77.0
2023-10-07T00:46:05Z,6867,15,82,6.0
2023-10-07T06:44:29Z,6939,14,82,13.0
2023-10-07T12:42:50Z,7011,14,83,13.0
2023-10-07T13:42:18Z,7023,14,83,7.0
2023-10-07T14:41:47Z,7035,14,83,43.0
2023-10-07T15:41:22Z,7047,14,83,43.0
2023-10-07T21:39:40Z,7119,13,83,80.0
2023-10-08T03:38:01Z,7191,14,81,7.0
2023-10-08T09:36:26Z,7263,17,78,7.0
2023-10-08T10:35:55Z,7275,17,77,8.0
2023-10-08T11:35:23Z,7287,17,78,43.0
2023-10-08T12:34:52Z,7299,17,78,43.0
2023-10-08T13:34:21Z,7311,16,78,43.0
2023-10-08T14:33:49Z,7323,16,79,43.0
2023-10-08T15:33:20Z,7335,17,77,43.0
2023-10-08T16:32:54Z,7347,17,78,43.0
2023-10-08T22:31:12Z,7419,15,81,88.0
2023-10-09T04:29:36Z,7491,15,82,7.0
2023-10-09T10:27:57Z,7563,15,83,9.0
2023-10-09T11:27:30Z,7575,15,82,7.0
2023-10-09T17:25:54Z,7647,15,82,76.0
2023-10-09T23:24:13Z,7719,15,82,13.0
2023-10-10T05:22:33Z,7791,15,82,9.0
2023-10-10T06:22:03Z,7803,15,83,7.0
2023-10-10T07:21:32Z,7815,15,83,43.0
2023-10-10T08:21:01Z,7827,15,82,43.0
2023-10-10T09:20:32Z,7839,15,83,43.0
2023-10-10T10:20:00Z,7851,15,82,55.0
2023-10-10T11:19:30Z,7863,15,83,43.0
2023-10-10T12:19:00Z,7875,15,83,43.0
2023-10-10T13:18:29Z,7887,16,83,47.0
2023-10-10T14:17:59Z,7899,16,83,43.0
2023-10-10T15:17:33Z,7911,16,83,43.0
2023-10-10T21:15:56Z,7983,16,84,76.0
2023-10-11T03:14:16Z,8055,15,82,13.0
2023-10-11T15:11:32Z,8127,15,78,66.0
2023-10-11T16:11:00Z,8139,15,77,9.0
2023-10-11T17:10:29Z,8151,15,77,43.0
2023-10-11T23:08:51Z,8223,14,79,43.0
2023-10-12T05:07:13Z,8295,13,81,8.0
2023-10-12T06:06:41Z,8307,12,81,7.0
2023-10-12T07:06:09Z,8319,12,81,47.0
2023-10-12T08:05:38Z,8331,12,81,43.0
2023-10-12T09:05:06Z,8343,12,81,43.0
2023-10-12T10:04:36Z,8355,12,82,43.0
2023-10-12T11:04:10Z,8367,13,81,43.0
2023-10-12T17:02:31Z,8439,14,78,85.0
2023-10-12T23:00:54Z,8511,13,77,7.0
2023-10-13T04:59:14Z,8583,13,77,8.0
2023-10-13T10:57:35Z,8655,12,78,8.0
2023-10-13T11:57:04Z,8667,13,78,7.0
2023-10-13T12:56:33Z,8679,13,77,52.0
2023-10-13T13:56:07Z,8691,13,76,47.0
2023-10-13T19:54:29Z,8763,13,73,80.0
2023-10-14T01:52:50Z,8835,12,75,8.0
2023-10-14T07:51:13Z,8907,11,75,7.0
2023-10-14T08:50:42Z,8919,11,75,8.0
2023-10-14T09:50:11Z,8931,11,75,51.0
2023-10-14T10:49:39Z,8943,11,74,52.0
2023-10-14T11:49:07Z,8955,11,74,43.0
2023-10-14T12:48:37Z,8967,12,73,43.0
2023-10-14T13:48:07Z,8979,12,72,43.0
2023-10-14T14:47:37Z,8991,12,71,43.0
2023-10-14T15:47:06Z,9003,12,71,51.0
2023-10-14T16:46:35Z,9015,12,70,52.0
2023-10-14T17:46:03Z,9027,12,70,51.0
2023-10-14T23:44:28Z,9099,14,68,43.0
2023-10-15T05:42:53Z,9171,15,65,7.0
2023-10-15T06:42:21Z,9183,15,64,8.0
2023-10-15T07:41:51Z,9195,15,64,43.0
2023-10-15T08:41:21Z,9207,15,63,43.0
2023-10-15T09:40:51Z,9219,16,64,43.0
2023-10-15T10:40:21Z,9231,17,64,43.0
2023-10-15T11:39:49Z,9243,17,64,43.0
2023-10-15T12:39:19Z,9255,16,64,43.0
2023-10-15T13:38:52Z,9267,16,65,43.0
2023-10-16T13:32:48Z,9339,12,73,27.0
2023-10-16T14:32:18Z,9351,12,73,7.0
2023-10-16T15:31:46Z,9363,12,73,43.0
2023-10-16T16:31:16Z,9375,12,72,44.0
2023-10-16T17:30:45Z,9387,12,72,43.0
2023-10-16T23:29:11Z,9459,11,74,43.0
2023-10-17T05:27:35Z,9531,10,75,13.0
2023-10-17T11:25:53Z,9603,10,76,15.0
2023-10-17T12:25:22Z,9615,11,75,7.0
2023-10-17T13:24:52Z,9627,11,75,49.0
2023-10-17T14:24:23Z,9639,11,75,43.0
2023-10-17T15:23:51Z,9651,11,75,51.0
2023-10-17T16:23:22Z,9663,11,75,43.0
2023-10-17T17:22:52Z,9675,11,75,47.0
2023-10-17T23:21:14Z,9747,11,76,47.0
2023-10-18T05:19:37Z,9819,11,77,8.0
2023-10-18T06:19:05Z,9831,11,77,9.0
2023-10-18T07:18:39Z,9843,11,77,52.0
2023-10-18T13:17:00Z,9915,12,77,85.0
2023-10-18T14:16:28Z,9927,12,77,8.0
2023-10-18T15:16:01Z,9939,12,76,47.0
2023-10-18T21:14:23Z,10011,12,76,76.0
2023-10-19T03:12:43Z,10083,12,77,8.0
2023-10-19T09:11:06Z,10155,12,79,7.0
2023-10-19T10:10:34Z,10167,12,80,8.0
2023-10-19T11:10:03Z,10179,12,80,43.0
2023-10-19T12:09:32Z,10191,12,80,43.0
2023-10-19T13:09:01Z,10203,12,80,43.0
2023-10-19T14:08:30Z,10215,12,80,43.0
2023-10-19T15:07:59Z,10227,12,80,47.0
2023-10-19T16:07:28Z,10239,12,81,43.0
2023-10-19T17:06:56Z,10251,12,82,51.0
2023-10-19T23:05:25Z,10323,14,79,43.0
2023-10-20T05:03:47Z,10395,13,80,13.0
2023-10-20T06:03:17Z,10407,13,80,9.0
2023-10-20T12:01:36Z,10479,12,80,77.0
2023-10-20T13:01:05Z,10491,12,80,7.0
2023-10-20T14:00:34Z,10503,12,80,43.0
2023-10-20T15:00:03Z,10515,12,79,51.0
2023-10-20T15:59:33Z,10527,12,79,55.0
2023-10-20T16:59:05Z,10539,12,79,47.0
2023-10-20T22:57:25Z,10611,11,79,76.0
2023-10-21T04:55:49Z,10683,11,80,7.0
2023-10-21T10:54:09Z,10755,10,81,13.0
2023-10-21T11:53:42Z,10767,11,81,7.0
2023-10-21T17:52:03Z,10839,11,80,76.0
2023-10-21T23:50:29Z,10911,13,76,8.0
2023-10-22T05:48:58Z,10983,16,72,9.0
2023-10-22T17:45:53Z,11055,16,71,27.0
2023-10-22T23:44:16Z,11127,13,73,7.0
2023-10-23T05:42:32Z,11199,12,75,14.0
2023-10-23T06:42:01Z,11211,11,76,7.0
2023-10-23T07:41:35Z,11223,11,76,43.0
2023-10-23T13:39:55Z,11295,12,76,77.0
2023-10-23T14:39:24Z,11307,12,75,7.0
2023-10-23T15:38:53Z,11319,12,75,43.0
2023-10-23T16:38:23Z,11331,12,75,43.0
2023-10-23T17:37:53Z,11343,12,75,47.0
2023-10-23T23:36:14Z,11415,12,77,51.0
2023-10-24T05:34:33Z,11487,11,78,7.0
2023-10-24T06:34:03Z,11499,11,78,7.0
2023-10-24T07:33:31Z,11511,11,78,55.0
2023-10-24T08:33:00Z,11523,11,79,43.0
2023-10-24T09:32:35Z,11535,11,79,44.0
2023-10-24T15:30:56Z,11607,11,78,85.0
2023-10-24T16:30:25Z,11619,11,78,8.0
2023-10-24T17:29:55Z,11631,11,78,51.0
2023-10-24T23:28:15Z,11703,11,80,51.0
2023-10-25T05:26:34Z,11775,10,80,8.0
2023-10-25T06:26:03Z,11787,10,80,7.0
2023-10-25T07:25:36Z,11799,10,80,43.0
2023-10-25T13:23:56Z,11871,11,80,76.0
2023-10-25T14:23:28Z,11883,11,80,8.0
2023-10-25T20:21:47Z,11955,11,80,76.0
2023-10-26T02:20:11Z,12027,11,81,7.0
2023-10-26T08:18:35Z,12099,13,78,7.0
2023-10-26T09:18:03Z,12111,14,77,8.0
2023-10-26T10:17:37Z,12123,14,76,43.0
2023-10-26T16:15:58Z,12195,16,74,85.0
2023-10-26T17:15:27Z,12207,16,74,8.0
2023-10-26T23:13:53Z,12279,15,75,38.0
2023-10-27T05:12:12Z,12351,14,77,8.0
2023-10-27T11:10:33Z,12423,13,79,7.0
2023-10-27T12:10:02Z,12435,13,79,7.0
2023-10-27T13:09:32Z,12447,13,79,51.0
2023-10-27T14:09:00Z,12459,13,79,55.0
2023-10-27T15:08:29Z,12471,13,80,43.0
2023-10-27T16:07:56Z,12483,13,80,51.0
2023-10-27T17:07:26Z,12495,13,80,43.0
2023-10-27T18:06:55Z,12507,13,80,43.0
2023-10-28T00:05:17Z,12579,12,80,47.0
2023-10-28T06:03:38Z,12651,12,81,9.0
2023-10-28T12:01:58Z,12723,12,81,13.0
2023-10-28T13:01:27Z,12735,12,81,8.0
2023-10-28T14:00:56Z,12747,12,81,43.0
2023-10-28T15:00:27Z,12759,13,81,43.0
2023-10-28T16:00:00Z,12771,13,81,51.0
2023-10-28T21:58:23Z,12843,13,80,76.0
2023-10-29T03:56:47Z,12915,16,76,7.0
2023-10-29T09:55:16Z,12987,17,76,7.0
2023-10-29T15:53:33Z,13059,17,77,13.0
2023-10-29T16:53:08Z,13071,17,77,4.0
2023-10-29T22:51:26Z,13143,15,78,76.0
2023-10-30T04:49:46Z,13215,14,79,8.0
2023-10-30T10:48:06Z,13287,13,79,9.0
2023-10-30T11:47:34Z,13299,13,79,7.0
2023-10-30T12:47:07Z,13311,13,79,43.0
2023-10-30T18:45:27Z,13383,12,79,76.0
2023-10-31T00:43:48Z,13455,12,79,7.0
2023-10-31T06:42:08Z,13527,11,79,8.0
2023-10-31T07:41:36Z,13539,11,80,8.0
2023-10-31T08:41:04Z,13551,11,79,43.0
2023-10-31T09:40:32Z,13563,11,79,43.0
2023-10-31T10:40:05Z,13575,11,79,43.0
2023-10-31T16:38:26Z,13647,12,76,77.0
2023-10-31T17:37:55Z,13659,12,76,7.0
2023-10-31T18:37:24Z,13671,12,76,51.0
2023-11-01T00:35:45Z,13743,11,78,43.0
2023-11-01T06:34:07Z,13815,10,78,7.0
2023-11-01T07:33:36Z,13827,10,79,8.0
2023-11-01T08:33:11Z,13839,10,79,43.0
2023-11-01T14:31:32Z,13911,11,78,88.0
2023-11-01T15:31:00Z,13923,11,78,7.0
2023-11-01T16:30:30Z,13935,11,79,43.0
2023-11-01T17:29:58Z,13947,11,79,51.0
2023-11-01T18:29:27Z,13959,11,79,47.0
2023-11-02T00:27:49Z,14031,10,79,43.0
2023-11-02T06:26:10Z,14103,9,80,8.0
2023-11-02T07:25:39Z,14115,10,80,9.0
2023-11-02T08:25:13Z,14127,11,80,51.0
2023-11-02T14:23:36Z,14199,15,78,77.0
2023-11-02T15:23:05Z,14211,15,77,8.0
2023-11-02T16:22:35Z,14223,15,77,47.0
2023-11-02T17:22:04Z,14235,15,77,47.0
2023-11-02T18:21:35Z,14247,16,76,47.0
2023-11-03T00:19:56Z,14319,15,75,55.0
2023-11-03T06:18:16Z,14391,13,76,7.0
2023-11-03T07:17:48Z,14403,13,76,9.0
2023-11-03T13:16:07Z,14475,13,76,85.0
2023-11-03T14:15:36Z,14487,13,76,7.0
2023-11-03T15:15:05Z,14499,13,76,43.0
2023-11-03T16:14:34Z,14511,13,76,47.0
2023-11-03T17:14:03Z,14523,13,77,47.0
2023-11-03T18:13:31Z,14535,13,77,43.0
2023-11-04T00:11:53Z,14607,12,78,43.0
2023-11-04T06:10:12Z,14679,11,78,7.0
2023-11-04T07:09:39Z,14691,11,79,7.0
2023-11-04T08:09:09Z,14703,11,79,43.0
2023-11-04T09:08:38Z,14715,11,79,43.0
2023-11-04T16:06:46Z,14787,12,79,175.0
2023-11-04T22:05:06Z,14859,11,81,13.0
2023-11-05T04:03:30Z,14931,15,77,8.0
2023-11-05T10:01:56Z,15003,16,73,7.0
2023-11-05T11:01:26Z,15015,17,72,9.0
2023-11-05T12:00:59Z,15027,17,73,52.0
2023-11-05T17:59:17Z,15099,15,72,80.0
2023-11-06T05:56:30Z,15171,12,76,66.0
2023-11-06T11:54:50Z,15243,12,77,8.0
2023-11-06T12:54:19Z,15255,12,77,8.0
2023-11-06T13:53:51Z,15267,13,76,52.0
2023-11-06T19:52:13Z,15339,12,77,77.0
2023-11-07T01:50:32Z,15411,12,78,9.0
2023-11-07T07:48:56Z,15483,11,78,8.0
2023-11-07T13:47:17Z,15555,12,78,14.0
2023-11-07T14:46:46Z,15567,12,78,7.0
2023-11-07T15:46:15Z,15579,12,78,47.0
2023-11-07T16:45:44Z,15591,12,78,43.0
2023-11-07T17:45:12Z,15603,12,78,47.0
2023-11-07T18:44:42Z,15615,12,78,47.0
2023-11-08T00:43:01Z,15687,11,79,47.0
2023-11-08T06:41:23Z,15759,10,79,7.0
2023-11-08T07:40:55Z,15771,10,80,9.0
2023-11-08T13:39:17Z,15843,11,79,80.0
2023-11-08T14:38:47Z,15855,11,79,8.0
2023-11-08T15:38:21Z,15867,11,79,55.0
2023-11-08T21:36:42Z,15939,11,78,85.0
2023-11-09T03:35:02Z,16011,10,79,8.0
2023-11-09T09:33:25Z,16083,12,77,7.0
2023-11-09T10:32:58Z,16095,13,77,9.0
2023-11-09T16:31:20Z,16167,16,72,80.0
2023-11-09T17:30:50Z,16179,16,72,7.0
2023-11-09T18:30:23Z,16191,16,72,51.0
2023-11-10T00:28:48Z,16263,15,70,80.0
2023-11-10T06:27:08Z,16335,12,72,13.0
2023-11-10T12:25:28Z,16407,11,74,13.0
2023-11-10T18:23:48Z,16479,12,74,10.0
2023-11-11T00:22:22Z,16551,10,74,7.0
2023-11-11T06:20:37Z,16623,10,76,24.0
2023-11-11T07:20:07Z,16635,9,76,8.0
2023-11-11T08:19:34Z,16647,9,76,55.0
2023-11-11T09:19:03Z,16659,9,76,43.0
2023-11-11T10:18:31Z,16671,9,76,47.0
2023-11-11T11:18:00Z,16683,9,76,43.0
2023-11-11T12:17:29Z,16695,10,76,43.0
2023-11-11T19:15:34Z,16767,11,75,176.0
2023-11-12T01:13:56Z,16839,12,73,8.0
2023-11-12T07:12:21Z,16911,14,69,8.0
2023-11-12T08:11:50Z,16923,15,69,8.0
2023-11-12T09:11:18Z,16935,15,68,43.0
2023-11-12T10:10:52Z,16947,15,68,47.0
2023-11-12T16:09:12Z,17019,16,67,80.0
2023-11-12T17:08:41Z,17031,16,65,8.0
2023-11-12T18:08:15Z,17043,16,66,43.0
2023-11-13T00:06:32Z,17115,13,70,85.0
2023-11-13T06:04:53Z,17187,12,72,8.0
2023-11-13T07:04:24Z,17199,11,72,9.0
2023-11-13T13:02:50Z,17271,11,74,76.0
2023-11-13T19:01:09Z,17343,11,75,16.0
2023-11-14T00:59:31Z,17415,10,76,8.0
2023-11-14T06:57:54Z,17487,10,77,7.0
2023-11-14T07:57:23Z,17499,10,77,7.0
2023-11-14T08:56:52Z,17511,10,77,55.0
2023-11-14T09:56:23Z,17523,11,78,47.0
2023-11-14T10:55:53Z,17535,11,77,51.0
2023-11-14T11:55:22Z,17547,12,76,43.0
2023-11-14T12:54:52Z,17559,12,76,43.0
2023-11-14T13:54:23Z,17571,12,76,43.0
2023-11-14T14:53:51Z,17583,12,76,47.0
2023-11-14T15:53:18Z,17595,12,76,43.0
2023-11-14T16:52:52Z,17607,12,76,43.0
2023-11-14T22:51:15Z,17679,11,77,88.0
2023-11-15T04:49:32Z,17751,11,78,14.0
2023-11-15T10:47:54Z,17823,10,79,7.0
2023-11-15T11:47:22Z,17835,10,79,8.0
2023-11-15T12:46:58Z,17847,10,79,47.0
2023-11-15T18:45:18Z,17919,10,79,101.0
2023-11-16T00:43:40Z,17991,10,80,8.0
2023-11-16T06:42:02Z,18063,9,80,9.0
2023-11-16T07:41:31Z,18075,9,80,7.0
2023-11-16T08:41:00Z,18087,9,80,51.0
2023-11-16T09:40:33Z,18099,9,81,47.0
2023-11-16T15:38:56Z,18171,10,79,77.0
2023-11-16T16:38:30Z,18183,10,80,8.0
2023-11-16T22:36:52Z,18255,11,79,85.0
2023-11-17T04:35:17Z,18327,10,80,8.0
2023-11-17T10:33:37Z,18399,10,81,9.0
2023-11-17T11:33:06Z,18411,10,81,7.0
2023-11-17T12:32:35Z,18423,10,81,43.0
2023-11-17T13:32:05Z,18435,10,81,43.0
2023-11-17T14:31:35Z,18447,10,81,51.0
2023-11-17T15:31:04Z,18459,10,81,52.0
2023-11-17T16:30:37Z,18471,10,81,43.0
2023-11-17T22:28:55Z,18543,9,82,76.0
2023-11-18T04:27:17Z,18615,9,82,7.0
2023-11-18T10:25:43Z,18687,9,82,7.0
2023-11-18T16:24:05Z,18759,9,81,12.0
2023-11-18T17:23:33Z,18771,9,81,8.0
2023-11-18T18:23:05Z,18783,9,81,51.0
2023-11-19T00:21:29Z,18855,12,79,76.0
2023-11-19T06:19:55Z,18927,15,74,7.0
2023-11-19T07:19:27Z,18939,15,74,7.0
2023-11-19T13:17:50Z,19011,16,75,76.0
2023-11-19T14:17:19Z,19023,16,75,8.0
2023-11-19T15:16:49Z,19035,15,76,43.0
2023-11-19T16:16:18Z,19047,15,76,51.0
2023-11-19T17:15:47Z,19059,15,77,55.0
2023-11-19T18:15:15Z,19071,14,77,51.0
2023-11-20T00:13:40Z,19143,13,79,43.0
2023-11-20T06:11:58Z,19215,13,80,14.0
2023-11-20T07:11:27Z,19227,13,80,7.0
2023-11-20T08:10:56Z,19239,13,80,43.0
2023-11-20T09:10:26Z,19251,12,80,44.0
2023-11-20T10:09:59Z,19263,12,80,51.0
2023-11-20T16:08:18Z,19335,12,81,77.0
2023-11-20T17:07:47Z,19347,12,81,7.0
2023-11-20T18:07:16Z,19359,12,81,47.0
2023-11-21T00:05:37Z,19431,12,81,43.0
2023-11-21T06:03:59Z,19503,11,81,7.0
2023-11-21T07:03:27Z,19515,11,81,7.0
2023-11-21T08:02:56Z,19527,11,82,51.0
2023-11-21T09:02:29Z,19539,11,82,47.0
2023-11-21T15:00:57Z,19611,11,81,80.0
2023-11-21T20:59:12Z,19683,10,81,18.0
2023-11-22T02:57:40Z,19755,10,82,5.0
2023-11-22T08:56:03Z,19827,11,83,9.0
2023-11-22T09:55:31Z,19839,11,83,8.0
2023-11-22T10:55:00Z,19851,11,83,43.0
2023-11-22T11:54:29Z,19863,11,84,43.0
2023-11-22T12:53:57Z,19875,11,85,43.0
2023-11-22T13:53:32Z,19887,11,85,38.0
2023-11-22T19:51:54Z,19959,12,85,76.0
2023-11-23T01:50:16Z,20031,12,87,7.0
2023-11-23T07:48:38Z,20103,12,87,8.0
2023-11-23T08:48:06Z,20115,12,87,8.0
2023-11-23T09:47:37Z,20127,12,87,43.0
2023-11-23T10:47:07Z,20139,13,86,47.0
2023-11-23T11:46:40Z,20151,14,83,52.0
2023-11-23T17:45:07Z,20223,16,73,85.0
2023-11-23T23:43:29Z,20295,15,73,13.0
2023-11-24T05:41:49Z,20367,13,73,9.0
2023-11-24T11:40:11Z,20439,11,71,9.0
2023-11-24T17:38:31Z,20511,11,72,13.0
2023-11-24T18:37:58Z,20523,11,72,8.0
2023-11-25T00:36:23Z,20595,9,75,43.0
2023-11-25T06:34:39Z,20667,8,76,13.0
2023-11-25T07:34:08Z,20679,8,76,7.0
2023-11-25T08:33:36Z,20691,8,76,51.0
2023-11-25T09:33:04Z,20703,8,76,43.0
2023-11-25T10:32:33Z,20715,8,77,43.0
2023-11-25T11:32:02Z,20727,8,77,51.0
2023-11-25T12:31:31Z,20739,8,77,43.0
2023-11-25T13:31:02Z,20751,9,77,47.0
2023-11-25T14:30:31Z,20763,9,76,47.0
2023-11-25T15:29:59Z,20775,9,76,47.0
2023-11-25T16:29:32Z,20787,9,76,43.0
2023-11-25T22:27:51Z,20859,9,76,76.0
2023-11-26T10:24:51Z,20931,17,63,7.0
2023-11-26T16:23:14Z,21003,16,65,14.0
2023-11-26T17:22:47Z,21015,15,65,9.0
2023-11-26T23:21:03Z,21087,13,69,88.0
2023-11-27T05:19:23Z,21159,11,71,7.0
2023-11-27T11:17:43Z,21231,10,73,7.0
2023-11-27T12:17:11Z,21243,10,73,7.0
2023-11-27T13:16:43Z,21255,10,73,43.0
2023-11-27T19:15:05Z,21327,10,74,80.0
2023-11-28T01:13:28Z,21399,9,76,7.0
2023-11-28T07:11:49Z,21471,8,77,8.0
2023-11-28T08:11:17Z,21483,8,77,9.0
2023-11-28T09:10:46Z,21495,8,77,43.0
2023-11-28T10:10:15Z,21507,8,77,43.0
2023-11-28T11:09:44Z,21519,8,77,43.0
2023-11-28T12:09:15Z,21531,8,78,43.0
2023-11-28T13:08:45Z,21543,8,78,47.0
2023-11-28T14:08:13Z,21555,8,77,52.0
2023-11-28T15:07:44Z,21567,8,77,43.0
2023-11-28T16:07:12Z,21579,8,77,47.0
2023-11-28T17:06:43Z,21591,8,77,43.0
2023-11-28T18:06:11Z,21603,8,77,51.0
2023-11-29T00:04:32Z,21675,7,78,47.0
2023-11-29T06:02:55Z,21747,7,78,7.0
2023-11-29T12:01:15Z,21819,7,78,13.0
2023-11-29T13:00:48Z,21831,7,78,7.0
2023-11-29T18:59:11Z,21903,7,76,76.0
2023-11-30T00:57:29Z,21975,7,77,7.0
2023-11-30T06:55:53Z,22047,6,79,7.0
2023-11-30T07:55:22Z,22059,7,78,7.0
2023-11-30T08:54:56Z,22071,8,77,47.0
2023-11-30T14:53:20Z,22143,13,70,76.0
2023-11-30T15:52:49Z,22155,13,70,7.0
2023-11-30T16:52:20Z,22167,14,69,43.0
2023-11-30T17:51:49Z,22179,14,68,47.0
2023-11-30T23:50:13Z,22251,13,67,47.0
2023-12-01T05:48:37Z,22323,10,70,7.0
2023-12-01T11:47:02Z,22395,8,72,13.0
2023-12-01T17:45:21Z,22467,8,72,14.0
2023-12-01T18:44:55Z,22479,8,72,8.0
2023-12-02T00:43:13Z,22551,7,74,80.0
2023-12-02T06:41:35Z,22623,8,73,7.0
2023-12-02T07:41:06Z,22635,8,72,7.0
2023-12-02T08:40:36Z,22647,8,72,55.0
2023-12-02T09:40:04Z,22659,8,71,55.0
2023-12-02T10:39:33Z,22671,8,71,43.0
2023-12-02T11:39:03Z,22683,8,72,47.0
2023-12-02T12:38:36Z,22695,8,72,47.0
2023-12-02T18:36:55Z,22767,7,73,88.0
2023-12-03T00:35:18Z,22839,9,72,8.0
2023-12-03T06:33:47Z,22911,12,66,7.0
2023-12-03T12:32:11Z,22983,14,63,13.0
2023-12-03T13:31:39Z,22995,13,64,7.0
2023-12-03T14:31:09Z,23007,13,64,47.0
2023-12-03T15:30:38Z,23019,12,65,55.0
2023-12-03T16:30:06Z,23031,12,66,55.0
2023-12-03T17:29:34Z,23043,11,66,43.0
2023-12-03T18:29:03Z,23055,11,67,43.0
2023-12-04T00:27:24Z,23127,9,70,51.0
2023-12-04T06:25:41Z,23199,8,72,8.0
2023-12-04T07:25:12Z,23211,8,72,7.0
2023-12-04T08:24:44Z,23223,8,72,55.0
2023-12-04T14:23:05Z,23295,7,74,76.0
2023-12-04T15:22:32Z,23307,7,74,8.0
2023-12-04T16:22:01Z,23319,7,74,47.0
2023-12-04T17:21:31Z,23331,7,74,47.0
2023-12-04T18:21:01Z,23343,7,75,44.0
2023-12-05T00:19:23Z,23415,7,76,55.0
2023-12-05T06:17:44Z,23487,7,76,8.0
2023-12-05T07:17:13Z,23499,7,76,8.0
2023-12-05T08:16:43Z,23511,7,76,43.0
2023-12-05T09:16:25Z,23523,7,77,47.0
2023-12-05T15:14:40Z,23595,7,77,147.0
2023-12-05T16:14:10Z,23607,7,77,8.0
2023-12-05T17:13:38Z,23619,7,77,55.0
2023-12-05T18:13:07Z,23631,7,78,43.0
2023-12-06T00:11:31Z,23703,6,79,47.0
2023-12-06T06:09:54Z,23775,8,78,8.0
2023-12-06T07:09:24Z,23787,8,76,9.0
2023-12-06T08:08:56Z,23799,8,76,51.0
2023-12-06T14:07:18Z,23871,9,75,77.0
2023-12-06T15:06:48Z,23883,9,75,8.0
2023-12-06T16:06:20Z,23895,9,75,55.0
2023-12-06T22:04:38Z,23967,7,75,76.0
2023-12-07T04:02:59Z,24039,7,76,7.0
2023-12-07T10:01:23Z,24111,9,74,8.0
2023-12-07T11:00:53Z,24123,10,72,7.0
2023-12-07T12:00:23Z,24135,11,71,43.0
2023-12-07T12:59:54Z,24147,12,71,43.0
2023-12-07T13:59:25Z,24159,12,70,52.0
2023-12-07T14:58:54Z,24171,13,69,51.0
2023-12-07T15:58:24Z,24183,13,69,43.0
2023-12-07T16:57:54Z,24195,13,68,43.0
2023-12-07T17:57:23Z,24207,14,68,43.0
2023-12-07T23:55:46Z,24279,13,68,43.0
2023-12-08T05:54:05Z,24351,10,73,7.0
2023-12-08T11:52:27Z,24423,9,75,9.0
2023-12-08T12:52:00Z,24435,9,75,8.0
2023-12-08T18:50:20Z,24507,9,76,85.0
2023-12-09T00:48:42Z,24579,9,78,8.0
2023-12-09T06:47:09Z,24651,9,78,9.0
2023-12-09T12:45:27Z,24723,9,79,13.0
2023-12-09T13:44:56Z,24735,9,79,7.0
2023-12-09T14:44:25Z,24747,9,79,43.0
2023-12-09T15:43:54Z,24759,9,79,43.0
2023-12-09T16:43:24Z,24771,8,79,47.0
2023-12-09T17:42:56Z,24783,9,79,47.0
2023-12-09T23:41:19Z,24855,10,79,76.0
2023-12-10T05:39:45Z,24927,14,73,8.0
2023-12-10T11:38:10Z,24999,16,71,7.0
2023-12-10T12:37:40Z,25011,16,70,5.0
2023-12-10T13:37:09Z,25023,16,70,47.0
2023-12-10T14:36:39Z,25035,16,70,38.0
2023-12-10T15:36:10Z,25047,16,70,43.0
2023-12-10T16:35:38Z,25059,16,71,55.0
2023-12-10T17:35:07Z,25071,16,70,47.0
2023-12-10T18:34:35Z,25083,15,70,52.0
2023-12-11T00:32:56Z,25155,13,73,43.0
2023-12-11T06:31:16Z,25227,11,75,8.0
2023-12-11T07:30:45Z,25239,11,75,7.0
2023-12-11T08:30:18Z,25251,11,75,47.0
2023-12-11T14:28:38Z,25323,10,76,76.0
2023-12-11T15:28:06Z,25335,10,76,8.0
2023-12-11T16:27:35Z,25347,10,76,43.0
2023-12-11T17:27:07Z,25359,10,76,43.0
2023-12-11T23:25:27Z,25431,10,77,77.0
2023-12-12T05:23:48Z,25503,9,78,8.0
2023-12-12T11:22:13Z,25575,9,78,8.0
2023-12-12T12:21:41Z,25587,9,78,8.0
2023-12-12T13:21:10Z,25599,9,79,47.0
2023-12-12T14:20:39Z,25611,9,79,47.0
2023-12-12T15:20:12Z,25623,9,79,43.0
2023-12-12T21:18:33Z,25695,9,79,76.0
2023-12-13T03:16:54Z,25767,8,80,7.0
2023-12-13T09:15:16Z,25839,8,80,9.0
2023-12-13T15:13:38Z,25911,8,81,9.0
2023-12-13T21:11:58Z,25983,8,81,9.0
2023-12-14T03:10:22Z,26055,7,81,8.0
2023-12-14T09:08:45Z,26127,10,81,13.0
2023-12-14T10:08:19Z,26139,11,79,7.0
2023-12-14T16:06:44Z,26211,15,73,81.0
2023-12-14T17:06:14Z,26223,15,72,7.0
2023-12-14T18:05:44Z,26235,15,71,55.0
2023-12-15T00:04:05Z,26307,14,71,55.0
2023-12-15T06:02:26Z,26379,12,74,7.0
2023-12-15T07:01:57Z,26391,12,74,9.0
2023-12-15T13:00:20Z,26463,11,77,80.0
2023-12-15T18:58:41Z,26535,11,78,13.0
2023-12-16T00:57:03Z,26607,11,79,8.0
2023-12-16T06:55:26Z,26679,11,80,8.0
2023-12-16T07:54:55Z,26691,11,80,8.0
2023-12-16T08:54:23Z,26703,10,80,47.0
2023-12-16T09:53:57Z,26715,10,80,47.0
2023-12-16T15:52:19Z,26787,11,81,88.0
2023-12-16T16:51:48Z,26799,11,81,7.0
2023-12-16T17:51:17Z,26811,11,81,47.0
2023-12-16T23:49:43Z,26883,13,80,47.0
2023-12-17T05:48:09Z,26955,15,74,9.0
2023-12-17T11:46:31Z,27027,17,72,9.0
2023-12-17T12:46:01Z,27039,16,72,6.0
2023-12-17T13:45:30Z,27051,16,72,47.0
2023-12-17T14:44:59Z,27063,16,73,43.0
2023-12-17T15:44:28Z,27075,16,73,44.0
2023-12-17T16:43:58Z,27087,18,76,52.0
2023-12-17T17:43:27Z,27099,18,72,47.0
2023-12-17T18:42:57Z,27111,17,72,43.0
2023-12-18T00:41:17Z,27183,15,76,43.0
2023-12-18T06:39:38Z,27255,14,77,7.0
2023-12-18T07:39:07Z,27267,14,77,7.0
2023-12-18T08:38:34Z,27279,14,78,43.0
2023-12-18T09:38:09Z,27291,14,78,28.0
2023-12-18T15:36:27Z,27363,13,79,76.0
2023-12-18T16:35:57Z,27375,13,79,7.0
2023-12-18T17:35:27Z,27387,13,79,55.0
2023-12-18T23:33:51Z,27459,12,79,60.0
2023-12-19T05:32:08Z,27531,11,79,13.0
2023-12-19T11:30:28Z,27603,11,79,5.0
2023-12-19T12:30:02Z,27615,11,79,7.0
2023-12-19T18:28:22Z,27687,11,78,76.0
2023-12-20T06:25:20Z,27759,9,78,29.0
2023-12-20T07:24:52Z,27771,9,78,9.0
2023-12-20T13:23:11Z,27843,10,81,80.0
2023-12-20T14:22:39Z,27855,10,81,7.0
2023-12-20T15:22:09Z,27867,10,81,43.0
2023-12-20T16:21:39Z,27879,10,81,47.0
2023-12-20T17:21:08Z,27891,10,81,52.0
2023-12-20T18:20:37Z,27903,10,81,55.0
2023-12-21T00:18:58Z,27975,10,81,47.0
2023-12-21T06:17:24Z,28047,11,82,7.0
2023-12-24T12:10:42Z,28119,17,70,128.0
2023-12-24T18:09:02Z,28191,16,65,12.0
2023-12-25T00:07:25Z,28263,16,70,8.0
2023-12-25T06:05:53Z,28335,16,65,8.0
2023-12-25T12:04:13Z,28407,17,65,13.0
2023-12-25T13:03:43Z,28419,17,66,8.0
2023-12-25T14:03:11Z,28431,16,66,51.0
2023-12-25T15:02:40Z,28443,16,67,43.0
2023-12-25T16:02:08Z,28455,15,68,51.0
2023-12-25T17:01:37Z,28467,15,68,43.0
2023-12-25T18:01:07Z,28479,15,68,47.0
2023-12-25T23:59:27Z,28551,13,70,55.0
2023-12-26T05:57:56Z,28623,14,69,8.0
2023-12-26T11:56:18Z,28695,16,65,13.0
2023-12-26T17:54:42Z,28767,16,64,13.0
2023-12-26T18:54:09Z,28779,15,64,9.0
2023-12-27T00:52:29Z,28851,13,67,47.0
2023-12-27T06:50:50Z,28923,11,68,7.0
2023-12-27T07:50:21Z,28935,11,67,8.0
2023-12-27T13:48:40Z,29007,10,70,76.0
2023-12-27T14:48:09Z,29019,10,71,8.0
2023-12-27T15:47:39Z,29031,10,71,43.0
2023-12-27T16:47:08Z,29043,10,72,47.0
2023-12-27T17:46:37Z,29055,10,72,43.0
2023-12-27T18:46:07Z,29067,10,72,47.0
2023-12-28T00:44:29Z,29139,9,73,47.0
2023-12-28T06:42:54Z,29211,9,74,7.0
2023-12-28T07:42:22Z,29223,9,74,8.0
2023-12-28T08:41:52Z,29235,9,73,47.0
2023-12-28T09:41:20Z,29247,9,74,51.0
2023-12-28T10:40:49Z,29259,9,74,43.0
2023-12-28T11:40:19Z,29271,9,74,43.0
2023-12-28T12:39:49Z,29283,9,74,43.0
2023-12-28T13:39:19Z,29295,9,75,47.0
2023-12-28T14:38:48Z,29307,9,75,47.0
2023-12-28T15:38:24Z,29319,9,75,43.0
2023-12-28T21:36:45Z,29391,9,76,88.0
2023-12-29T03:35:08Z,29463,8,77,6.0
2023-12-29T09:33:30Z,29535,8,77,8.0
2023-12-29T10:33:01Z,29547,8,77,6.0
2023-12-29T11:32:31Z,29559,8,77,47.0
2023-12-29T12:31:59Z,29571,8,77,55.0
2023-12-29T13:31:28Z,29583,8,77,43.0
2023-12-29T14:30:57Z,29595,8,77,43.0
2023-12-29T15:30:27Z,29607,8,77,43.0
2023-12-29T16:30:00Z,29619,8,77,47.0
2023-12-29T22:28:19Z,29691,8,77,80.0
2023-12-30T04:26:40Z,29763,7,78,8.0
2023-12-30T10:25:01Z,29835,6,78,7.0
2023-12-30T11:24:31Z,29847,6,77,7.0
2023-12-30T12:24:00Z,29859,6,76,55.0
2023-12-30T13:23:28Z,29871,6,76,43.0
2023-12-30T14:22:56Z,29883,6,76,43.0
2023-12-30T15:22:25Z,29895,6,76,43.0
2023-12-30T16:21:54Z,29907,6,77,43.0
2023-12-30T17:21:23Z,29919,6,77,43.0
2023-12-30T18:20:53Z,29931,6,77,47.0
2023-12-31T00:19:17Z,30003,6,77,47.0
2023-12-31T06:17:39Z,30075,6,78,9.0
2023-12-31T07:17:09Z,30087,6,78,7.0
2023-12-31T08:16:38Z,30099,6,78,47.0
2023-12-31T09:16:11Z,30111,6,78,47.0
2023-12-31T15:14:35Z,30183,7,78,80.0
2023-12-31T21:12:55Z,30255,7,77,15.0
2024-01-01T03:11:16Z,30327,7,78,8.0
2024-01-01T09:09:37Z,30399,6,79,7.0
2024-01-01T10:09:06Z,30411,6,79,7.0
2024-01-01T11:08:35Z,30423,6,79,43.0
2024-01-01T18:06:37Z,30495,7,78,167.0
2024-01-02T00:04:59Z,30567,6,78,7.0
2024-01-02T06:03:23Z,30639,6,79,9.0
2024-01-02T12:01:39Z,30711,6,80,13.0
2024-01-02T13:01:09Z,30723,6,80,7.0
2024-01-02T14:00:38Z,30735,6,80,47.0
2024-01-02T15:00:07Z,30747,6,80,43.0
2024-01-02T15:59:36Z,30759,6,79,47.0
2024-01-02T16:59:05Z,30771,7,79,47.0
2024-01-02T17:58:34Z,30783,7,79,47.0
2024-01-02T23:56:57Z,30855,7,79,44.0
2024-01-03T05:55:22Z,30927,7,79,7.0
2024-01-03T11:53:45Z,30999,7,79,8.0
2024-01-03T12:53:11Z,31011,7,79,9.0
2024-01-03T13:52:42Z,31023,7,79,28.0
2024-01-03T14:52:10Z,31035,7,79,43.0
2024-01-03T15:51:44Z,31047,7,79,43.0
2024-01-03T21:50:05Z,31119,7,80,76.0
2024-01-04T03:48:28Z,31191,7,80,7.0
2024-01-04T09:46:52Z,31263,7,80,8.0
2024-01-04T10:46:22Z,31275,7,80,8.0
2024-01-04T11:45:52Z,31287,8,81,47.0
2024-01-04T12:45:23Z,31299,9,80,43.0
2024-01-04T13:44:53Z,31311,10,78,55.0
2024-01-04T14:44:24Z,31323,11,77,43.0
2024-01-04T15:43:54Z,31335,12,76,51.0
2024-01-04T16:43:23Z,31347,13,75,51.0
2024-01-04T17:42:54Z,31359,13,74,43.0
2024-01-04T18:42:24Z,31371,14,73,43.0
2024-01-05T00:40:48Z,31443,13,73,47.0
2024-01-05T06:39:07Z,31515,11,76,9.0
2024-01-05T07:38:36Z,31527,11,76,7.0
2024-01-05T08:38:06Z,31539,10,76,51.0
2024-01-05T09:37:36Z,31551,10,76,47.0
2024-01-05T10:37:04Z,31563,10,77,51.0
2024-01-05T11:36:32Z,31575,10,77,43.0
2024-01-05T12:36:00Z,31587,10,77,47.0
2024-01-05T13:35:30Z,31599,10,77,43.0
2024-01-05T14:34:58Z,31611,10,78,51.0
2024-01-05T15:34:28Z,31623,10,78,43.0
2024-01-05T16:33:56Z,31635,10,78,47.0
2024-01-05T17:33:25Z,31647,9,78,47.0
2024-01-05T18:32:54Z,31659,9,78,43.0
2024-01-06T00:31:14Z,31731,8,79,47.0
2024-01-06T06:29:36Z,31803,7,80,7.0
2024-01-06T07:29:06Z,31815,7,80,8.0
2024-01-06T08:28:35Z,31827,7,80,51.0
2024-01-06T09:28:04Z,31839,7,80,51.0
2024-01-06T10:27:32Z,31851,7,81,43.0
2024-01-06T11:27:03Z,31863,7,81,43.0
2024-01-06T18:25:11Z,31935,8,80,209.0
2024-01-07T00:23:36Z,32007,10,78,8.0
2024-01-07T06:22:02Z,32079,13,71,7.0
2024-01-07T07:21:32Z,32091,13,70,7.0
2024-01-07T08:21:01Z,32103,14,69,47.0
2024-01-07T09:20:30Z,32115,14,68,47.0
2024-01-07T10:20:00Z,32127,14,68,43.0
2024-01-07T11:19:31Z,32139,15,67,47.0
2024-01-07T12:19:02Z,32151,15,67,47.0
2024-01-07T13:18:34Z,32163,14,67,55.0
2024-01-07T19:16:51Z,32235,11,70,80.0
2024-01-08T01:15:11Z,32307,9,73,7.0
2024-01-08T07:13:32Z,32379,8,74,8.0
2024-01-08T08:13:01Z,32391,8,75,7.0
2024-01-08T09:12:30Z,32403,8,75,43.0
2024-01-08T10:11:59Z,32415,8,75,47.0
2024-01-08T11:11:26Z,32427,8,76,43.0
2024-01-08T12:10:56Z,32439,8,76,36.0
2024-01-08T13:10:24Z,32451,8,76,47.0
2024-01-08T14:09:56Z,32463,8,76,43.0
2024-01-08T20:08:15Z,32535,7,76,76.0
2024-01-09T02:06:39Z,32607,7,76,7.0
2024-01-09T08:04:59Z,32679,6,77,10.0
2024-01-09T09:04:29Z,32691,6,77,7.0
2024-01-09T10:03:58Z,32703,6,77,55.0
2024-01-09T11:03:26Z,32715,6,77,43.0
2024-01-09T12:02:55Z,32727,6,77,43.0
2024-01-09T13:02:24Z,32739,6,77,43.0
2024-01-09T14:01:54Z,32751,6,77,47.0
2024-01-09T15:01:23Z,32763,6,77,51.0
2024-01-09T16:00:54Z,32775,6,77,47.0
2024-01-09T17:00:22Z,32787,6,77,51.0
2024-01-09T17:59:52Z,32799,6,77,43.0
2024-01-09T23:58:15Z,32871,6,78,51.0
2024-01-10T05:56:37Z,32943,6,79,7.0
2024-01-10T11:54:58Z,33015,6,80,7.0
2024-01-10T12:54:26Z,33027,6,80,7.0
2024-01-10T13:53:55Z,33039,6,80,43.0
2024-01-10T14:53:25Z,33051,6,80,47.0
2024-01-10T15:52:55Z,33063,6,80,47.0
2024-01-10T16:52:24Z,33075,6,80,51.0
2024-01-10T17:51:54Z,33087,6,80,43.0
2024-01-10T18:51:23Z,33099,6,80,43.0
2024-01-11T00:49:45Z,33171,6,80,43.0
2024-01-11T06:48:07Z,33243,6,80,8.0
2024-01-11T07:47:37Z,33255,7,81,8.0
2024-01-11T08:47:07Z,33267,8,80,51.0
2024-01-11T09:46:37Z,33279,9,79,51.0
2024-01-11T10:46:08Z,33291,10,77,43.0
2024-01-11T11:45:39Z,33303,11,76,47.0
2024-01-11T12:45:08Z,33315,12,75,51.0
2024-01-11T13:44:43Z,33327,12,74,43.0
2024-01-11T19:43:07Z,33399,14,70,85.0
2024-01-12T01:41:28Z,33471,12,71,7.0
2024-01-12T07:39:49Z,33543,10,73,7.0
2024-01-12T08:39:17Z,33555,10,73,8.0
2024-01-12T09:38:46Z,33567,10,74,51.0
2024-01-12T10:38:14Z,33579,10,74,51.0
2024-01-12T11:37:45Z,33591,9,74,43.0
2024-01-12T12:37:15Z,33603,9,74,47.0
2024-01-12T13:36:43Z,33615,9,74,51.0
2024-01-12T14:36:11Z,33627,9,74,43.0
2024-01-12T15:35:42Z,33639,9,74,43.0
2024-01-12T16:35:09Z,33651,9,75,51.0
2024-01-12T17:34:38Z,33663,9,75,43.0
2024-01-12T18:34:06Z,33675,8,75,47.0
2024-01-13T00:32:28Z,33747,8,77,43.0
2024-01-13T06:30:50Z,33819,7,78,8.0
2024-01-13T07:30:18Z,33831,7,78,8.0
2024-01-13T08:29:45Z,33843,7,78,43.0
2024-01-13T09:29:20Z,33855,7,78,27.0
2024-01-13T15:27:39Z,33927,8,78,84.0
2024-01-13T16:27:08Z,33939,8,77,7.0
2024-01-13T17:26:36Z,33951,8,77,43.0
2024-01-13T18:26:04Z,33963,8,77,43.0
2024-01-14T00:24:29Z,34035,10,76,51.0
2024-01-14T06:22:59Z,34107,13,69,7.0
2024-01-14T18:19:56Z,34179,15,62,27.0
2024-01-15T00:18:17Z,34251,11,65,8.0
2024-01-15T06:16:36Z,34323,8,65,7.0
2024-01-15T07:16:07Z,34335,8,65,7.0
2024-01-15T13:14:28Z,34407,7,65,64.0
2024-01-15T14:13:57Z,34419,8,65,8.0
2024-01-15T15:13:30Z,34431,8,65,47.0
2024-01-15T21:11:49Z,34503,7,67,76.0
2024-01-16T03:10:11Z,34575,6,70,8.0
2024-01-16T09:08:34Z,34647,8,68,9.0
2024-01-16T10:08:06Z,34659,8,68,7.0
2024-01-16T16:06:24Z,34731,7,70,76.0
2024-01-16T17:05:53Z,34743,7,70,7.0
2024-01-16T18:05:24Z,34755,7,70,43.0
2024-01-17T00:03:46Z,34827,6,72,51.0
2024-01-17T06:02:13Z,34899,8,69,9.0
2024-01-17T12:00:37Z,34971,7,70,10.0
2024-01-17T13:00:10Z,34983,8,69,8.0
2024-01-17T18:58:30Z,35055,7,68,80.0
2024-01-18T00:56:51Z,35127,7,70,8.0
2024-01-18T06:55:14Z,35199,7,67,8.0
2024-01-18T07:54:47Z,35211,8,68,7.0
2024-01-18T13:53:13Z,35283,12,63,76.0
2024-01-18T14:52:42Z,35295,13,61,8.0
2024-01-18T15:52:11Z,35307,13,61,43.0
2024-01-18T16:51:40Z,35319,13,60,47.0
2024-01-18T17:51:10Z,35331,14,60,43.0
2024-01-18T23:49:33Z,35403,12,59,47.0
2024-01-19T05:47:52Z,35475,9,63,9.0
2024-01-19T11:46:13Z,35547,8,66,10.0
2024-01-19T12:45:41Z,35559,8,67,8.0
2024-01-19T13:45:11Z,35571,8,67,43.0
2024-01-19T14:44:38Z,35583,8,67,55.0
2024-01-19T15:44:12Z,35595,8,68,43.0
2024-01-19T21:42:31Z,35667,7,67,84.0
2024-01-20T03:40:54Z,35739,7,69,8.0
2024-01-20T09:39:17Z,35811,7,72,7.0
2024-01-20T10:38:48Z,35823,7,72,7.0
2024-01-20T11:38:21Z,35835,7,72,55.0
2024-01-20T17:36:42Z,35907,8,73,76.0
2024-01-20T18:36:11Z,35919,8,73,7.0
2024-01-21T00:34:43Z,35991,10,72,43.0
2024-01-21T06:33:12Z,36063,14,66,13.0
2024-01-21T12:31:32Z,36135,15,64,13.0
2024-01-21T13:31:04Z,36147,15,65,8.0
2024-01-21T19:29:23Z,36219,12,72,80.0
2024-01-22T01:27:49Z,36291,11,72,9.0
2024-01-22T07:26:10Z,36363,10,71,15.0
2024-01-22T08:25:39Z,36375,10,71,8.0
2024-01-22T09:25:07Z,36387,10,72,43.0
2024-01-22T10:24:36Z,36399,9,72,43.0
2024-01-22T11:24:04Z,36411,9,73,43.0
2024-01-22T12:23:34Z,36423,9,73,43.0
2024-01-22T13:23:04Z,36435,9,73,51.0
2024-01-22T14:22:34Z,36447,9,73,51.0
2024-01-22T15:22:01Z,36459,9,73,51.0
2024-01-22T16:21:31Z,36471,9,72,43.0
2024-01-22T17:20:59Z,36483,9,72,51.0
2024-01-22T18:20:29Z,36495,9,72,43.0
2024-01-23T00:18:51Z,36567,8,74,47.0
2024-01-23T06:17:12Z,36639,8,75,7.0
2024-01-23T07:16:42Z,36651,8,75,8.0
2024-01-23T08:16:11Z,36663,8,75,55.0
2024-01-23T09:15:40Z,36675,8,74,43.0
2024-01-23T10:15:15Z,36687,8,74,47.0
2024-01-23T16:13:36Z,36759,8,79,85.0
2024-01-23T17:13:06Z,36771,8,79,7.0
2024-01-23T18:12:36Z,36783,9,79,51.0
2024-01-24T00:11:03Z,36855,9,80,51.0
2024-01-24T06:09:26Z,36927,9,80,13.0
2024-01-24T07:08:59Z,36939,9,80,7.0
2024-01-24T13:07:20Z,37011,9,79,76.0
2024-01-24T14:06:48Z,37023,9,78,7.0
2024-01-24T15:06:18Z,37035,10,78,43.0
2024-01-24T16:05:47Z,37047,10,78,55.0
2024-01-24T17:05:21Z,37059,10,77,47.0
2024-01-24T23:03:46Z,37131,9,78,76.0
2024-01-25T05:02:06Z,37203,8,78,13.0
2024-01-25T11:00:34Z,37275,12,73,7.0
2024-01-25T17:58:41Z,37347,16,69,167.0
2024-01-25T23:57:03Z,37419,15,71,7.0
2024-01-26T05:55:25Z,37491,12,71,7.0
2024-01-26T11:53:48Z,37563,11,73,8.0
2024-01-26T12:53:17Z,37575,11,73,8.0
2024-01-26T13:52:47Z,37587,11,72,47.0
2024-01-26T14:52:16Z,37599,12,72,43.0
2024-01-26T15:51:45Z,37611,11,72,47.0
2024-01-26T16:51:14Z,37623,11,72,47.0
2024-01-26T17:50:42Z,37635,11,72,51.0
2024-01-26T18:50:12Z,37647,11,72,43.0
2024-01-27T00:48:34Z,37719,10,73,55.0
2024-01-27T06:46:52Z,37791,10,74,8.0
2024-01-27T07:46:22Z,37803,10,74,7.0
2024-01-27T08:45:50Z,37815,10,74,47.0
2024-01-27T09:45:18Z,37827,10,74,43.0
2024-01-27T10:44:47Z,37839,10,74,43.0
2024-01-27T11:44:16Z,37851,10,74,43.0
2024-01-27T12:43:47Z,37863,10,74,36.0
2024-01-27T13:43:16Z,37875,11,74,43.0
2024-01-27T14:42:45Z,37887,11,73,47.0
2024-01-27T15:42:13Z,37899,11,74,51.0
2024-01-27T16:41:43Z,37911,11,74,43.0
2024-01-27T17:41:12Z,37923,11,74,47.0
2024-01-27T18:40:41Z,37935,11,74,43.0
2024-01-28T06:37:49Z,38007,15,67,29.0
2024-01-28T12:36:13Z,38079,16,66,13.0
2024-01-29T13:33:52Z,38151,11,72,126.0
2024-01-29T19:32:14Z,38223,11,73,10.0
2024-01-30T01:30:36Z,38295,10,74,8.0
2024-01-30T07:28:57Z,38367,9,75,7.0
2024-01-30T08:28:27Z,38379,9,75,7.0
2024-01-30T09:27:56Z,38391,9,75,55.0
2024-01-30T10:27:25Z,38403,9,75,55.0
2024-01-30T11:26:54Z,38415,9,75,47.0
2024-01-30T12:26:36Z,38427,9,75,51.0
2024-01-30T18:24:54Z,38499,10,74,147.0
2024-01-31T00:23:15Z,38571,9,74,8.0
2024-01-31T06:21:40Z,38643,9,74,8.0
2024-01-31T12:20:00Z,38715,9,76,13.0
2024-01-31T13:19:29Z,38727,9,76,7.0
2024-01-31T14:18:58Z,38739,9,77,43.0
2024-01-31T15:18:26Z,38751,9,78,43.0
2024-01-31T16:17:56Z,38763,9,78,43.0
2024-01-31T17:17:29Z,38775,9,77,47.0
2024-01-31T23:15:49Z,38847,8,76,76.0
2024-02-01T05:14:16Z,38919,8,76,7.0
2024-02-01T11:12:43Z,38991,12,72,15.0
2024-02-01T17:11:12Z,39063,15,67,13.0
2024-02-01T18:10:49Z,39075,15,66,7.0
2024-02-02T00:09:06Z,39147,14,67,115.0
2024-02-02T06:07:30Z,39219,12,71,8.0
2024-02-02T12:05:53Z,39291,12,74,9.0
2024-02-02T13:05:25Z,39303,12,75,8.0
2024-02-02T19:03:46Z,39375,12,78,76.0
2024-02-03T01:02:07Z,39447,12,78,8.0
2024-02-03T07:00:29Z,39519,11,76,7.0
2024-02-03T08:00:02Z,39531,11,76,8.0
2024-02-03T13:58:25Z,39603,11,75,76.0
2024-02-03T19:56:47Z,39675,10,74,9.0
2024-02-04T01:55:12Z,39747,14,70,7.0
2024-02-04T07:53:38Z,39819,15,67,7.0
2024-02-04T13:52:05Z,39891,16,67,10.0
2024-02-04T14:51:33Z,39903,15,67,8.0
2024-02-04T15:51:06Z,39915,15,68,47.0
2024-02-04T21:49:24Z,39987,13,72,80.0
2024-02-05T03:47:45Z,40059,12,74,8.0
2024-02-05T09:46:09Z,40131,12,75,8.0
2024-02-05T15:44:35Z,40203,12,76,11.0
2024-02-05T21:42:56Z,40275,12,78,13.0
2024-02-06T03:41:22Z,40347,11,78,7.0
2024-02-06T09:39:43Z,40419,10,77,9.0
2024-02-06T10:39:15Z,40431,10,76,7.0
2024-02-06T16:37:36Z,40503,10,73,80.0
2024-02-06T17:37:09Z,40515,10,73,8.0
2024-02-06T23:35:28Z,40587,9,75,80.0
2024-02-07T05:33:49Z,40659,8,75,8.0
2024-02-07T11:32:12Z,40731,8,76,7.0
2024-02-07T12:31:47Z,40743,9,75,8.0
2024-02-07T18:30:06Z,40815,10,72,85.0
2024-02-08T00:28:30Z,40887,8,74,8.0
2024-02-08T06:26:52Z,40959,7,75,8.0
2024-02-08T07:26:23Z,40971,7,75,7.0
2024-02-08T08:25:52Z,40983,8,74,51.0
2024-02-08T09:25:23Z,40995,9,73,47.0
2024-02-08T10:24:53Z,41007,10,72,43.0
2024-02-08T11:24:25Z,41019,11,72,43.0
2024-02-08T12:23:55Z,41031,11,71,55.0
2024-02-08T13:23:24Z,41043,12,70,47.0
2024-02-08T14:22:55Z,41055,12,69,45.0
2024-02-08T15:22:25Z,41067,13,68,51.0
2024-02-08T16:21:54Z,41079,13,69,55.0
2024-02-08T17:21:24Z,41091,14,68,43.0
2024-02-08T18:20:55Z,41103,14,67,43.0
2024-02-09T00:19:17Z,41175,12,65,51.0
2024-02-09T06:17:39Z,41247,10,66,7.0
2024-02-09T07:17:08Z,41259,10,66,7.0
2024-02-09T08:16:36Z,41271,9,67,47.0
2024-02-09T09:16:07Z,41283,9,67,43.0
2024-02-09T10:15:36Z,41295,9,67,55.0
2024-02-09T11:15:05Z,41307,9,68,47.0
2024-02-09T12:14:38Z,41319,9,68,47.0
2024-02-09T18:12:58Z,41391,8,70,80.0
2024-02-10T00:11:24Z,41463,8,71,7.0
2024-02-10T06:09:44Z,41535,7,72,13.0
2024-02-10T07:09:12Z,41547,7,72,8.0
2024-02-10T08:08:41Z,41559,7,72,43.0
2024-02-10T09:08:11Z,41571,7,73,47.0
2024-02-10T10:07:45Z,41583,7,73,43.0
2024-02-10T16:06:05Z,41655,8,73,76.0
2024-02-10T17:05:34Z,41667,8,73,7.0
2024-02-10T18:05:08Z,41679,8,73,43.0
2024-02-11T00:03:29Z,41751,10,74,80.0
2024-02-11T06:01:57Z,41823,13,71,8.0
2024-02-11T07:01:26Z,41835,14,71,9.0
2024-02-11T08:00:56Z,41847,14,70,43.0
2024-02-11T09:00:25Z,41859,14,70,51.0
2024-02-11T10:00:00Z,41871,15,71,43.0
2024-02-11T15:58:23Z,41943,16,70,80.0
2024-02-11T16:57:52Z,41955,16,70,8.0
2024-02-11T17:57:23Z,41967,16,70,43.0
2024-02-11T23:55:43Z,42039,13,69,51.0
2024-02-12T05:54:06Z,42111,10,70,7.0
2024-02-12T11:52:28Z,42183,10,70,7.0
2024-02-12T12:51:58Z,42195,10,70,8.0
2024-02-12T13:51:27Z,42207,10,70,43.0
2024-02-12T14:50:58Z,42219,11,70,44.0
2024-02-12T15:50:27Z,42231,11,71,43.0
2024-02-12T16:49:56Z,42243,11,71,43.0
2024-02-12T17:49:26Z,42255,11,71,43.0
2024-02-12T18:48:56Z,42267,11,70,55.0
2024-02-13T00:47:19Z,42339,9,70,51.0
2024-02-13T06:45:41Z,42411,8,71,12.0
2024-02-13T07:45:09Z,42423,8,71,9.0
2024-02-13T08:44:39Z,42435,8,71,43.0
2024-02-13T09:44:06Z,42447,8,71,55.0
2024-02-13T10:43:35Z,42459,8,71,43.0
2024-02-13T11:43:05Z,42471,8,71,43.0
2024-02-13T12:42:35Z,42483,9,71,51.0
2024-02-13T13:42:04Z,42495,9,71,51.0
2024-02-13T14:41:34Z,42507,10,71,43.0
2024-02-13T15:41:04Z,42519,10,72,51.0
2024-02-13T16:40:33Z,42531,10,72,43.0
2024-02-13T17:40:03Z,42543,10,72,43.0
2024-02-13T18:39:33Z,42555,10,72,43.0
2024-02-14T00:37:54Z,42627,9,72,43.0
2024-02-14T06:36:15Z,42699,9,72,7.0
2024-02-14T07:35:44Z,42711,10,72,7.0
2024-02-14T08:35:16Z,42723,11,72,30.0
2024-02-14T09:34:46Z,42735,11,72,43.0
2024-02-14T10:34:16Z,42747,12,72,51.0
2024-02-14T11:33:47Z,42759,13,72,43.0
2024-02-14T12:33:16Z,42771,13,72,43.0
2024-02-14T13:32:50Z,42783,14,72,43.0
2024-02-14T19:31:13Z,42855,16,71,76.0
2024-02-15T01:29:35Z,42927,13,70,8.0
2024-02-15T07:27:58Z,42999,12,71,7.0
2024-02-15T08:27:29Z,43011,13,71,7.0
2024-02-15T09:26:59Z,43023,13,71,51.0
2024-02-15T10:26:28Z,43035,14,71,55.0
2024-02-15T11:25:58Z,43047,15,71,43.0
2024-02-15T12:25:28Z,43059,15,71,47.0
2024-02-15T13:24:59Z,43071,15,71,51.0
2024-02-15T14:24:33Z,43083,16,71,51.0
2024-02-15T20:22:55Z,43155,16,71,84.0
2024-02-16T02:21:16Z,43227,15,71,7.0
2024-02-16T08:19:39Z,43299,13,71,7.0
2024-02-16T09:19:07Z,43311,13,71,8.0
2024-02-16T10:18:37Z,43323,13,71,43.0
2024-02-16T11:18:10Z,43335,13,71,55.0
2024-02-16T17:16:32Z,43407,13,72,76.0
2024-02-16T18:16:01Z,43419,13,72,8.0
2024-02-17T00:14:26Z,43491,13,72,43.0
2024-02-17T06:12:51Z,43563,12,72,8.0
2024-02-17T07:12:28Z,43575,12,72,9.0
2024-02-17T13:10:47Z,43647,12,74,105.0
2024-02-17T14:10:20Z,43659,12,74,8.0
2024-02-17T20:08:43Z,43731,12,74,80.0
2024-02-18T02:07:11Z,43803,15,73,7.0
2024-02-18T08:05:35Z,43875,16,70,8.0
2024-02-18T09:05:04Z,43887,16,70,8.0
2024-02-18T10:04:35Z,43899,16,70,47.0
2024-02-18T11:04:05Z,43911,18,69,47.0
2024-02-18T12:03:35Z,43923,17,68,47.0
2024-02-18T13:03:03Z,43935,17,68,47.0
2024-02-18T14:02:35Z,43947,17,68,38.0
2024-02-18T15:02:07Z,43959,17,68,55.0
2024-02-18T21:00:29Z,44031,15,70,80.0
2024-02-19T02:58:56Z,44103,13,71,9.0
2024-02-19T08:57:16Z,44175,12,72,13.0
2024-02-19T09:56:45Z,44187,12,73,8.0
2024-02-19T10:56:15Z,44199,12,73,47.0
2024-02-19T11:55:43Z,44211,12,73,55.0
2024-02-19T12:55:17Z,44223,12,73,47.0
2024-02-19T18:53:37Z,44295,12,72,80.0
2024-02-20T00:52:01Z,44367,12,73,8.0
2024-02-20T06:50:24Z,44439,11,74,8.0
2024-02-20T07:49:53Z,44451,11,74,8.0
2024-02-20T08:49:25Z,44463,11,74,43.0
2024-02-20T14:47:48Z,44535,13,74,63.0
2024-02-20T15:47:18Z,44547,14,74,8.0
2024-02-20T16:46:48Z,44559,14,73,47.0
2024-02-20T17:46:16Z,44571,13,73,51.0
2024-02-20T18:45:54Z,44583,13,73,47.0
2024-02-21T00:44:13Z,44655,12,73,113.0
2024-02-21T06:42:36Z,44727,11,73,8.0
2024-02-21T12:40:59Z,44799,11,76,9.0
2024-02-21T18:39:22Z,44871,12,73,9.0
2024-02-22T00:37:47Z,44943,11,74,8.0
2024-02-22T06:36:11Z,45015,10,75,8.0
2024-02-22T07:35:43Z,45027,10,75,8.0
2024-02-22T13:34:11Z,45099,15,70,80.0
2024-02-22T14:33:40Z,45111,15,69,8.0
2024-02-22T15:33:12Z,45123,16,67,47.0
2024-02-22T16:32:40Z,45135,16,67,55.0
2024-02-22T17:32:09Z,45147,16,65,47.0
2024-02-22T18:31:43Z,45159,16,65,38.0
2024-02-23T00:30:03Z,45231,15,65,80.0
2024-02-23T06:28:23Z,45303,12,67,8.0
2024-02-23T07:27:54Z,45315,12,68,5.0
2024-02-23T08:27:24Z,45327,12,68,47.0
2024-02-23T09:26:55Z,45339,11,68,47.0
2024-02-23T10:26:28Z,45351,11,68,55.0
2024-02-23T16:24:49Z,45423,12,69,80.0
2024-02-23T17:24:18Z,45435,12,69,8.0
2024-02-23T18:23:47Z,45447,11,69,47.0
2024-02-24T00:22:10Z,45519,10,70,47.0
2024-02-24T06:20:30Z,45591,9,71,8.0
2024-02-24T07:20:00Z,45603,9,72,8.0
2024-02-24T08:19:30Z,45615,9,72,55.0
2024-02-24T09:19:01Z,45627,8,72,47.0
2024-02-24T10:18:32Z,45639,8,72,51.0
2024-02-24T16:17:00Z,45711,10,72,73.0
2024-02-24T22:15:21Z,45783,10,73,15.0
2024-02-25T04:13:49Z,45855,14,67,9.0
2024-02-25T10:12:14Z,45927,16,65,13.0
2024-02-25T11:11:43Z,45939,17,64,9.0
2024-02-25T12:11:13Z,45951,16,63,47.0
2024-02-25T13:10:41Z,45963,16,64,47.0
2024-02-25T14:10:11Z,45975,16,63,47.0
2024-02-25T15:09:40Z,45987,16,64,47.0
2024-02-25T16:09:10Z,45999,16,63,47.0
2024-02-25T17:08:39Z,46011,16,63,47.0
2024-02-25T18:08:12Z,46023,15,64,47.0
2024-02-26T00:06:32Z,46095,13,66,76.0
2024-02-26T06:04:55Z,46167,11,67,8.0
2024-02-26T07:04:25Z,46179,11,68,8.0
2024-02-26T08:03:51Z,46191,10,68,55.0
2024-02-26T09:03:22Z,46203,10,68,30.0
2024-02-26T10:02:51Z,46215,10,69,47.0
2024-02-26T11:02:20Z,46227,10,69,47.0
2024-02-26T12:01:49Z,46239,10,69,47.0
2024-02-26T13:01:17Z,46251,11,69,47.0
2024-02-26T14:00:49Z,46263,11,69,30.0
2024-02-26T15:00:22Z,46275,11,68,55.0
2024-02-26T20:58:43Z,46347,11,67,80.0
2024-02-27T02:57:06Z,46419,10,68,9.0
2024-02-27T08:55:32Z,46491,9,69,8.0
2024-02-27T09:55:02Z,46503,9,69,8.0
2024-02-27T10:54:31Z,46515,9,70,55.0
2024-02-27T11:53:59Z,46527,9,70,55.0
2024-02-27T12:53:38Z,46539,10,71,38.0
2024-02-27T18:51:59Z,46611,10,70,113.0
2024-02-28T00:50:23Z,46683,9,72,7.0
2024-02-28T06:48:46Z,46755,9,72,8.0
2024-02-28T07:48:14Z,46767,9,72,7.0
2024-02-28T08:47:45Z,46779,9,72,38.0
2024-02-28T09:47:14Z,46791,9,72,47.0
2024-02-28T10:46:44Z,46803,9,72,47.0
2024-02-28T11:46:13Z,46815,9,72,43.0
2024-02-28T12:45:43Z,46827,9,72,43.0
2024-02-28T13:45:12Z,46839,10,73,51.0
2024-02-28T20:43:19Z,46911,11,73,171.0
2024-02-29T02:41:44Z,46983,10,73,8.0
2024-02-29T08:40:05Z,47055,11,73,9.0
2024-02-29T09:39:36Z,47067,12,72,8.0
2024-02-29T10:39:11Z,47079,13,71,47.0
2024-02-29T16:37:36Z,47151,16,65,88.0
2024-02-29T17:37:07Z,47163,16,65,7.0
2024-02-29T18:36:36Z,47175,16,64,55.0
2024-03-01T00:35:01Z,47247,14,63,47.0
2024-03-01T06:33:23Z,47319,12,65,8.0
2024-03-01T07:32:52Z,47331,11,66,8.0
2024-03-01T08:32:22Z,47343,11,66,47.0
2024-03-01T09:31:51Z,47355,11,66,55.0
2024-03-01T10:31:20Z,47367,11,67,43.0
2024-03-01T11:30:49Z,47379,11,67,47.0
2024-03-01T12:30:20Z,47391,11,67,47.0
2024-03-01T13:29:49Z,47403,11,68,55.0
2024-03-01T14:29:20Z,47415,11,68,47.0
2024-03-01T15:28:49Z,47427,11,68,47.0
2024-03-01T16:28:23Z,47439,11,68,47.0
2024-03-01T22:26:45Z,47511,10,69,80.0
2024-03-02T04:25:08Z,47583,9,70,8.0
2024-03-02T10:23:31Z,47655,9,71,9.0
2024-03-02T11:23:00Z,47667,9,71,8.0
2024-03-02T12:22:30Z,47679,9,71,47.0
2024-03-02T13:21:59Z,47691,9,71,47.0
2024-03-02T14:21:32Z,47703,9,71,43.0
2024-03-02T20:19:52Z,47775,9,71,80.0
2024-03-03T02:18:24Z,47847,13,69,7.0
2024-03-03T08:16:53Z,47919,15,64,13.0
2024-03-03T14:15:18Z,47991,16,63,13.0
2024-03-03T15:14:46Z,48003,15,63,9.0
2024-03-03T16:14:16Z,48015,15,64,43.0
2024-03-03T17:13:46Z,48027,14,64,47.0
2024-03-03T18:13:19Z,48039,14,64,47.0
2024-03-04T00:11:41Z,48111,12,67,85.0
2024-03-04T06:10:03Z,48183,10,68,7.0
2024-03-04T07:09:37Z,48195,10,69,7.0
2024-03-04T13:08:01Z,48267,11,68,84.0
2024-03-04T14:07:30Z,48279,11,68,8.0
2024-03-04T15:07:00Z,48291,11,68,47.0
2024-03-04T16:06:32Z,48303,12,67,43.0
2024-03-04T17:06:03Z,48315,12,66,47.0
2024-03-04T18:05:36Z,48327,12,66,55.0
2024-03-05T00:03:57Z,48399,10,67,80.0
2024-03-05T06:02:21Z,48471,10,68,7.0
2024-03-05T07:01:52Z,48483,10,68,7.0
2024-03-05T08:01:21Z,48495,10,68,55.0
2024-03-05T14:59:24Z,48567,11,69,171.0
2024-03-05T15:58:52Z,48579,11,69,9.0
2024-03-05T16:58:26Z,48591,11,69,43.0
2024-03-05T22:56:52Z,48663,11,69,76.0
2024-03-06T04:55:11Z,48735,10,70,13.0
2024-03-06T10:53:35Z,48807,9,72,8.0
2024-03-06T11:53:05Z,48819,10,72,7.0
2024-03-06T12:52:35Z,48831,10,72,43.0
2024-03-06T13:52:04Z,48843,10,72,43.0
2024-03-06T14:51:39Z,48855,10,72,47.0
2024-03-06T20:50:01Z,48927,10,72,88.0
2024-03-07T08:47:01Z,48999,11,72,27.0
2024-03-07T09:46:30Z,49011,12,72,8.0
2024-03-07T10:46:01Z,49023,12,71,43.0
2024-03-07T11:45:32Z,49035,13,70,43.0
2024-03-07T12:45:07Z,49047,14,68,43.0
2024-03-07T18:43:32Z,49119,16,65,80.0
2024-03-08T00:41:55Z,49191,14,65,8.0
2024-03-08T06:40:14Z,49263,12,67,8.0
2024-03-08T07:39:44Z,49275,12,68,7.0
2024-03-08T08:39:14Z,49287,11,68,47.0
2024-03-08T09:38:42Z,49299,11,68,47.0
2024-03-08T10:38:12Z,49311,11,68,43.0
2024-03-08T11:37:46Z,49323,11,68,43.0
2024-03-08T17:36:07Z,49395,10,67,85.0
2024-03-08T18:35:36Z,49407,10,67,7.0
2024-03-09T00:34:02Z,49479,10,68,51.0
2024-03-09T06:32:25Z,49551,9,69,9.0
2024-03-09T07:31:54Z,49563,9,69,8.0
2024-03-09T08:31:25Z,49575,9,69,43.0
2024-03-09T09:30:52Z,49587,9,69,55.0
2024-03-09T10:30:23Z,49599,9,69,27.0
2024-03-09T11:29:51Z,49611,9,70,47.0
2024-03-09T12:29:23Z,49623,9,70,27.0
2024-03-09T13:28:52Z,49635,9,70,43.0
2024-03-09T14:28:22Z,49647,9,70,47.0
2024-03-09T15:27:51Z,49659,9,70,43.0
2024-03-09T16:27:25Z,49671,9,70,47.0
2024-03-09T22:25:47Z,49743,10,71,84.0
2024-03-10T04:24:15Z,49815,14,66,8.0
2024-03-10T10:22:42Z,49887,16,65,7.0
2024-03-10T11:22:16Z,49899,16,61,8.0
2024-03-10T17:20:40Z,49971,16,64,76.0
2024-03-10T18:20:08Z,49983,15,64,9.0
2024-03-11T00:18:30Z,50055,13,66,43.0
2024-03-11T06:16:51Z,50127,11,68,9.0
2024-03-11T07:16:24Z,50139,11,69,7.0
2024-03-11T13:14:48Z,50211,11,70,85.0
2024-03-11T19:13:10Z,50283,10,71,13.0
2024-03-12T01:11:33Z,50355,10,72,8.0
2024-03-12T07:09:54Z,50427,9,72,7.0
2024-03-12T08:09:24Z,50439,9,72,7.0
2024-03-12T09:08:56Z,50451,9,72,51.0
2024-03-12T15:07:18Z,50523,10,72,76.0
2024-03-12T16:06:48Z,50535,10,72,8.0
2024-03-12T17:06:18Z,50547,10,72,47.0
2024-03-12T18:05:48Z,50559,10,72,43.0
2024-03-13T00:04:14Z,50631,10,73,47.0
2024-03-13T06:02:42Z,50703,10,75,7.0
2024-03-13T12:01:04Z,50775,11,77,13.0
2024-03-13T13:00:33Z,50787,11,77,9.0
2024-03-13T14:00:02Z,50799,11,77,47.0
2024-03-13T14:59:32Z,50811,11,76,47.0
2024-03-13T15:59:01Z,50823,11,76,51.0
2024-03-13T16:58:31Z,50835,11,76,43.0
2024-03-13T17:58:01Z,50847,11,75,47.0
2024-03-13T23:56:24Z,50919,10,75,51.0
2024-03-14T05:54:45Z,50991,9,75,7.0
2024-03-14T11:53:13Z,51063,13,72,7.0
2024-03-14T12:52:43Z,51075,14,71,8.0
2024-03-14T13:52:14Z,51087,14,71,38.0
2024-03-14T14:51:45Z,51099,15,70,47.0
2024-03-14T15:51:16Z,51111,15,69,43.0
2024-03-14T16:50:46Z,51123,16,69,47.0
2024-03-14T17:50:16Z,51135,16,69,43.0
2024-03-14T18:49:46Z,51147,16,68,43.0
2024-03-15T00:48:08Z,51219,14,70,43.0
2024-03-15T06:46:34Z,51291,12,72,8.0
2024-03-15T12:44:58Z,51363,12,73,9.0
2024-03-15T18:43:21Z,51435,12,73,11.0
2024-03-16T00:41:43Z,51507,10,75,8.0
2024-03-16T06:40:13Z,51579,9,76,8.0
2024-03-16T12:38:35Z,51651,10,76,15.0
2024-03-16T13:38:05Z,51663,11,76,8.0
2024-03-16T14:37:34Z,51675,11,75,51.0
2024-03-16T15:37:05Z,51687,11,75,47.0
2024-03-16T16:36:38Z,51699,12,74,55.0
2024-03-16T22:35:00Z,51771,12,73,80.0
2024-03-17T04:33:26Z,51843,15,69,7.0
2024-03-18T10:26:11Z,51915,13,73,31.0
2024-03-18T11:25:41Z,51927,13,73,7.0
2024-03-18T12:25:10Z,51939,13,73,47.0
2024-03-18T13:24:40Z,51951,13,73,43.0
2024-03-18T14:24:14Z,51963,14,73,47.0
2024-03-18T20:22:36Z,52035,13,72,80.0
2024-03-19T02:21:00Z,52107,13,73,7.0
2024-03-19T08:19:24Z,52179,12,73,8.0
2024-03-19T09:18:53Z,52191,12,74,8.0
2024-03-19T10:18:23Z,52203,12,74,47.0
2024-03-19T11:17:52Z,52215,13,74,47.0
2024-03-19T12:17:22Z,52227,13,74,47.0
2024-03-19T13:16:55Z,52239,13,73,51.0
2024-03-19T19:15:18Z,52311,13,72,76.0
2024-03-20T01:13:42Z,52383,12,73,8.0
2024-03-20T07:12:03Z,52455,12,74,7.0
2024-03-20T08:11:31Z,52467,12,74,7.0
2024-03-20T09:11:00Z,52479,12,75,47.0
2024-03-20T10:10:31Z,52491,12,75,43.0
2024-03-20T11:10:00Z,52503,12,75,47.0
2024-03-20T12:09:30Z,52515,12,74,47.0
2024-03-20T13:08:59Z,52527,12,74,47.0
2024-03-20T14:08:28Z,52539,12,74,43.0
2024-03-20T15:07:59Z,52551,12,74,47.0
2024-03-20T16:07:34Z,52563,12,74,47.0
2024-03-20T22:05:53Z,52635,11,75,88.0
2024-03-21T04:04:22Z,52707,10,76,7.0
2024-03-21T10:02:45Z,52779,13,73,13.0
2024-03-21T11:02:16Z,52791,14,72,7.0
2024-03-21T18:00:45Z,52863,16,68,400.0
2024-03-21T23:59:12Z,52935,15,66,7.0
2024-03-22T05:57:36Z,53007,13,67,7.0
2024-03-22T11:56:04Z,53079,16,64,7.0
2024-03-22T12:55:35Z,53091,16,63,9.0
2024-03-22T13:55:05Z,53103,16,62,55.0
2024-03-22T14:54:40Z,53115,17,61,43.0
2024-03-22T20:53:06Z,53187,17,58,84.0
2024-03-23T02:51:27Z,53259,13,61,13.0
2024-03-23T08:49:49Z,53331,11,62,8.0
2024-03-23T09:49:19Z,53343,11,63,7.0
2024-03-23T10:48:47Z,53355,11,64,51.0
2024-03-23T11:48:18Z,53367,12,64,43.0
2024-03-23T12:47:48Z,53379,12,65,47.0
2024-03-23T13:47:21Z,53391,12,65,47.0
2024-03-23T19:45:43Z,53463,12,64,76.0
2024-03-24T01:44:14Z,53535,15,61,8.0
2024-03-24T07:42:39Z,53607,16,58,7.0
2024-03-24T08:42:08Z,53619,16,58,9.0
2024-03-24T09:41:38Z,53631,16,53,43.0
2024-03-24T10:41:09Z,53643,17,56,47.0
2024-03-24T11:40:39Z,53655,18,55,55.0
2024-03-24T12:40:08Z,53667,17,56,43.0
2024-03-24T13:39:38Z,53679,17,57,47.0
2024-03-24T14:39:07Z,53691,17,58,47.0
2024-03-24T15:38:37Z,53703,16,58,43.0
2024-03-24T16:38:07Z,53715,16,58,43.0
2024-03-24T17:37:36Z,53727,16,58,47.0
2024-03-24T18:37:09Z,53739,16,59,43.0
2024-03-25T00:35:30Z,53811,14,61,72.0
2024-03-25T06:33:52Z,53883,12,64,8.0
2024-03-25T07:33:21Z,53895,12,64,8.0
2024-03-25T08:32:51Z,53907,12,64,47.0
2024-03-25T09:32:25Z,53919,12,65,47.0
2024-03-25T15:30:47Z,53991,11,66,80.0
2024-03-25T16:30:16Z,54003,11,66,7.0
2024-03-25T17:29:47Z,54015,11,66,43.0
2024-03-25T18:29:20Z,54027,11,67,55.0
2024-03-26T00:27:47Z,54099,10,68,76.0
2024-03-26T06:26:14Z,54171,10,69,13.0
2024-03-26T12:24:35Z,54243,10,69,13.0
2024-03-26T13:24:04Z,54255,10,69,8.0
2024-03-26T14:23:35Z,54267,10,69,47.0
2024-03-26T15:23:02Z,54279,10,69,43.0
2024-03-26T16:22:36Z,54291,10,69,30.0
2024-03-26T17:22:06Z,54303,10,69,55.0
2024-03-26T18:21:35Z,54315,10,69,55.0
2024-03-27T00:20:00Z,54387,9,70,47.0
2024-03-27T06:18:24Z,54459,9,70,9.0
2024-03-27T07:17:54Z,54471,9,71,7.0
2024-03-27T08:17:24Z,54483,8,71,47.0
2024-03-27T09:16:54Z,54495,8,71,43.0
2024-03-27T10:16:24Z,54507,8,71,47.0
2024-03-27T11:15:52Z,54519,8,71,51.0
2024-03-27T12:15:22Z,54531,9,71,43.0
2024-03-27T13:14:52Z,54543,9,72,47.0
2024-03-27T14:14:22Z,54555,9,72,43.0
2024-03-27T15:13:52Z,54567,9,72,43.0
2024-03-27T16:13:23Z,54579,9,71,43.0
2024-03-27T17:12:55Z,54591,10,71,43.0
2024-03-27T18:12:25Z,54603,10,71,51.0
2024-03-28T00:10:48Z,54675,9,72,47.0
2024-03-28T06:09:13Z,54747,8,73,4.0
2024-03-28T07:08:43Z,54759,8,73,7.0
2024-03-28T08:08:13Z,54771,9,73,51.0
2024-03-28T09:07:44Z,54783,10,72,43.0
2024-03-28T10:07:17Z,54795,11,70,43.0
2024-03-28T16:05:50Z,54867,15,65,59.0
2024-03-28T22:04:16Z,54939,15,64,13.0
2024-03-29T04:02:42Z,55011,15,66,9.0
2024-03-29T10:01:08Z,55083,16,63,11.0
2024-03-29T11:00:38Z,55095,16,63,8.0
2024-03-29T12:00:08Z,55107,16,63,51.0
2024-03-29T12:59:42Z,55119,17,62,55.0
2024-03-29T18:58:07Z,55191,18,61,80.0
2024-03-30T00:56:30Z,55263,15,64,9.0
2024-03-30T06:54:55Z,55335,13,66,7.0
2024-03-30T12:53:26Z,55407,17,63,13.0
2024-03-30T18:51:50Z,55479,18,61,13.0
2024-03-31T00:50:13Z,55551,16,61,8.0
2024-03-31T06:48:39Z,55623,16,61,7.0
2024-03-31T13:46:46Z,55695,18,61,179.0
2024-03-31T14:46:20Z,55707,18,60,7.0
2024-03-31T20:44:41Z,55779,17,62,76.0
2024-04-01T02:43:04Z,55851,15,64,8.0
2024-04-01T08:41:29Z,55923,14,66,8.0
2024-04-01T09:40:56Z,55935,13,66,8.0
2024-04-01T10:40:26Z,55947,13,66,43.0
2024-04-01T11:39:59Z,55959,13,66,47.0
2024-04-01T17:38:22Z,56031,12,67,80.0
2024-04-01T23:36:48Z,56103,12,69,8.0
2024-04-02T05:35:13Z,56175,11,70,8.0
2024-04-02T06:34:45Z,56187,11,70,9.0
2024-04-02T12:33:09Z,56259,11,71,72.0
2024-04-02T13:32:39Z,56271,11,70,8.0
2024-04-02T14:32:07Z,56283,11,71,51.0
2024-04-02T15:31:36Z,56295,11,71,43.0
2024-04-02T16:31:11Z,56307,11,71,43.0
2024-04-02T22:29:35Z,56379,11,72,80.0
2024-04-03T04:27:59Z,56451,11,72,7.0
2024-04-03T10:26:27Z,56523,11,73,8.0
2024-04-03T16:24:50Z,56595,11,73,14.0
2024-04-03T17:24:23Z,56607,11,73,8.0
2024-04-03T23:22:45Z,56679,10,74,80.0
2024-04-04T05:21:12Z,56751,9,74,8.0
2024-04-04T11:19:41Z,56823,14,68,13.0
2024-04-04T17:18:11Z,56895,16,64,11.0
2024-04-04T23:16:34Z,56967,15,64,8.0
2024-04-05T05:14:57Z,57039,12,66,7.0
2024-04-05T11:13:21Z,57111,11,69,8.0
2024-04-05T12:12:49Z,57123,11,69,8.0
2024-04-05T13:12:19Z,57135,11,69,43.0
